$date
	Wed Oct  1 01:25:42 2025
$end
$version
	Icarus Verilog
$end
$timescale
	1ps
$end
$scope module alu_tb $end
$var wire 1 ! zero_flag $end
$var wire 32 " alu_result [31:0] $end
$var parameter 4 # ALU_ADD $end
$var parameter 4 $ ALU_AND $end
$var parameter 4 % ALU_OR $end
$var parameter 4 & ALU_SLL $end
$var parameter 4 ' ALU_SLT $end
$var parameter 4 ( ALU_SLTU $end
$var parameter 4 ) ALU_SRA $end
$var parameter 4 * ALU_SRL $end
$var parameter 4 + ALU_SUB $end
$var parameter 4 , ALU_XOR $end
$var parameter 32 - CLOCK_PERIOD $end
$var parameter 32 . NUM_RANDOM_TESTS $end
$var parameter 32 / VERBOSE_MODE $end
$var reg 4 0 alu_control [3:0] $end
$var reg 1 1 clk $end
$var reg 32 2 operand1 [31:0] $end
$var reg 32 3 operand2 [31:0] $end
$var integer 32 4 fail_count [31:0] $end
$var integer 32 5 pass_count [31:0] $end
$var integer 32 6 test_count [31:0] $end
$scope module dut $end
$var wire 4 7 alu_control [3:0] $end
$var wire 32 8 operand1 [31:0] $end
$var wire 32 9 operand2 [31:0] $end
$var wire 32 : signed_op1 [31:0] $end
$var wire 32 ; signed_op2 [31:0] $end
$var wire 1 ! zero_flag $end
$var wire 5 < shift_amount [4:0] $end
$var reg 32 = alu_result [31:0] $end
$upscope $end
$scope task display_test_summary $end
$var real 1 > pass_rate $end
$upscope $end
$scope task run_basic_arithmetic_tests $end
$upscope $end
$scope task run_comparison_tests $end
$upscope $end
$scope task run_corner_case_tests $end
$upscope $end
$scope task run_logic_operation_tests $end
$upscope $end
$scope task run_randomized_tests $end
$var reg 4 ? rand_ctrl [3:0] $end
$var reg 32 @ rand_op1 [31:0] $end
$var reg 32 A rand_op2 [31:0] $end
$var integer 32 B i [31:0] $end
$upscope $end
$scope task run_shift_operation_tests $end
$upscope $end
$scope task run_zero_flag_tests $end
$upscope $end
$scope task test_alu_operation $end
$var reg 32 C expected_result [31:0] $end
$var reg 32 D op1 [31:0] $end
$var reg 32 E op2 [31:0] $end
$var reg 4 F op_code [3:0] $end
$var reg 1600 G test_name [1600:1] $end
$upscope $end
$scope task test_zero_flag $end
$var reg 1 H expected_zero_flag $end
$var reg 32 I op1 [31:0] $end
$var reg 32 J op2 [31:0] $end
$var reg 4 K op_code [3:0] $end
$var reg 1600 L test_name [1600:1] $end
$upscope $end
$upscope $end
$enddefinitions $end
$comment Show the parameter values. $end
$dumpall
b1 /
b1111101000 .
b1010 -
b100 ,
b1 +
b1000 *
b1001 )
b110 (
b101 '
b111 &
b11 %
b10 $
b0 #
$end
#0
$dumpvars
bx L
bx K
bx J
bx I
xH
bx G
bx F
bx E
bx D
bx C
bx B
bx A
bx @
bx ?
r0 >
b0 =
b0 <
b0 ;
b0 :
b0 9
b0 8
b0 7
b0 6
b0 5
b0 4
b0 3
b0 2
01
b0 0
b0 "
1!
$end
#5000
11
#10000
01
#15000
11
#20000
b1 <
0!
b10011001100110011001100110011001 "
b10011001100110011001100110011001 =
01
b10000111011001010100001100100001 ;
b10000111011001010100001100100001 3
b10000111011001010100001100100001 9
b10010001101000101011001111000 :
b10010001101000101011001111000 2
b10010001101000101011001111000 8
b1 6
b1000001010001000100010000111010001000000100111001101111011100100110110101100001011011000010000001100011011000010111001101100101 G
b10011001100110011001100110011001 C
b10000111011001010100001100100001 E
b10010001101000101011001111000 D
b0 F
#21000
b11000 <
b10010001101000101011001111000 "
b10010001101000101011001111000 =
b10010001101000101011001111000 ;
b10010001101000101011001111000 3
b10010001101000101011001111000 9
b0 :
b0 2
b0 8
b10 6
b100000101000100010001000011101000100000010110100110010101110010011011110010000000101011001000000111011001100001011011000111010101100101 G
b10010001101000101011001111000 C
b10010001101000101011001111000 E
b0 D
b1 5
#22000
b1 <
1!
b0 "
b0 =
b1 ;
b1 3
b1 9
b11111111111111111111111111111111 :
b11111111111111111111111111111111 2
b11111111111111111111111111111111 8
b11 6
b10000010100010001000100001110100010000001001111011101100110010101110010011001100110110001101111011101110010000001110111011100100110000101110000 G
b0 C
b1 E
b11111111111111111111111111111111 D
b10 5
#23000
0!
b10000000000000000000000000000000 "
b10000000000000000000000000000000 =
b1111111111111111111111111111111 :
b1111111111111111111111111111111 2
b1111111111111111111111111111111 8
b100 6
b1000001010001000100010000111010001000000101000001101111011100110110100101110100011010010111011001100101001000000110111101110110011001010111001001100110011011000110111101110111 G
b10000000000000000000000000000000 C
b1111111111111111111111111111111 D
b11 5
#24000
b11000 <
b1110101001100001110110010101001 "
b1110101001100001110110010101001 =
b10010001101000101011001111000 ;
b10010001101000101011001111000 3
b10010001101000101011001111000 9
b10000111011001010100001100100001 :
b10000111011001010100001100100001 2
b10000111011001010100001100100001 8
b1 0
b1 7
b101 6
b1010011010101010100001000111010001000000100111001101111011100100110110101100001011011000010000001100011011000010111001101100101 G
b1110101000111111101101100001001 C
b10010001101000101011001111000 E
b10000111011001010100001100100001 D
b1 F
b100 5
#25000
1!
b0 "
b0 =
b10010001101000101011001111000 :
b10010001101000101011001111000 2
b10010001101000101011001111000 8
b110 6
b10100110101010101000010001110100010000001010011011000010110110101100101001000000110111101110000011001010111001001100001011011100110010001110011 G
b0 C
b10010001101000101011001111000 D
b1 4
11
#26000
0!
b11101101110010111010100110001000 "
b11101101110010111010100110001000 =
b0 :
b0 2
b0 8
b111 6
b101001101010101010000100011101000100000010110100110010101110010011011110010000000101101001000000111011001100001011011000111010101100101 G
b11101101110010111010100110001000 C
b0 D
b101 5
#27000
b1 <
b1111111111111111111111111111111 "
b1111111111111111111111111111111 =
b1 ;
b1 3
b1 9
b10000000000000000000000000000000 :
b10000000000000000000000000000000 2
b10000000000000000000000000000000 8
b1000 6
b1010011010101010100001000111010001000000101010101101110011001000110010101110010011001100110110001101111011101110010000001110111011100100110000101110000 G
b1111111111111111111111111111111 C
b1 E
b10000000000000000000000000000000 D
b110 5
#28000
b11000 <
b10010001101000101011001111000 "
b10010001101000101011001111000 =
b10010001101000101011001111000 ;
b10010001101000101011001111000 3
b10010001101000101011001111000 9
b11111111111111111111111111111111 :
b11111111111111111111111111111111 2
b11111111111111111111111111111111 8
b10 0
b10 7
b1001 6
b1000001010011100100010000111010001000000100000101101100011011000010000000110001011100110010000000100110001000000111011001100001011011000111010101100101 G
b10010001101000101011001111000 C
b10010001101000101011001111000 E
b11111111111111111111111111111111 D
b10 F
b111 5
#29000
1!
b0 "
b0 =
b0 :
b0 2
b0 8
b1010 6
b1000001010011100100010000111010001000000100000101101100011011000010000000110000011100110010000000100110001000000111011001100001011011000111010101100101 G
b0 C
b0 D
b1000 5
#30000
b10101 <
b1010101010101010101010101010101 ;
b1010101010101010101010101010101 3
b1010101010101010101010101010101 9
b10101010101010101010101010101010 :
b10101010101010101010101010101010 2
b10101010101010101010101010101010 8
b1011 6
b10000010100111001000100001110100010000001000001011011000111010001100101011100100110111001100001011101000110100101101110011001110010000001100010011010010111010001110011 G
b1010101010101010101010101010101 E
b10101010101010101010101010101010 D
b1001 5
01
#31000
b1111 <
b1111000011110000111100001111 ;
b1111000011110000111100001111 3
b1111000011110000111100001111 9
b11110000111100001111000011110000 :
b11110000111100001111000011110000 2
b11110000111100001111000011110000 8
b1100 6
b10000010100111001000100001110100010000001000011011011110110110101110000011011000110010101101101011001010110111001110100001000000110110101100001011100110110101101110011 G
b1111000011110000111100001111 E
b11110000111100001111000011110000 D
b1010 5
#32000
b11000 <
0!
b10010001101000101011001111000 "
b10010001101000101011001111000 =
b10010001101000101011001111000 ;
b10010001101000101011001111000 3
b10010001101000101011001111000 9
b0 :
b0 2
b0 8
b11 0
b11 7
b1101 6
b1001111010100100011101000100000010110100110010101110010011011110010000001111100001000000111011001100001011011000111010101100101 G
b10010001101000101011001111000 C
b10010001101000101011001111000 E
b0 D
b11 F
b1011 5
#33000
b11111111111111111111111111111111 "
b11111111111111111111111111111111 =
b11111111111111111111111111111111 :
b11111111111111111111111111111111 2
b11111111111111111111111111111111 8
b1110 6
b10011110101001000111010001000000100000101101100011011000010000000110001011100110010000001111100001000000111011001100001011011000111010101100101 G
b11111111111111111111111111111111 C
b11111111111111111111111111111111 D
b1100 5
#34000
b10101 <
b1010101010101010101010101010101 ;
b1010101010101010101010101010101 3
b1010101010101010101010101010101 9
b10101010101010101010101010101010 :
b10101010101010101010101010101010 2
b10101010101010101010101010101010 8
b1111 6
b100111101010010001110100010000001000001011011000111010001100101011100100110111001100001011101000110100101101110011001110010000001100010011010010111010001110011 G
b1010101010101010101010101010101 E
b10101010101010101010101010101010 D
b1101 5
#35000
b1111 <
b1111000011110000111100001111 ;
b1111000011110000111100001111 3
b1111000011110000111100001111 9
b11110000111100001111000011110000 :
b11110000111100001111000011110000 2
b11110000111100001111000011110000 8
b10000 6
b100111101010010001110100010000001000011011011110110110101110000011011000110010101101101011001010110111001110100001000000110110101100001011100110110101101110011 G
b1111000011110000111100001111 E
b11110000111100001111000011110000 D
b1110 5
11
#36000
b11000 <
b10010001101000101011001111000 "
b10010001101000101011001111000 =
b10010001101000101011001111000 ;
b10010001101000101011001111000 3
b10010001101000101011001111000 9
b0 :
b0 2
b0 8
b100 0
b100 7
b10001 6
b101100001001111010100100011101000100000010110100110010101110010011011110010000001011110001000000111011001100001011011000111010101100101 G
b10010001101000101011001111000 C
b10010001101000101011001111000 E
b0 D
b100 F
b1111 5
#37000
b11101101110010111010100110000111 "
b11101101110010111010100110000111 =
b11111111111111111111111111111111 :
b11111111111111111111111111111111 2
b11111111111111111111111111111111 8
b10010 6
b1011000010011110101001000111010001000000100000101101100011011000010000000110001011100110010000001011110001000000111011001100001011011000111010101100101 G
b11101101110010111010100110000111 C
b11111111111111111111111111111111 D
b10000 5
#38000
1!
b0 "
b0 =
b10010001101000101011001111000 :
b10010001101000101011001111000 2
b10010001101000101011001111000 8
b10011 6
b10110000100111101010010001110100010000001010011011000010110110101100101001000000110111101110000011001010111001001100001011011100110010001110011 G
b0 C
b10010001101000101011001111000 D
b10001 5
#39000
b10101 <
0!
b11111111111111111111111111111111 "
b11111111111111111111111111111111 =
b1010101010101010101010101010101 ;
b1010101010101010101010101010101 3
b1010101010101010101010101010101 9
b10101010101010101010101010101010 :
b10101010101010101010101010101010 2
b10101010101010101010101010101010 8
b10100 6
b10110000100111101010010001110100010000001000001011011000111010001100101011100100110111001100001011101000110100101101110011001110010000001100010011010010111010001110011 G
b11111111111111111111111111111111 C
b1010101010101010101010101010101 E
b10101010101010101010101010101010 D
b10010 5
#40000
b0 <
1!
b0 "
b0 =
b10000000000000000000000000000000 ;
b10000000000000000000000000000000 3
b10000000000000000000000000000000 9
b1111111111111111111111111111111 :
b1111111111111111111111111111111 2
b1111111111111111111111111111111 8
b101 0
b101 7
b10101 6
b101001101001100010101000011101000100000010011010110000101111000001000000111000001101111011100110110100101110100011010010111011001100101001000000011110000100000010011010110100101101110001000000110111001100101011001110110000101110100011010010111011001100101001000000010100001110011011010010110011101101110011001010110010000101001 G
b0 C
b10000000000000000000000000000000 E
b1111111111111111111111111111111 D
b101 F
b10011 5
01
#41000
b11111 <
0!
b1 "
b1 =
b1111111111111111111111111111111 ;
b1111111111111111111111111111111 3
b1111111111111111111111111111111 9
b10000000000000000000000000000000 :
b10000000000000000000000000000000 2
b10000000000000000000000000000000 8
b10110 6
b101001101001100010101000011101000100000010011010110100101101110001000000110111001100101011001110110000101110100011010010111011001100101001000000011110000100000010011010110000101111000001000000111000001101111011100110110100101110100011010010111011001100101001000000010100001110011011010010110011101101110011001010110010000101001 G
b1 C
b1111111111111111111111111111111 E
b10000000000000000000000000000000 D
b10100 5
#42000
b0 <
b0 ;
b0 3
b0 9
b11111111111111111111111111111111 :
b11111111111111111111111111111111 2
b11111111111111111111111111111111 8
b10111 6
b101001101001100010101000011101000100000001011010011000100100000001111000010000000110000001000000010100001110011011010010110011101101110011001010110010000101001 G
b0 E
b11111111111111111111111111111111 D
b10101 5
#43000
b11111 <
1!
b0 "
b0 =
b11111111111111111111111111111111 ;
b11111111111111111111111111111111 3
b11111111111111111111111111111111 9
b0 :
b0 2
b0 8
b11000 6
b101001101001100010101000011101000100000001100000010000000111100001000000010110100110001001000000010100001110011011010010110011101101110011001010110010000101001 G
b0 C
b11111111111111111111111111111111 E
b0 D
b10110 5
#44000
b11000 <
b10010001101000101011001111000 ;
b10010001101000101011001111000 3
b10010001101000101011001111000 9
b10010001101000101011001111000 :
b10010001101000101011001111000 2
b10010001101000101011001111000 8
b11001 6
b101001101001100010101000011101000100000010001010111000101110101011000010110110000100000011101100110000101101100011101010110010101110011001000000010100001110011011010010110011101101110011001010110010000101001 G
b10010001101000101011001111000 E
b10010001101000101011001111000 D
b10111 5
#45000
b0 <
0!
b1 "
b1 =
b10000000000000000000000000000000 ;
b10000000000000000000000000000000 3
b10000000000000000000000000000000 9
b1111111111111111111111111111111 :
b1111111111111111111111111111111 2
b1111111111111111111111111111111 8
b110 0
b110 7
b11010 6
b101001101001100010101000101010100111010001000000011000001111000001101110100011001000110010001100010111000101110001011100010000000111100001000000011000001111000001110000011000000110000001100000010111000101110001011100010000000101000011101010110111001110011011010010110011101101110011001010110010000101001 G
b1 C
b10000000000000000000000000000000 E
b1111111111111111111111111111111 D
b110 F
b11000 5
11
#46000
b11111 <
1!
b0 "
b0 =
b1111111111111111111111111111111 ;
b1111111111111111111111111111111 3
b1111111111111111111111111111111 9
b10000000000000000000000000000000 :
b10000000000000000000000000000000 2
b10000000000000000000000000000000 8
b11011 6
b101001101001100010101000101010100111010001000000011000001111000001110000011000000110000001100000010111000101110001011100010000000111100001000000011000001111000001101110100011001000110010001100010111000101110001011100010000000101000011101010110111001110011011010010110011101101110011001010110010000101001 G
b0 C
b1111111111111111111111111111111 E
b10000000000000000000000000000000 D
b11001 5
#47000
b0 <
b0 ;
b0 3
b0 9
b11111111111111111111111111111111 :
b11111111111111111111111111111111 2
b11111111111111111111111111111111 8
b11100 6
b10100110100110001010100010101010011101000100000010011010110000101111000001000000011110000100000001100000010000000101000011101010110111001110011011010010110011101101110011001010110010000101001 G
b0 E
b11111111111111111111111111111111 D
b11010 5
#48000
b11111 <
0!
b1 "
b1 =
b11111111111111111111111111111111 ;
b11111111111111111111111111111111 3
b11111111111111111111111111111111 9
b0 :
b0 2
b0 8
b11101 6
b10100110100110001010100010101010011101000100000001100000010000000111100001000000100110101100001011110000010000000101000011101010110111001110011011010010110011101101110011001010110010000101001 G
b1 C
b11111111111111111111111111111111 E
b0 D
b11011 5
#49000
b11000 <
1!
b0 "
b0 =
b10010001101000101011001111000 ;
b10010001101000101011001111000 3
b10010001101000101011001111000 9
b10010001101000101011001111000 :
b10010001101000101011001111000 2
b10010001101000101011001111000 8
b11110 6
b101001101001100010101000101010100111010001000000100010101110001011101010110000101101100001000000111011001100001011011000111010101100101011100110010000000101000011101010110111001110011011010010110011101101110011001010110010000101001 G
b0 C
b10010001101000101011001111000 E
b10010001101000101011001111000 D
b11100 5
#50000
b0 <
0!
b10010001101000101011001111000 "
b10010001101000101011001111000 =
b0 ;
b0 3
b0 9
b111 0
b111 7
b11111 6
b10100110100110001001100001110100010000001010011011010000110100101100110011101000010000001100010011110010010000000110000 G
b10010001101000101011001111000 C
b0 E
b111 F
b11101 5
01
#51000
b100011010001010110011110000000 "
b100011010001010110011110000000 =
b100 <
b100 ;
b100 3
b100 9
b100000 6
b10100110100110001001100001110100010000001010011011010000110100101100110011101000010000001100010011110010010000000110100 G
b100011010001010110011110000000 C
b100 E
b11110 5
#52000
1!
b0 "
b0 =
b11111 <
b11111 ;
b11111 3
b11111 9
b100001 6
b1010011010011000100110000111010001000000101001101101000011010010110011001110100001000000110001001111001001000000011001100110001 G
b0 C
b11111 E
b11111 5
#53000
0!
b10000000000000000000000000000000 "
b10000000000000000000000000000000 =
b1 :
b1 2
b1 8
b100010 6
b10100110100110001001100001110100010000000110001001000000111001101101000011010010110011001110100001000000110001001111001001000000011001100110001 G
b10000000000000000000000000000000 C
b1 D
b100000 5
#54000
b0 <
0!
b10010001101000101011001111000 "
b10010001101000101011001111000 =
b100000 ;
b100000 3
b100000 9
b10010001101000101011001111000 :
b10010001101000101011001111000 2
b10010001101000101011001111000 8
b100011 6
b1010011010011000100110000111010001000000101001101101000011010010110011001110100001000000110001001111001001000000011001100110010001000000010100001101111011011100110110001111001001000000111010101110011011001010010000000110101001000000110001001101001011101000111001100101001 G
b10010001101000101011001111000 C
b100000 E
b10010001101000101011001111000 D
b100001 5
#55000
b0 ;
b0 3
b0 9
b1000 0
b1000 7
b100100 6
b10100110101001001001100001110100010000001010011011010000110100101100110011101000010000001100010011110010010000000110000 G
b0 E
b1000 F
b100010 5
11
#56000
b1001000110100010101100111 "
b1001000110100010101100111 =
b100 <
b100 ;
b100 3
b100 9
b100101 6
b10100110101001001001100001110100010000001010011011010000110100101100110011101000010000001100010011110010010000000110100 G
b1001000110100010101100111 C
b100 E
b100011 5
#57000
1!
b0 "
b0 =
b11111 <
b11111 ;
b11111 3
b11111 9
b100110 6
b1010011010100100100110000111010001000000101001101101000011010010110011001110100001000000110001001111001001000000011001100110001 G
b0 C
b11111 E
b100100 5
#58000
0!
b1 "
b1 =
b10000000000000000000000000000000 :
b10000000000000000000000000000000 2
b10000000000000000000000000000000 8
b100111 6
b101001101010010010011000011101000100000010011010101001101000010001000000111001101101000011010010110011001110100001000000110001001111001001000000011001100110001 G
b1 C
b10000000000000000000000000000000 D
b100101 5
#59000
b1111111111111111111111111111111 "
b1111111111111111111111111111111 =
b1 <
b1 ;
b1 3
b1 9
b11111111111111111111111111111111 :
b11111111111111111111111111111111 2
b11111111111111111111111111111111 8
b101000 6
b1010011010100100100110000111010001000000100000101101100011011000010000000110001011100110010000001110011011010000110100101100110011101000010000001100010011110010010000000110001 G
b1111111111111111111111111111111 C
b1 E
b11111111111111111111111111111111 D
b100110 5
#60000
b0 <
b10010001101000101011001111000 "
b10010001101000101011001111000 =
b0 ;
b0 3
b0 9
b10010001101000101011001111000 :
b10010001101000101011001111000 2
b10010001101000101011001111000 8
b1001 0
b1001 7
b101001 6
b10100110101001001000001001110100010000001010000011011110111001101101001011101000110100101110110011001010010000001110011011010000110100101100110011101000010000001100010011110010010000000110000 G
b10010001101000101011001111000 C
b0 E
b10010001101000101011001111000 D
b1001 F
b100111 5
01
#61000
b1001000110100010101100111 "
b1001000110100010101100111 =
b100 <
b100 ;
b100 3
b100 9
b101010 6
b10100110101001001000001001110100010000001010000011011110111001101101001011101000110100101110110011001010010000001110011011010000110100101100110011101000010000001100010011110010010000000110100 G
b1001000110100010101100111 C
b100 E
b101000 5
#62000
b1 <
b11000000000000000000000000000000 "
b11000000000000000000000000000000 =
b1 ;
b1 3
b1 9
b10000000000000000000000000000000 :
b10000000000000000000000000000000 2
b10000000000000000000000000000000 8
b101011 6
b10100110101001001000001001110100010000001001110011001010110011101100001011101000110100101110110011001010010000001110011011010000110100101100110011101000010000001100010011110010010000000110001 G
b11000000000000000000000000000000 C
b1 E
b10000000000000000000000000000000 D
b101001 5
#63000
b11111111111111111111111111111111 "
b11111111111111111111111111111111 =
b11111 <
b11111 ;
b11111 3
b11111 9
b101100 6
b1010011010100100100000100111010001000000100111001100101011001110110000101110100011010010111011001100101001000000111001101101000011010010110011001110100001000000110001001111001001000000011001100110001 G
b11111111111111111111111111111111 C
b11111 E
b101010 5
#64000
b1 <
b1 ;
b1 3
b1 9
b11111111111111111111111111111111 :
b11111111111111111111111111111111 2
b11111111111111111111111111111111 8
b101101 6
b10100110101001001000001001110100010000000101101001100010010000001110011011010000110100101100110011101000010000001100010011110010010000000110001 G
b1 E
b11111111111111111111111111111111 D
b101011 5
#65000
b11111 <
b11111111111111111111111111111110 "
b11111111111111111111111111111110 =
b11111111111111111111111111111111 ;
b11111111111111111111111111111111 3
b11111111111111111111111111111111 9
b0 0
b0 7
b101110 6
b100001101101111011100100110111001100101011100100011101000100000010011010110000101111000001000000010101100100000010011010110000101111000 G
b11111111111111111111111111111110 C
b11111111111111111111111111111111 E
b0 F
b101100 5
11
#66000
b1 "
b1 =
b0 :
b0 2
b0 8
b1 0
b1 7
b101111 6
b100001101101111011100100110111001100101011100100011101000100000010011010110100101101110001000000010110100100000010011010110000101111000 G
b1 C
b0 D
b1 F
b101101 5
#67000
1!
b0 "
b0 =
b10 0
b10 7
b110000 6
b100001101101111011100100110111001100101011100100011101000100000010110100110010101110010011011110010000001000001010011100100010000100000010011010110000101111000 G
b0 C
b10 F
b101110 5
#68000
b0 <
b0 ;
b0 3
b0 9
b11 0
b11 7
b110001 6
b100001101101111011100100110111001100101011100100011101000100000010110100110010101110010011011110010000001001111010100100010000001011010011001010111001001101111 G
b0 E
b11 F
b101111 5
#69000
b11111 <
0!
b11111111111111111111111111111111 "
b11111111111111111111111111111111 =
b11111 ;
b11111 3
b11111 9
b10000000000000000000000000000001 :
b10000000000000000000000000000001 2
b10000000000000000000000000000001 8
b1001 0
b1001 7
b110010 6
b100001101101111011100100110111001100101011100100011101000100000010100110101001001000001001000000111001101101001011001110110111000100000011001010111100001110100011001010110111001110011011010010110111101101110 G
b11111111111111111111111111111111 C
b11111 E
b10000000000000000000000000000001 D
b1001 F
b110000 5
#70000
b0 <
1!
b0 "
b0 =
b10000000000000000000000000000000 ;
b10000000000000000000000000000000 3
b10000000000000000000000000000000 9
b101 0
b101 7
b110011 6
b1000011011011110111001001101110011001010111001000111010001000000101001101001100010101000010000001101110011001010110011101100001011101000110100101110110011001010010000001100011011011110110110101110000011000010111001001101001011100110110111101101110 G
b0 C
b10000000000000000000000000000000 E
b101 F
b110001 5
01
#71000
b1 <
b10000111011001010100001100100001 ;
b10000111011001010100001100100001 3
b10000111011001010100001100100001 9
b10010001101000101011001111000 :
b10010001101000101011001111000 2
b10010001101000101011001111000 8
b1111 0
b1111 7
b110100 6
b1000011011011110111001001101110011001010111001000111010001000000100100101101110011101100110000101101100011010010110010000100000011011110111000001100011011011110110010001100101 G
b10000111011001010100001100100001 E
b10010001101000101011001111000 D
b1111 F
b110010 5
#72000
0!
b100100001010100110101001001000 "
b100100001010100110101001001000 =
b111 0
b111 7
b11000000100010010101111010000001 ;
b11000000100010010101111010000001 3
b11000000100010010101111010000001 9
b10010000101010011010100100100 :
b10010000101010011010100100100 2
b10010000101010011010100100100 8
b111 ?
b11000000100010010101111010000001 A
b10010000101010011010100100100 @
b0 B
b110011 5
#73000
b1101 <
b1010110011000110000000000000 "
b1010110011000110000000000000 =
b110101110010111101100001101 ;
b110101110010111101100001101 3
b110101110010111101100001101 9
b10110001111100000101011001100011 :
b10110001111100000101011001100011 2
b10110001111100000101011001100011 8
b110101110010111101100001101 A
b10110001111100000101011001100011 @
b1 B
b110101 6
b110100 5
#74000
b10010 <
b101001100010110011001001010011 "
b101001100010110011001001010011 =
b1 0
b1 7
b10001001001101110101001000010010 ;
b10001001001101110101001000010010 3
b10001001001101110101001000010010 9
b10110010110000101000010001100101 :
b10110010110000101000010001100101 2
b10110010110000101000010001100101 8
b1 ?
b10001001001101110101001000010010 A
b10110010110000101000010001100101 @
b10 B
b110110 6
b110101 5
#75000
b10110 <
b1000011010000000000000000000000 "
b1000011010000000000000000000000 =
b111 0
b111 7
b111011001000111111000101110110 ;
b111011001000111111000101110110 3
b111011001000111111000101110110 9
b110110101111100110100001101 :
b110110101111100110100001101 2
b110110101111100110100001101 8
b111 ?
b111011001000111111000101110110 A
b110110101111100110100001101 @
b11 B
b110111 6
b110110 5
11
#76000
b1100 <
b1110110110101000101 "
b1110110110101000101 =
b1001 0
b1001 7
b1000110001011011111011110001100 ;
b1000110001011011111011110001100 3
b1000110001011011111011110001100 9
b1110110110101000101011111101101 :
b1110110110101000101011111101101 2
b1110110110101000101011111101101 8
b1001 ?
b1000110001011011111011110001100 A
b1110110110101000101011111101101 @
b100 B
b111000 6
b110111 5
#77000
b101 <
1!
b0 "
b0 =
b1100 0
b1100 7
b11100010111101111000010011000101 ;
b11100010111101111000010011000101 3
b11100010111101111000010011000101 9
b11100011001101110010010011000110 :
b11100011001101110010010011000110 2
b11100011001101110010010011000110 8
b1100 ?
b11100010111101111000010011000101 A
b11100011001101110010010011000110 @
b101 B
b111001 6
b111000 5
#78000
b10111 <
b1110 0
b1110 7
b10111011110100100111001001110111 ;
b10111011110100100111001001110111 3
b10111011110100100111001001110111 9
b1110010101011111111011111100101 :
b1110010101011111111011111100101 2
b1110010101011111111011111100101 8
b1110 ?
b10111011110100100111001001110111 A
b1110010101011111111011111100101 @
b110 B
b111010 6
b111001 5
#79000
b10010 <
b1010 0
b1010 7
b1111001001100000110100111110010 ;
b1111001001100000110100111110010 3
b1111001001100000110100111110010 9
b1000111111011001101101110001111 :
b1000111111011001101101110001111 2
b1000111111011001101101110001111 8
b1010 ?
b1111001001100000110100111110010 A
b1000111111011001101101110001111 @
b111 B
b111011 6
b111010 5
#80000
b101 <
0!
b10110110010100011010000101101 "
b10110110010100011010000101101 =
b100 0
b100 7
b11100010110010100100111011000101 ;
b11100010110010100100111011000101 3
b11100010110010100100111011000101 9
b11110100000000000111101011101000 :
b11110100000000000111101011101000 2
b11110100000000000111101011101000 8
b100 ?
b11100010110010100100111011000101 A
b11110100000000000111101011101000 @
b1000 B
b111100 6
b111011 5
01
#81000
b1101 <
b11111111111111101111010001110001 "
b11111111111111101111010001110001 =
b1001 0
b1001 7
b10010110101010110101100000101101 ;
b10010110101010110101100000101101 3
b10010110101010110101100000101101 9
b11011110100011100010100010111101 :
b11011110100011100010100010111101 2
b11011110100011100010100010111101 8
b1001 ?
b10010110101010110101100000101101 A
b11011110100011100010100010111101 @
b1001 B
b111101 6
b111100 5
#82000
b1010 <
b1011000111101111011000 "
b1011000111101111011000 =
b1000 0
b1000 7
b101011100111000011100001010 ;
b101011100111000011100001010 3
b101011100111000011100001010 9
b10110001111011110110001001100011 :
b10110001111011110110001001100011 2
b10110001111011110110001001100011 8
b1000 ?
b101011100111000011100001010 A
b10110001111011110110001001100011 @
b1010 B
b111110 6
b111101 5
#83000
1!
b0 "
b0 =
b1011 0
b1011 7
b1010101011110000100010110101010 ;
b1010101011110000100010110101010 3
b1010101011110000100010110101010 9
b10000011001000010000100100000 :
b10000011001000010000100100000 2
b10000011001000010000100100000 8
b1011 ?
b1010101011110000100010110101010 A
b10000011001000010000100100000 @
b1011 B
b111111 6
b111110 5
#84000
b10011 <
b10001001100000111011100000010011 ;
b10001001100000111011100000010011 3
b10001001100000111011100000010011 9
b11001011001000000011111010010110 :
b11001011001000000011111010010110 2
b11001011001000000011111010010110 8
b10001001100000111011100000010011 A
b11001011001000000011111010010110 @
b1100 B
b1000000 6
b111111 5
#85000
b1011 <
b1111 0
b1111 7
b110101100111111101110101101011 ;
b110101100111111101110101101011 3
b110101100111111101110101101011 9
b10101001101001111101011001010011 :
b10101001101001111101011001010011 2
b10101001101001111101011001010011 8
b1111 ?
b110101100111111101110101101011 A
b10101001101001111101011001010011 @
b1101 B
b1000001 6
b1000000 5
11
#86000
b1110 <
0!
b10101001110000010000101101010100 "
b10101001110000010000101101010100 =
b1 0
b1 7
b11010111010101100011111010101110 ;
b11010111010101100011111010101110 3
b11010111010101100011111010101110 9
b10000001000101110100101000000010 :
b10000001000101110100101000000010 2
b10000001000101110100101000000010 8
b1 ?
b11010111010101100011111010101110 A
b10000001000101110100101000000010 @
b1110 B
b1000010 6
b1000001 5
#87000
b11 <
b11111001010010011011101111110010 "
b11111001010010011011101111110010 =
b0 0
b0 7
b10001100001000100100100100011 ;
b10001100001000100100100100011 3
b10001100001000100100100100011 9
b11100111110001010111001011001111 :
b11100111110001010111001011001111 2
b11100111110001010111001011001111 8
b0 ?
b10001100001000100100100100011 A
b11100111110001010111001011001111 @
b1111 B
b1000011 6
b1000010 5
#88000
b11100 <
1!
b0 "
b0 =
b110 0
b110 7
b10011110001100010100110000111100 ;
b10011110001100010100110000111100 3
b10011110001100010100110000111100 9
b11100101011100110000101011001010 :
b11100101011100110000101011001010 2
b11100101011100110000101011001010 8
b110 ?
b10011110001100010100110000111100 A
b11100101011100110000101011001010 @
b10000 B
b1000100 6
b1000011 5
#89000
b1 <
b1110 0
b1110 7
b100000110001001011001101000001 ;
b100000110001001011001101000001 3
b100000110001001011001101000001 9
b1000101001011100110000110001010 :
b1000101001011100110000110001010 2
b1000101001011100110000110001010 8
b1110 ?
b100000110001001011001101000001 A
b1000101001011100110000110001010 @
b10001 B
b1000101 6
b1000100 5
#90000
b1001 <
0!
b1000001111001101111000000000000 "
b1000001111001101111000000000000 =
b111 0
b111 7
b11000100100010100001001010001001 ;
b11000100100010100001001010001001 3
b11000100100010100001001010001001 9
b111100001000001111001101111000 :
b111100001000001111001101111000 2
b111100001000001111001101111000 8
b111 ?
b11000100100010100001001010001001 A
b111100001000001111001101111000 @
b10010 B
b1000110 6
b1000101 5
01
#91000
b110 <
b1 "
b1 =
b110 0
b110 7
b1100011010010111111100111000110 ;
b1100011010010111111100111000110 3
b1100011010010111111100111000110 9
b1011011000000100110010110110110 :
b1011011000000100110010110110110 2
b1011011000000100110010110110110 8
b110 ?
b1100011010010111111100111000110 A
b1011011000000100110010110110110 @
b10011 B
b1000111 6
b1000110 5
#92000
b1010 <
1!
b0 "
b0 =
b1101 0
b1101 7
b10101000011111101110100101010 ;
b10101000011111101110100101010 3
b10101000011111101110100101010 9
b11011110011101010000001010111100 :
b11011110011101010000001010111100 2
b11011110011101010000001010111100 8
b1101 ?
b10101000011111101110100101010 A
b11011110011101010000001010111100 @
b10100 B
b1001000 6
b1000111 5
#93000
b101 <
0!
b1 "
b1 =
b101 0
b101 7
b1000010111100100100000110000101 ;
b1000010111100100100000110000101 3
b1000010111100100100000110000101 9
b10111000100101111011111001110001 :
b10111000100101111011111001110001 2
b10111000100101111011111001110001 8
b101 ?
b1000010111100100100000110000101 A
b10111000100101111011111001110001 @
b10101 B
b1001001 6
b1001000 5
#94000
b11010 <
1!
b0 "
b0 =
b1100 0
b1100 7
b11101000001100011001100111010 ;
b11101000001100011001100111010 3
b11101000001100011001100111010 9
b10011101110011000110000000111011 :
b10011101110011000110000000111011 2
b10011101110011000110000000111011 8
b1100 ?
b11101000001100011001100111010 A
b10011101110011000110000000111011 @
b10110 B
b1001010 6
b1001001 5
#95000
b10001 <
0!
b10010001110100001010111100100100 "
b10010001110100001010111100100100 =
b1 0
b1 7
b1111000110110011001101111110001 ;
b1111000110110011001101111110001 3
b1111000110110011001101111110001 9
b1010101010100100101100010101 :
b1010101010100100101100010101 2
b1010101010100100101100010101 8
b1 ?
b1111000110110011001101111110001 A
b1010101010100100101100010101 @
b10111 B
b1001011 6
b1001010 5
11
#96000
b1100 <
b110001001000110000 "
b110001001000110000 =
b1001 0
b1001 7
b100110001101011111101101001100 ;
b100110001101011111101101001100 3
b100110001101011111101101001100 9
b110001001000110000011101100010 :
b110001001000110000011101100010 2
b110001001000110000011101100010 8
b1001 ?
b100110001101011111101101001100 A
b110001001000110000011101100010 @
b11000 B
b1001100 6
b1001011 5
#97000
b11000 <
1!
b0 "
b0 =
b1101 0
b1101 7
b1111100011011011010100111111000 ;
b1111100011011011010100111111000 3
b1111100011011011010100111111000 9
b1000111101110011010000110001111 :
b1000111101110011010000110001111 2
b1000111101110011010000110001111 8
b1101 ?
b1111100011011011010100111111000 A
b1000111101110011010000110001111 @
b11001 B
b1001101 6
b1001100 5
#98000
b11100 <
0!
b11111111111111111111111111111100 "
b11111111111111111111111111111100 =
b1001 0
b1001 7
b10101110011111011001010001011100 ;
b10101110011111011001010001011100 3
b10101110011111011001010001011100 9
b11001111110001000101011010011111 :
b11001111110001000101011010011111 2
b11001111110001000101011010011111 8
b1001 ?
b10101110011111011001010001011100 A
b11001111110001000101011010011111 @
b11010 B
b1001110 6
b1001101 5
#99000
b1001 <
1!
b0 "
b0 =
b1100 0
b1100 7
b10100100101011100011001001001001 ;
b10100100101011100011001001001001 3
b10100100101011100011001001001001 9
b1000100110111100011011110001001 :
b1000100110111100011011110001001 2
b1000100110111100011011110001001 8
b1100 ?
b10100100101011100011001001001001 A
b1000100110111100011011110001001 @
b11011 B
b1001111 6
b1001110 5
#100000
b10001 <
0!
b10010100110001101011110100101000 "
b10010100110001101011110100101000 =
b0 0
b0 7
b10101000110001111111110001010001 ;
b10101000110001111111110001010001 3
b10101000110001111111110001010001 9
b11101011111111101100000011010111 :
b11101011111111101100000011010111 2
b11101011111111101100000011010111 8
b0 ?
b10101000110001111111110001010001 A
b11101011111111101100000011010111 @
b11100 B
b1010000 6
b1001111 5
01
#101000
b10 <
b11100111001100011011000111001110 "
b11100111001100011011000111001110 =
b100 0
b100 7
b11100001001011001100111011000010 ;
b11100001001011001100111011000010 3
b11100001001011001100111011000010 9
b110000111010111111100001100 :
b110000111010111111100001100 2
b110000111010111111100001100 8
b100 ?
b11100001001011001100111011000010 A
b110000111010111111100001100 @
b11101 B
b1010001 6
b1010000 5
#102000
b11101 <
b101 "
b101 =
b1000 0
b1000 7
b11110111100101110110100111101 ;
b11110111100101110110100111101 3
b11110111100101110110100111101 9
b10111011100000100101101001110111 :
b10111011100000100101101001110111 2
b10111011100000100101101001110111 8
b1000 ?
b11110111100101110110100111101 A
b10111011100000100101101001110111 @
b11110 B
b1010010 6
b1010001 5
#103000
b1101 <
b10111111111001011000000101111111 "
b10111111111001011000000101111111 =
b11 0
b11 7
b110110111001011000000101101101 ;
b110110111001011000000101101101 3
b110110111001011000000101101101 9
b10111111000001010000000001111110 :
b10111111000001010000000001111110 2
b10111111000001010000000001111110 8
b11 ?
b110110111001011000000101101101 A
b10111111000001010000000001111110 @
b11111 B
b1010011 6
b1010010 5
#104000
b10011 <
b11101111111110111111111111011111 "
b11101111111110111111111111011111 =
b11101001111010111111011011010011 ;
b11101001111010111111011011010011 3
b11101001111010111111011011010011 9
b1111110100101000111100011111 :
b1111110100101000111100011111 2
b1111110100101000111100011111 8
b11101001111010111111011011010011 A
b1111110100101000111100011111 @
b100000 B
b1010100 6
b1010011 5
#105000
b11011 <
b10111101110111101101100101111011 "
b10111101110111101101100101111011 =
b101101110110100101100101011011 ;
b101101110110100101100101011011 3
b101101110110100101100101011011 9
b10111100000101001000100001111000 :
b10111100000101001000100001111000 2
b10111100000101001000100001111000 8
b101101110110100101100101011011 A
b10111100000101001000100001111000 @
b100001 B
b1010101 6
b1010100 5
11
#106000
b1010 <
b10101000000001010111000101010 "
b10101000000001010111000101010 =
b10 0
b10 7
b10101000011001010111100101010 ;
b10101000011001010111100101010 3
b10101000011001010111100101010 9
b10011111111100101010111000111111 :
b10011111111100101010111000111111 2
b10011111111100101010111000111111 8
b10 ?
b10101000011001010111100101010 A
b10011111111100101010111000111111 @
b100010 B
b1010110 6
b1010101 5
#107000
b1110 <
b10001010010110010100010100010100 "
b10001010010110010100010100010100 =
b0 0
b0 7
b11000111000110100000110010001110 ;
b11000111000110100000110010001110 3
b11000111000110100000110010001110 9
b11000011001111110011100010000110 :
b11000011001111110011100010000110 2
b11000011001111110011100010000110 8
b0 ?
b11000111000110100000110010001110 A
b11000011001111110011100010000110 @
b100011 B
b1010111 6
b1010110 5
#108000
b110 <
1!
b0 "
b0 =
b101 0
b101 7
b10010011011111011011110000100110 ;
b10010011011111011011110000100110 3
b10010011011111011011110000100110 9
b1111101001101011001100111111010 :
b1111101001101011001100111111010 2
b1111101001101011001100111111010 8
b101 ?
b10010011011111011011110000100110 A
b1111101001101011001100111111010 @
b100100 B
b1011000 6
b1010111 5
#109000
b1111 <
0!
b11011010010100011000000000000000 "
b11011010010100011000000000000000 =
b111 0
b111 7
b10010111100110011010100000101111 ;
b10010111100110011010100000101111 3
b10010111100110011010100000101111 9
b11010001100010111011010010100011 :
b11010001100010111011010010100011 2
b11010001100010111011010010100011 8
b111 ?
b10010111100110011010100000101111 A
b11010001100010111011010010100011 @
b100101 B
b1011001 6
b1011000 5
#110000
b100 <
b10001101101011110100100100011011 "
b10001101101011110100100100011011 =
b1 0
b1 7
b100010001010010000110101000100 ;
b100010001010010000110101000100 3
b100010001010010000110101000100 9
b10101111110110000101011001011111 :
b10101111110110000101011001011111 2
b10101111110110000101011001011111 8
b1 ?
b100010001010010000110101000100 A
b10101111110110000101011001011111 @
b100110 B
b1011010 6
b1011001 5
01
#111000
b110 <
b10110100100100010110000101101 "
b10110100100100010110000101101 =
b100 0
b100 7
b11110011000010010001101011100110 ;
b11110011000010010001101011100110 3
b11110011000010010001101011100110 9
b11100101100110110011011011001011 :
b11100101100110110011011011001011 2
b11100101100110110011011011001011 8
b100 ?
b11110011000010010001101011100110 A
b11100101100110110011011011001011 @
b100111 B
b1011011 6
b1011010 5
#112000
b1101 <
b1011010100101010010000010110 "
b1011010100101010010000010110 =
b0 0
b0 7
b11110110100000101110001011101101 ;
b11110110100000101110001011101101 3
b11110110100000101110001011101101 9
b10100110011111100000100101001 :
b10100110011111100000100101001 2
b10100110011111100000100101001 8
b0 ?
b11110110100000101110001011101101 A
b10100110011111100000100101001 @
b101000 B
b1011100 6
b1011011 5
#113000
b10101 <
1!
b0 "
b0 =
b1111 0
b1111 7
b11011010100010101110001010110101 ;
b11011010100010101110001010110101 3
b11011010100010101110001010110101 9
b10110010100111111011011001100101 :
b10110010100111111011011001100101 2
b10110010100111111011011001100101 8
b1111 ?
b11011010100010101110001010110101 A
b10110010100111111011011001100101 @
b101001 B
b1011101 6
b1011100 5
#114000
b100 <
0!
b11110011110001000110010111 "
b11110011110001000110010111 =
b1000 0
b1000 7
b100010001100011111111101000100 ;
b100010001100011111111101000100 3
b100010001100011111111101000100 9
b111100111100010001100101111001 :
b111100111100010001100101111001 2
b111100111100010001100101111001 8
b1000 ?
b100010001100011111111101000100 A
b111100111100010001100101111001 @
b101010 B
b1011110 6
b1011101 5
#115000
b1011 <
b1000000111111111010011010000001 "
b1000000111111111010011010000001 =
b100 0
b100 7
b1010101111101101010110110101011 ;
b1010101111101101010110110101011 3
b1010101111101101010110110101011 9
b10101000010010000101100101010 :
b10101000010010000101100101010 2
b10101000010010000101100101010 8
b100 ?
b1010101111101101010110110101011 A
b10101000010010000101100101010 @
b101011 B
b1011111 6
b1011110 5
11
#116000
b11010 <
b11011 "
b11011 =
b1001 0
b1001 7
b11001101010111101011110010011010 ;
b11001101010111101011110010011010 3
b11001101010111101011110010011010 9
b1101110010111011010110111011100 :
b1101110010111011010110111011100 2
b1101110010111011010110111011100 8
b1001 ?
b11001101010111101011110010011010 A
b1101110010111011010110111011100 @
b101100 B
b1100000 6
b1011111 5
#117000
b10110 <
1!
b0 "
b0 =
b110 0
b110 7
b101011000011101110110101010110 ;
b101011000011101110110101010110 3
b101011000011101110110101010110 9
b11100001111100010000001011000011 :
b11100001111100010000001011000011 2
b11100001111100010000001011000011 8
b110 ?
b101011000011101110110101010110 A
b11100001111100010000001011000011 @
b101101 B
b1100001 6
b1100000 5
#118000
b1010 <
0!
b110110111010000100001001101101 "
b110110111010000100001001101101 =
b100 0
b100 7
b10000101001100010011010000001010 ;
b10000101001100010011010000001010 3
b10000101001100010011010000001010 9
b10110011110110010111011001100111 :
b10110011110110010111011001100111 2
b10110011110110010111011001100111 8
b100 ?
b10000101001100010011010000001010 A
b10110011110110010111011001100111 @
b101110 B
b1100010 6
b1100001 5
#119000
b11001 <
b1001110 "
b1001110 =
b1000 0
b1000 7
b111100110100011000011101111001 ;
b111100110100011000011101111001 3
b111100110100011000011101111001 9
b10011100000011101000101000111000 :
b10011100000011101000101000111000 2
b10011100000011101000101000111000 8
b1000 ?
b111100110100011000011101111001 A
b10011100000011101000101000111000 @
b101111 B
b1100011 6
b1100010 5
#120000
b10011 <
b10010100001110110001110100100111 "
b10010100001110110001110100100111 =
b0 0
b0 7
b1001001110001100101110110010011 ;
b1001001110001100101110110010011 3
b1001001110001100101110110010011 9
b1001010011101001011111110010100 :
b1001010011101001011111110010100 2
b1001010011101001011111110010100 8
b0 ?
b1001001110001100101110110010011 A
b1001010011101001011111110010100 @
b110000 B
b1100100 6
b1100011 5
01
#121000
b11011 <
b11001000000000000000000000000000 "
b11001000000000000000000000000000 =
b111 0
b111 7
b1101101110010110110100111011011 ;
b1101101110010110110100111011011 3
b1101101110010110110100111011011 9
b10101100101101111100101001011001 :
b10101100101101111100101001011001 2
b10101100101101111100101001011001 8
b111 ?
b1101101110010110110100111011011 A
b10101100101101111100101001011001 @
b110001 B
b1100101 6
b1100100 5
#122000
b1101 <
1!
b0 "
b0 =
b1010 0
b1010 7
b10110110101001000010011001101101 ;
b10110110101001000010011001101101 3
b10110110101001000010011001101101 9
b1101100101100001011011111011001 :
b1101100101100001011011111011001 2
b1101100101100001011011111011001 8
b1010 ?
b10110110101001000010011001101101 A
b1101100101100001011011111011001 @
b110010 B
b1100110 6
b1100101 5
#123000
b10110 <
0!
b1111111001111110110110111111110 "
b1111111001111110110110111111110 =
b11 0
b11 7
b1011011000101110010110110110110 ;
b1011011000101110010110110110110 3
b1011011000101110010110110110110 9
b1100101001110110100100111001010 :
b1100101001110110100100111001010 2
b1100101001110110100100111001010 8
b11 ?
b1011011000101110010110110110110 A
b1100101001110110100100111001010 @
b110011 B
b1100111 6
b1100110 5
#124000
b100 <
b110000011100011010010001100000 "
b110000011100011010010001100000 =
b111 0
b111 7
b10011101001001101100000100 ;
b10011101001001101100000100 3
b10011101001001101100000100 9
b10100011000001110001101001000110 :
b10100011000001110001101001000110 2
b10100011000001110001101001000110 8
b111 ?
b10011101001001101100000100 A
b10100011000001110001101001000110 @
b110100 B
b1101000 6
b1100111 5
#125000
b10100 <
b1 "
b1 =
b110 0
b110 7
b11011010011011101011101010110100 ;
b11011010011011101011101010110100 3
b11011010011011101011101010110100 9
b110100100110000000011101101001 :
b110100100110000000011101101001 2
b110100100110000000011101101001 8
b110 ?
b11011010011011101011101010110100 A
b110100100110000000011101101001 @
b110101 B
b1101001 6
b1101000 5
11
#126000
b1101 <
1!
b0 "
b0 =
b1011 0
b1011 7
b10010110100100000000010000101101 ;
b10010110100100000000010000101101 3
b10010110100100000000010000101101 9
b10100011111001101100100101000 :
b10100011111001101100100101000 2
b10100011111001101100100101000 8
b1011 ?
b10010110100100000000010000101101 A
b10100011111001101100100101000 @
b110110 B
b1101010 6
b1101001 5
#127000
b1000 <
b110 0
b110 7
b10000100011101111110010000001000 ;
b10000100011101111110010000001000 3
b10000100011101111110010000001000 9
b10010111010111001001110000101110 :
b10010111010111001001110000101110 2
b10010111010111001001110000101110 8
b110 ?
b10000100011101111110010000001000 A
b10010111010111001001110000101110 @
b110111 B
b1101011 6
b1101010 5
#128000
b1001 <
b1110 0
b1110 7
b10100100111100000011100101001 ;
b10100100111100000011100101001 3
b10100100111100000011100101001 9
b11111110101001111010011011111101 :
b11111110101001111010011011111101 2
b11111110101001111010011011111101 8
b1110 ?
b10100100111100000011100101001 A
b11111110101001111010011011111101 @
b111000 B
b1101100 6
b1101011 5
#129000
b11010 <
b1111 0
b1111 7
b11101101001101000000100011011010 ;
b11101101001101000000100011011010 3
b11101101001101000000100011011010 9
b1000011001101010110011110000110 :
b1000011001101010110011110000110 2
b1000011001101010110011110000110 8
b1111 ?
b11101101001101000000100011011010 A
b1000011001101010110011110000110 @
b111001 B
b1101101 6
b1101100 5
#130000
b10000 <
0!
b11001101001110 "
b11001101001110 =
b1001 0
b1001 7
b10111000010101011100010001110000 ;
b10111000010101011100010001110000 3
b10111000010101011100010001110000 9
b110011010011101010011101100110 :
b110011010011101010011101100110 2
b110011010011101010011101100110 8
b1001 ?
b10111000010101011100010001110000 A
b110011010011101010011101100110 @
b111010 B
b1101110 6
b1101101 5
01
#131000
b11110 <
b1101001100001001000100011010 "
b1101001100001001000100011010 =
b10 0
b10 7
b101111001110101011001101011110 ;
b101111001110101011001101011110 3
b101111001110101011001101011110 9
b1011101011100011001100110111010 :
b1011101011100011001100110111010 2
b1011101011100011001100110111010 8
b10 ?
b101111001110101011001101011110 A
b1011101011100011001100110111010 @
b111011 B
b1101111 6
b1101110 5
#132000
b11010 <
1!
b0 "
b0 =
b1111 0
b1111 7
b10001101001001001111011000011010 ;
b10001101001001001111011000011010 3
b10001101001001001111011000011010 9
b1101010100011100000010111010101 :
b1101010100011100000010111010101 2
b1101010100011100000010111010101 8
b1111 ?
b10001101001001001111011000011010 A
b1101010100011100000010111010101 @
b111100 B
b1110000 6
b1101111 5
#133000
b10110 <
0!
b1101110 "
b1101110 =
b1000 0
b1000 7
b1001011001001110011011110010110 ;
b1001011001001110011011110010110 3
b1001011001001110011011110010110 9
b11011100001110110000100110111 :
b11011100001110110000100110111 2
b11011100001110110000100110111 8
b1000 ?
b1001011001001110011011110010110 A
b11011100001110110000100110111 @
b111101 B
b1110001 6
b1110000 5
#134000
b110111110111111000010001110000 "
b110111110111111000010001110000 =
b1 0
b1 7
b11011011010001100001101010110110 ;
b11011011010001100001101010110110 3
b11011011010001100001101010110110 9
b10011001001011001111100100110 :
b10011001001011001111100100110 2
b10011001001011001111100100110 8
b1 ?
b11011011010001100001101010110110 A
b10011001001011001111100100110 @
b111110 B
b1110010 6
b1110001 5
#135000
b110 <
b1101110010111110000111111 "
b1101110010111110000111111 =
b1000 0
b1000 7
b1000011011000010101011110000110 ;
b1000011011000010101011110000110 3
b1000011011000010101011110000110 9
b1101110010111110000111111011100 :
b1101110010111110000111111011100 2
b1101110010111110000111111011100 8
b1000 ?
b1000011011000010101011110000110 A
b1101110010111110000111111011100 @
b111111 B
b1110011 6
b1110010 5
11
#136000
b11011 <
1!
b0 "
b0 =
b1111 0
b1111 7
b11101101100011011000000011011011 ;
b11101101100011011000000011011011 3
b11101101100011011000000011011011 9
b111111010110101001101101111110 :
b111111010110101001101101111110 2
b111111010110101001101101111110 8
b1111 ?
b11101101100011011000000011011011 A
b111111010110101001101101111110 @
b1000000 B
b1110100 6
b1110011 5
#137000
b11010 <
0!
b1111 "
b1111 =
b1001 0
b1001 7
b11111101001010001110010011111010 ;
b11111101001010001110010011111010 3
b11111101001010001110010011111010 9
b111100111011010010101101111001 :
b111100111011010010101101111001 2
b111100111011010010101101111001 8
b1001 ?
b11111101001010001110010011111010 A
b111100111011010010101101111001 @
b1000001 B
b1110101 6
b1110100 5
#138000
b1 <
b11011100100010011000000110111000 "
b11011100100010011000000110111000 =
b0 0
b0 7
b11010000111101010111100010100001 ;
b11010000111101010111100010100001 3
b11010000111101010111100010100001 9
b1011100101000000100100010111 :
b1011100101000000100100010111 2
b1011100101000000100100010111 8
b0 ?
b11010000111101010111100010100001 A
b1011100101000000100100010111 @
b1000010 B
b1110110 6
b1110101 5
#139000
b10101 <
1!
b0 "
b0 =
b1101 0
b1101 7
b1111010100011000101100111110101 ;
b1111010100011000101100111110101 3
b1111010100011000101100111110101 9
b10101000011000111001011001010000 :
b10101000011000111001011001010000 2
b10101000011000111001011001010000 8
b1101 ?
b1111010100011000101100111110101 A
b10101000011000111001011001010000 @
b1000011 B
b1110111 6
b1110110 5
#140000
b1 <
b1100000101100010111010111000001 ;
b1100000101100010111010111000001 3
b1100000101100010111010111000001 9
b10010100100110101000101000101001 :
b10010100100110101000101000101001 2
b10010100100110101000101000101001 8
b1100000101100010111010111000001 A
b10010100100110101000101000101001 @
b1000100 B
b1111000 6
b1110111 5
01
#141000
b1011 <
b1011 0
b1011 7
b100101101100100111101101001011 ;
b100101101100100111101101001011 3
b100101101100100111101101001011 9
b11001100000000011011010010011000 :
b11001100000000011011010010011000 2
b11001100000000011011010010011000 8
b1011 ?
b100101101100100111101101001011 A
b11001100000000011011010010011000 @
b1000101 B
b1111001 6
b1111000 5
#142000
b1010 <
0!
b110011011100101111000001100110 "
b110011011100101111000001100110 =
b100 0
b100 7
b11000101010100000001011010001010 ;
b11000101010100000001011010001010 3
b11000101010100000001011010001010 9
b11110110001000101110011011101100 :
b11110110001000101110011011101100 2
b11110110001000101110011011101100 8
b100 ?
b11000101010100000001011010001010 A
b11110110001000101110011011101100 @
b1000110 B
b1111010 6
b1111001 5
#143000
b1001 <
1!
b0 "
b0 =
b1011 0
b1011 7
b1010100100111101111110110101001 ;
b1010100100111101111110110101001 3
b1010100100111101111110110101001 9
b11010100010010111000000010101000 :
b11010100010010111000000010101000 2
b11010100010010111000000010101000 8
b1011 ?
b1010100100111101111110110101001 A
b11010100010010111000000010101000 @
b1000111 B
b1111011 6
b1111010 5
#144000
b110 <
0!
b11000010111011100100001110000000 "
b11000010111011100100001110000000 =
b111 0
b111 7
b11110011001101000110011011100110 ;
b11110011001101000110011011100110 3
b11110011001101000110011011100110 9
b111000010111011100100001110 :
b111000010111011100100001110 2
b111000010111011100100001110 8
b111 ?
b11110011001101000110011011100110 A
b111000010111011100100001110 @
b1001000 B
b1111100 6
b1111011 5
#145000
b1010 <
b1010100101111101101 "
b1010100101111101101 =
b1001 0
b1001 7
b10101010110100001110100101010 ;
b10101010110100001110100101010 3
b10101010110100001110100101010 9
b10101001011111011010100101010 :
b10101001011111011010100101010 2
b10101001011111011010100101010 8
b1001 ?
b10101010110100001110100101010 A
b10101001011111011010100101010 @
b1001001 B
b1111101 6
b1111100 5
11
#146000
b11000 <
b1001111 "
b1001111 =
b10011100011011011110011000111000 ;
b10011100011011011110011000111000 3
b10011100011011011110011000111000 9
b1001111011101011111111110011110 :
b1001111011101011111111110011110 2
b1001111011101011111111110011110 8
b10011100011011011110011000111000 A
b1001111011101011111111110011110 @
b1001010 B
b1111110 6
b1111101 5
#147000
b1010 <
b1100101011001111110011111001010 "
b1100101011001111110011111001010 =
b11 0
b11 7
b1100101001000110100010111001010 ;
b1100101001000110100010111001010 3
b1100101001000110100010111001010 9
b1100100011001001110001111001000 :
b1100100011001001110001111001000 2
b1100100011001001110001111001000 8
b11 ?
b1100101001000110100010111001010 A
b1100100011001001110001111001000 @
b1001011 B
b1111111 6
b1111110 5
#148000
b111 <
b11001010110000111100000110010 "
b11001010110000111100000110010 =
b0 0
b0 7
b11100011101101111010111011000111 ;
b11100011101101111010111011000111 3
b11100011101101111010111011000111 9
b110101101000001100100101101011 :
b110101101000001100100101101011 2
b110101101000001100100101101011 8
b0 ?
b11100011101101111010111011000111 A
b110101101000001100100101101011 @
b1001100 B
b10000000 6
b1111111 5
#149000
b100 <
b11111010111011101111000111110110 "
b11111010111011101111000111110110 =
b1 0
b1 7
b1100010000101101010101111000100 ;
b1100010000101101010101111000100 3
b1100010000101101010101111000100 9
b1011101000001011001110110111010 :
b1011101000001011001110110111010 2
b1011101000001011001110110111010 8
b1 ?
b1100010000101101010101111000100 A
b1011101000001011001110110111010 @
b1001101 B
b10000001 6
b10000000 5
#150000
b10100 <
b1101111000010010011100011011110 "
b1101111000010010011100011011110 =
b11011010001001101001101010110100 ;
b11011010001001101001101010110100 3
b11011010001001101001101010110100 9
b1001001001011111101001110010010 :
b1001001001011111101001110010010 2
b1001001001011111101001110010010 8
b11011010001001101001101010110100 A
b1001001001011111101001110010010 @
b1001110 B
b10000010 6
b10000001 5
01
#151000
b11010 <
b110000 "
b110000 =
b1000 0
b1000 7
b1111101011011011111010111111010 ;
b1111101011011011111010111111010 3
b1111101011011011111010111111010 9
b11000011001100111001000010000110 :
b11000011001100111001000010000110 2
b11000011001100111001000010000110 8
b1000 ?
b1111101011011011111010111111010 A
b11000011001100111001000010000110 @
b1001111 B
b10000011 6
b10000010 5
#152000
b11101 <
b11000010001000000000000110000 "
b11000010001000000000000110000 =
b10 0
b10 7
b11011110110011100101111010111101 ;
b11011110110011100101111010111101 3
b11011110110011100101111010111101 9
b11001010001010010000100110010 :
b11001010001010010000100110010 2
b11001010001010010000100110010 8
b10 ?
b11011110110011100101111010111101 A
b11001010001010010000100110010 @
b1010000 B
b10000100 6
b10000011 5
#153000
b1010 <
b100110100100111001000000000000 "
b100110100100111001000000000000 =
b111 0
b111 7
b1100101010000111100111111001010 ;
b1100101010000111100111111001010 3
b1100101010000111100111111001010 9
b11110010010010011010010011100100 :
b11110010010010011010010011100100 2
b11110010010010011010010011100100 8
b111 ?
b1100101010000111100111111001010 A
b11110010010010011010010011100100 @
b1010001 B
b10000101 6
b10000100 5
#154000
b1110 <
b11111111111111110100001001010110 "
b11111111111111110100001001010110 =
b1001 0
b1001 7
b1000111011001011010100110001110 ;
b1000111011001011010100110001110 3
b1000111011001011010100110001110 9
b11010000100101011010100010100001 :
b11010000100101011010100010100001 2
b11010000100101011010100010100001 8
b1001 ?
b1000111011001011010100110001110 A
b11010000100101011010100010100001 @
b1010010 B
b10000110 6
b10000101 5
#155000
b1111 <
b10001111000001011000000000000000 "
b10001111000001011000000000000000 =
b111 0
b111 7
b11110111100000101001000011101111 ;
b11110111100000101001000011101111 3
b11110111100000101001000011101111 9
b10000101111001010001111000001011 :
b10000101111001010001111000001011 2
b10000101111001010001111000001011 8
b111 ?
b11110111100000101001000011101111 A
b10000101111001010001111000001011 @
b1010011 B
b10000111 6
b10000110 5
11
#156000
b10101 <
1!
b0 "
b0 =
b1111 0
b1111 7
b10111010101100010100100001110101 ;
b10111010101100010100100001110101 3
b10111010101100010100100001110101 9
b11011011000001110010100110110 :
b11011011000001110010100110110 2
b11011011000001110010100110110 8
b1111 ?
b10111010101100010100100001110101 A
b11011011000001110010100110110 @
b1010100 B
b10001000 6
b10000111 5
#157000
b1000 <
b1100 0
b1100 7
b1000100011001011110011110001000 ;
b1000100011001011110011110001000 3
b1000100011001011110011110001000 9
b110101110011011011111101101011 :
b110101110011011011111101101011 2
b110101110011011011111101101011 8
b1100 ?
b1000100011001011110011110001000 A
b110101110011011011111101101011 @
b1010101 B
b10001001 6
b10001000 5
#158000
b10010 <
b110 0
b110 7
b1001001001111100100010110010010 ;
b1001001001111100100010110010010 3
b1001001001111100100010110010010 9
b1001101111100111000000110011011 :
b1001101111100111000000110011011 2
b1001101111100111000000110011011 8
b110 ?
b1001001001111100100010110010010 A
b1001101111100111000000110011011 @
b1010110 B
b10001010 6
b10001001 5
#159000
b1011 <
b1010 0
b1010 7
b100101101101110101111101001011 ;
b100101101101110101111101001011 3
b100101101101110101111101001011 9
b10010110100001001110000000101101 :
b10010110100001001110000000101101 2
b10010110100001001110000000101101 8
b1010 ?
b100101101101110101111101001011 A
b10010110100001001110000000101101 @
b1010111 B
b10001011 6
b10001010 5
#160000
b1101 <
0!
b1000111100011100111 "
b1000111100011100111 =
b1000 0
b1000 7
b110101100110000010100001101 ;
b110101100110000010100001101 3
b110101100110000010100001101 9
b10001111000111001111011000011110 :
b10001111000111001111011000011110 2
b10001111000111001111011000011110 8
b1000 ?
b110101100110000010100001101 A
b10001111000111001111011000011110 @
b1011000 B
b10001100 6
b10001011 5
01
#161000
b10001 <
1!
b0 "
b0 =
b1010 0
b1010 7
b1101000101011100001101111010001 ;
b1101000101011100001101111010001 3
b1101000101011100001101111010001 9
b1100000000111001110100011000 :
b1100000000111001110100011000 2
b1100000000111001110100011000 8
b1010 ?
b1101000101011100001101111010001 A
b1100000000111001110100011000 @
b1011001 B
b10001101 6
b10001100 5
#162000
b11011 <
b110 0
b110 7
b10011101101111110110010000111011 ;
b10011101101111110110010000111011 3
b10011101101111110110010000111011 9
b10100000110000000010010001000001 :
b10100000110000000010010001000001 2
b10100000110000000010010001000001 8
b110 ?
b10011101101111110110010000111011 A
b10100000110000000010010001000001 @
b1011010 B
b10001110 6
b10001101 5
#163000
b10110 <
b1111 0
b1111 7
b10101011000110010110001001010110 ;
b10101011000110010110001001010110 3
b10101011000110010110001001010110 9
b101001111011111110100101010011 :
b101001111011111110100101010011 2
b101001111011111110100101010011 8
b1111 ?
b10101011000110010110001001010110 A
b101001111011111110100101010011 @
b1011011 B
b10001111 6
b10001110 5
#164000
b100 <
0!
b10110011011111010111000100000 "
b10110011011111010111000100000 =
b111 0
b111 7
b10000010011100111110001000000100 ;
b10000010011100111110001000000100 3
b10000010011100111110001000000100 9
b11110001011001101111101011100010 :
b11110001011001101111101011100010 2
b11110001011001101111101011100010 8
b111 ?
b10000010011100111110001000000100 A
b11110001011001101111101011100010 @
b1011100 B
b10010000 6
b10001111 5
#165000
b10010 <
1!
b0 "
b0 =
b1010 0
b1010 7
b1001001111100100110100010010 ;
b1001001111100100110100010010 3
b1001001111100100110100010010 9
b11101100010100001011010011011000 :
b11101100010100001011010011011000 2
b11101100010100001011010011011000 8
b1010 ?
b1001001111100100110100010010 A
b11101100010100001011010011011000 @
b1011101 B
b10010001 6
b10010000 5
11
#166000
b101 <
b1011 0
b1011 7
b11110010100001111011011011100101 ;
b11110010100001111011011011100101 3
b11110010100001111011011011100101 9
b10011100100000010001001000111001 :
b10011100100000010001001000111001 2
b10011100100000010001001000111001 8
b1011 ?
b11110010100001111011011011100101 A
b10011100100000010001001000111001 @
b1011110 B
b10010010 6
b10010001 5
#167000
b1 <
0!
b1010110000110010110110010101100 "
b1010110000110010110110010101100 =
b0 0
b0 7
b1000000100100000101110110000001 ;
b1000000100100000101110110000001 3
b1000000100100000101110110000001 9
b10101100010010000111100101011 :
b10101100010010000111100101011 2
b10101100010010000111100101011 8
b0 ?
b1000000100100000101110110000001 A
b10101100010010000111100101011 @
b1011111 B
b10010011 6
b10010010 5
#168000
b1001110110101010101010010011 "
b1001110110101010101010010011 =
b1001 0
b1001 7
b1010000110101011111100110100001 ;
b1010000110101011111100110100001 3
b1010000110101011111100110100001 9
b10011101101010101010100100111 :
b10011101101010101010100100111 2
b10011101101010101010100100111 8
b1001 ?
b1010000110101011111100110100001 A
b10011101101010101010100100111 @
b1100000 B
b10010100 6
b10010011 5
#169000
b11000 <
b10000010 "
b10000010 =
b1000 0
b1000 7
b101100001011010010001101011000 ;
b101100001011010010001101011000 3
b101100001011010010001101011000 9
b10000010001000100011101000000100 :
b10000010001000100011101000000100 2
b10000010001000100011101000000100 8
b1000 ?
b101100001011010010001101011000 A
b10000010001000100011101000000100 @
b1100001 B
b10010101 6
b10010100 5
#170000
b10010 <
1!
b0 "
b0 =
b1110 0
b1110 7
b10001001000110011011010000010010 ;
b10001001000110011011010000010010 3
b10001001000110011011010000010010 9
b1010011011101001001100010100 :
b1010011011101001001100010100 2
b1010011011101001001100010100 8
b1110 ?
b10001001000110011011010000010010 A
b1010011011101001001100010100 @
b1100010 B
b10010110 6
b10010101 5
01
#171000
b10101 <
b1111 0
b1111 7
b101010110000101101010101010101 ;
b101010110000101101010101010101 3
b101010110000101101010101010101 9
b11011000101011001110001010110001 :
b11011000101011001110001010110001 2
b11011000101011001110001010110001 8
b1111 ?
b101010110000101101010101010101 A
b11011000101011001110001010110001 @
b1100011 B
b10010111 6
b10010110 5
#172000
0!
b1100101011000000000000000000000 "
b1100101011000000000000000000000 =
b111 0
b111 7
b1111010101100010001101111110101 ;
b1111010101100010001101111110101 3
b1111010101100010001101111110101 9
b10101100010110010101100101011 :
b10101100010110010101100101011 2
b10101100010110010101100101011 8
b111 ?
b1111010101100010001101111110101 A
b10101100010110010101100101011 @
b1100100 B
b10011000 6
b10010111 5
#173000
b100 <
b11111001001111000001001000100010 "
b11111001001111000001001000100010 =
b1001 0
b1001 7
b1000010010010011111111110000100 ;
b1000010010010011111111110000100 3
b1000010010010011111111110000100 9
b10010011110000010010001000100111 :
b10010011110000010010001000100111 2
b10010011110000010010001000100111 8
b1001 ?
b1000010010010011111111110000100 A
b10010011110000010010001000100111 @
b1100101 B
b10011001 6
b10011000 5
#174000
b11001 <
1!
b0 "
b0 =
b1011 0
b1011 7
b11011100111011111001000010111001 ;
b11011100111011111001000010111001 3
b11011100111011111001000010111001 9
b11110011110101111010011011100111 :
b11110011110101111010011011100111 2
b11110011110101111010011011100111 8
b1011 ?
b11011100111011111001000010111001 A
b11110011110101111010011011100111 @
b1100110 B
b10011010 6
b10011001 5
#175000
b1001 <
0!
b1101101111001011011101 "
b1101101111001011011101 =
b1001 0
b1001 7
b1100100101110100000111111001001 ;
b1100100101110100000111111001001 3
b1100100101110100000111111001001 9
b1101101111001011011101111011011 :
b1101101111001011011101111011011 2
b1101101111001011011101111011011 8
b1001 ?
b1100100101110100000111111001001 A
b1101101111001011011101111011011 @
b1100111 B
b10011011 6
b10011010 5
11
#176000
b1010 <
1!
b0 "
b0 =
b110 0
b110 7
b10101010001101101110100101010 ;
b10101010001101101110100101010 3
b10101010001101101110100101010 9
b11010000101111000101111010100001 :
b11010000101111000101111010100001 2
b11010000101111000101111010100001 8
b110 ?
b10101010001101101110100101010 A
b11010000101111000101111010100001 @
b1101000 B
b10011100 6
b10011011 5
#177000
b11 <
b1100 0
b1100 7
b1000001101000010000010110000011 ;
b1000001101000010000010110000011 3
b1000001101000010000010110000011 9
b10100010111001100010000001000101 :
b10100010111001100010000001000101 2
b10100010111001100010000001000101 8
b1100 ?
b1000001101000010000010110000011 A
b10100010111001100010000001000101 @
b1101001 B
b10011101 6
b10011100 5
#178000
b11110 <
0!
b10111000100101010101000101110000 "
b10111000100101010101000101110000 =
b0 0
b0 7
b11111111010011110011110011111110 ;
b11111111010011110011110011111110 3
b11111111010011110011110011111110 9
b10111001010001100001010001110010 :
b10111001010001100001010001110010 2
b10111001010001100001010001110010 8
b0 ?
b11111111010011110011110011111110 A
b10111001010001100001010001110010 @
b1101010 B
b10011110 6
b10011101 5
#179000
b110 <
b10110111110111111010101001 "
b10110111110111111010101001 =
b1000 0
b1000 7
b1000011010001100000110110000110 ;
b1000011010001100000110110000110 3
b1000011010001100000110110000110 9
b10110111110111111010101001101111 :
b10110111110111111010101001101111 2
b10110111110111111010101001101111 8
b1000 ?
b1000011010001100000110110000110 A
b10110111110111111010101001101111 @
b1101011 B
b10011111 6
b10011110 5
#180000
b0 <
1!
b0 "
b0 =
b1010 0
b1010 7
b100000011101101001000101000000 ;
b100000011101101001000101000000 3
b100000011101101001000101000000 9
b11100011100011001011100111000 :
b11100011100011001011100111000 2
b11100011100011001011100111000 8
b1010 ?
b100000011101101001000101000000 A
b11100011100011001011100111000 @
b1101100 B
b10100000 6
b10011111 5
01
#181000
b101 <
0!
b1100010000011010000100011000100 "
b1100010000011010000100011000100 =
b10 0
b10 7
b11100010101111110001101011000101 ;
b11100010101111110001101011000101 3
b11100010101111110001101011000101 9
b1111011000011011010100111110110 :
b1111011000011011010100111110110 2
b1111011000011011010100111110110 8
b10 ?
b11100010101111110001101011000101 A
b1111011000011011010100111110110 @
b1101101 B
b10100001 6
b10100000 5
#182000
b11001 <
1!
b0 "
b0 =
b1110 0
b1110 7
b11100110111100111000100111001 ;
b11100110111100111000100111001 3
b11100110111100111000100111001 9
b111010011000100101111101110100 :
b111010011000100101111101110100 2
b111010011000100101111101110100 8
b1110 ?
b11100110111100111000100111001 A
b111010011000100101111101110100 @
b1101110 B
b10100010 6
b10100001 5
#183000
b1010 <
0!
b1011001111010001010000010110 "
b1011001111010001010000010110 =
b100 0
b100 7
b10101001000011001001100101010 ;
b10101001000011001001100101010 3
b10101001000011001001100101010 9
b11110000111001000011100111100 :
b11110000111001000011100111100 2
b11110000111001000011100111100 8
b100 ?
b10101001000011001001100101010 A
b11110000111001000011100111100 @
b1101111 B
b10100011 6
b10100010 5
#184000
b1 <
b10101110110000110101000101010 "
b10101110110000110101000101010 =
b111 0
b111 7
b11110000101100010100111011100001 ;
b11110000101100010100111011100001 3
b11110000101100010100111011100001 9
b1010111011000011010100010101 :
b1010111011000011010100010101 2
b1010111011000011010100010101 8
b111 ?
b11110000101100010100111011100001 A
b1010111011000011010100010101 @
b1110000 B
b10100100 6
b10100011 5
#185000
b1001 <
1!
b0 "
b0 =
b1100 0
b1100 7
b1100100101101011110001111001001 ;
b1100100101101011110001111001001 3
b1100100101101011110001111001001 9
b10100001100010111110111001000011 :
b10100001100010111110111001000011 2
b10100001100010111110111001000011 8
b1100 ?
b1100100101101011110001111001001 A
b10100001100010111110111001000011 @
b1110001 B
b10100101 6
b10100100 5
11
#186000
b1 <
b1101 0
b1101 7
b1100000111101101001110111000001 ;
b1100000111101101001110111000001 3
b1100000111101101001110111000001 9
b10010100101111100101100100101 :
b10010100101111100101100100101 2
b10010100101111100101100100101 8
b1101 ?
b1100000111101101001110111000001 A
b10010100101111100101100100101 @
b1110010 B
b10100110 6
b10100101 5
#187000
b111 <
0!
b10110001001111100000100101100001 "
b10110001001111100000100101100001 =
b0 0
b0 7
b11110101100010011100000111 ;
b11110101100010011100000111 3
b11110101100010011100000111 9
b10101101011001111110001001011010 :
b10101101011001111110001001011010 2
b10101101011001111110001001011010 8
b0 ?
b11110101100010011100000111 A
b10101101011001111110001001011010 @
b1110011 B
b10100111 6
b10100110 5
#188000
b10001 <
1!
b0 "
b0 =
b1111 0
b1111 7
b10111000101011011110011001110001 ;
b10111000101011011110011001110001 3
b10111000101011011110011001110001 9
b110000010100101110100001100 :
b110000010100101110100001100 2
b110000010100101110100001100 8
b1111 ?
b10111000101011011110011001110001 A
b110000010100101110100001100 @
b1110100 B
b10101000 6
b10100111 5
#189000
b10111 <
0!
b1010111010000001010100010101101 "
b1010111010000001010100010101101 =
b0 0
b0 7
b11111011110111111100001011110111 ;
b11111011110111111100001011110111 3
b11111011110111111100001011110111 9
b1011011011000001110010110110110 :
b1011011011000001110010110110110 2
b1011011011000001110010110110110 8
b0 ?
b11111011110111111100001011110111 A
b1011011011000001110010110110110 @
b1110101 B
b10101001 6
b10101000 5
#190000
b10101 <
b11011001001100010100111110110001 "
b11011001001100010100111110110001 =
b101010101110001111011101010101 ;
b101010101110001111011101010101 3
b101010101110001111011101010101 9
b10101110011110000101100001011100 :
b10101110011110000101100001011100 2
b10101110011110000101100001011100 8
b101010101110001111011101010101 A
b10101110011110000101100001011100 @
b1110110 B
b10101010 6
b10101001 5
01
#191000
b10010 <
1!
b0 "
b0 =
b1110 0
b1110 7
b111001011000000000100101110010 ;
b111001011000000000100101110010 3
b111001011000000000100101110010 9
b11010000000010110001001010100000 :
b11010000000010110001001010100000 2
b11010000000010110001001010100000 8
b1110 ?
b111001011000000000100101110010 A
b11010000000010110001001010100000 @
b1110111 B
b10101011 6
b10101010 5
#192000
b1101 <
0!
b11100111101011100000010111010000 "
b11100111101011100000010111010000 =
b1 0
b1 7
b10000110110111001111000000001101 ;
b10000110110111001111000000001101 3
b10000110110111001111000000001101 9
b1101110100010101111010111011101 :
b1101110100010101111010111011101 2
b1101110100010101111010111011101 8
b1 ?
b10000110110111001111000000001101 A
b1101110100010101111010111011101 @
b1111000 B
b10101100 6
b10101011 5
#193000
b11110 <
b1000000000000000000000000000000 "
b1000000000000000000000000000000 =
b111 0
b111 7
b11001111011000111101101010011110 ;
b11001111011000111101101010011110 3
b11001111011000111101101010011110 9
b10111100110011000100001001111001 :
b10111100110011000100001001111001 2
b10111100110011000100001001111001 8
b111 ?
b11001111011000111101101010011110 A
b10111100110011000100001001111001 @
b1111001 B
b10101101 6
b10101100 5
#194000
b1111 <
1!
b0 "
b0 =
b1011 0
b1011 7
b1000111111000100111001110001111 ;
b1000111111000100111001110001111 3
b1000111111000100111001110001111 9
b10111101111000001101001001111011 :
b10111101111000001101001001111011 2
b10111101111000001101001001111011 8
b1011 ?
b1000111111000100111001110001111 A
b10111101111000001101001001111011 @
b1111010 B
b10101110 6
b10101101 5
#195000
b11101 <
b101 0
b101 7
b1110100100100100001100011101 ;
b1110100100100100001100011101 3
b1110100100100100001100011101 9
b1110001110000010010100111100011 :
b1110001110000010010100111100011 2
b1110001110000010010100111100011 8
b101 ?
b1110100100100100001100011101 A
b1110001110000010010100111100011 @
b1111011 B
b10101111 6
b10101110 5
11
#196000
b10101 <
b1010 0
b1010 7
b11001010100111001011110010010101 ;
b11001010100111001011110010010101 3
b11001010100111001011110010010101 9
b100010000100011001111101000100 :
b100010000100011001111101000100 2
b100010000100011001111101000100 8
b1010 ?
b11001010100111001011110010010101 A
b100010000100011001111101000100 @
b1111100 B
b10110000 6
b10101111 5
#197000
b10010 <
0!
b11110110101000 "
b11110110101000 =
b1000 0
b1000 7
b101001011110100001010101010010 ;
b101001011110100001010101010010 3
b101001011110100001010101010010 9
b11110110101000010111100011101101 :
b11110110101000010111100011101101 2
b11110110101000010111100011101101 8
b1000 ?
b101001011110100001010101010010 A
b11110110101000010111100011101101 @
b1111101 B
b10110001 6
b10110000 5
#198000
b11101111100000110111001111011111 "
b11101111100000110111001111011111 =
b100 0
b100 7
b10101001010111111100010001010010 ;
b10101001010111111100010001010010 3
b10101001010111111100010001010010 9
b1000110110111001011011110001101 :
b1000110110111001011011110001101 2
b1000110110111001011011110001101 8
b100 ?
b10101001010111111100010001010010 A
b1000110110111001011011110001101 @
b1111110 B
b10110010 6
b10110001 5
#199000
b1100 <
b100011011010101111 "
b100011011010101111 =
b1000 0
b1000 7
b11000110001110101001001010001100 ;
b11000110001110101001001010001100 3
b11000110001110101001001010001100 9
b100011011010101111110101000110 :
b100011011010101111110101000110 2
b100011011010101111110101000110 8
b1000 ?
b11000110001110101001001010001100 A
b100011011010101111110101000110 @
b1111111 B
b10110011 6
b10110010 5
#200000
b1010 <
b101111101010110000 "
b101111101010110000 =
b110101001011010110000101101010 ;
b110101001011010110000101101010 3
b110101001011010110000101101010 9
b1011111010101100000100010111 :
b1011111010101100000100010111 2
b1011111010101100000100010111 8
b110101001011010110000101101010 A
b1011111010101100000100010111 @
b10000000 B
b10110100 6
b10110011 5
01
#201000
b11100 <
b10011110010101100110000100110 "
b10011110010101100110000100110 =
b0 0
b0 7
b111110011011110000111101111100 ;
b111110011011110000111101111100 3
b111110011011110000111101111100 9
b11010101010110111011110010101010 :
b11010101010110111011110010101010 2
b11010101010110111011110010101010 8
b0 ?
b111110011011110000111101111100 A
b11010101010110111011110010101010 @
b10000001 B
b10110101 6
b10110100 5
#202000
b1011 <
1!
b0 "
b0 =
b1010 0
b1010 7
b11000101101000010110000010001011 ;
b11000101101000010110000010001011 3
b11000101101000010110000010001011 9
b1011101010010100100110110111010 :
b1011101010010100100110110111010 2
b1011101010010100100110110111010 8
b1010 ?
b11000101101000010110000010001011 A
b1011101010010100100110110111010 @
b10000010 B
b10110110 6
b10110101 5
#203000
b10010 <
b11001000001011000001100110010 ;
b11001000001011000001100110010 3
b11001000001011000001100110010 9
b10010010100000110001111000100101 :
b10010010100000110001111000100101 2
b10010010100000110001111000100101 8
b11001000001011000001100110010 A
b10010010100000110001111000100101 @
b10000011 B
b10110111 6
b10110110 5
#204000
b10100 <
0!
b11000100100100000000000000000000 "
b11000100100100000000000000000000 =
b111 0
b111 7
b10001010011001001011000000010100 ;
b10001010011001001011000000010100 3
b10001010011001001011000000010100 9
b10100100100011110111110001001001 :
b10100100100011110111110001001001 2
b10100100100011110111110001001001 8
b111 ?
b10001010011001001011000000010100 A
b10100100100011110111110001001001 @
b10000100 B
b10111000 6
b10110111 5
#205000
b11100 <
b10110000000000000000000000000000 "
b10110000000000000000000000000000 =
b10101110011010000011000001011100 ;
b10101110011010000011000001011100 3
b10101110011010000011000001011100 9
b100101111100100000001101001011 :
b100101111100100000001101001011 2
b100101111100100000001101001011 8
b10101110011010000011000001011100 A
b100101111100100000001101001011 @
b10000101 B
b10111001 6
b10111000 5
11
#206000
b11001 <
b11011111111011100001000110111111 "
b11011111111011100001000110111111 =
b0 0
b0 7
b10011100101011110111101000111001 ;
b10011100101011110111101000111001 3
b10011100101011110111101000111001 9
b1000011001111101001011110000110 :
b1000011001111101001011110000110 2
b1000011001111101001011110000110 8
b0 ?
b10011100101011110111101000111001 A
b1000011001111101001011110000110 @
b10000110 B
b10111010 6
b10111001 5
#207000
b1100 <
b1101000010100011110 "
b1101000010100011110 =
b1000 0
b1000 7
b10010110001000100101000000101100 ;
b10010110001000100101000000101100 3
b10010110001000100101000000101100 9
b1101000010100011110010111010000 :
b1101000010100011110010111010000 2
b1101000010100011110010111010000 8
b1000 ?
b10010110001000100101000000101100 A
b1101000010100011110010111010000 @
b10000111 B
b10111011 6
b10111010 5
#208000
b1010 <
b10110111111010111111011101101111 "
b10110111111010111111011101101111 =
b11 0
b11 7
b10110101001000100100000001101010 ;
b10110101001000100100000001101010 3
b10110101001000100100000001101010 9
b11111010011011011100000111 :
b11111010011011011100000111 2
b11111010011011011100000111 8
b11 ?
b10110101001000100100000001101010 A
b11111010011011011100000111 @
b10001000 B
b10111100 6
b10111011 5
#209000
b1011 <
b11101000110101011111 "
b11101000110101011111 =
b1001 0
b1001 7
b10100101111001111001111001001011 ;
b10100101111001111001111001001011 3
b10100101111001111001111001001011 9
b1110100011010101111111111101000 :
b1110100011010101111111111101000 2
b1110100011010101111111111101000 8
b1001 ?
b10100101111001111001111001001011 A
b1110100011010101111111111101000 @
b10001001 B
b10111101 6
b10111100 5
#210000
b11 <
b1100111110101110101111011001111 "
b1100111110101110101111011001111 =
b100 0
b100 7
b10001111111100000010100100011 ;
b10001111111100000010100100011 3
b10001111111100000010100100011 9
b1110110001010010101101111101100 :
b1110110001010010101101111101100 2
b1110110001010010101101111101100 8
b100 ?
b10001111111100000010100100011 A
b1110110001010010101101111101100 @
b10001010 B
b10111110 6
b10111101 5
01
#211000
b11001 <
b10010010000000000000000000000000 "
b10010010000000000000000000000000 =
b111 0
b111 7
b10011100101001110000010000111001 ;
b10011100101001110000010000111001 3
b10011100101001110000010000111001 9
b1100100111000010110010111001001 :
b1100100111000010110010111001001 2
b1100100111000010110010111001001 8
b111 ?
b10011100101001110000010000111001 A
b1100100111000010110010111001001 @
b10001011 B
b10111111 6
b10111110 5
#212000
b111 <
b1 "
b1 =
b101 0
b101 7
b110011100000110110010101100111 ;
b110011100000110110010101100111 3
b110011100000110110010101100111 9
b11101010010110000001010011010100 :
b11101010010110000001010011010100 2
b11101010010110000001010011010100 8
b101 ?
b110011100000110110010101100111 A
b11101010010110000001010011010100 @
b10001100 B
b11000000 6
b10111111 5
#213000
b10 <
1!
b0 "
b0 =
b1000001000100000011100110000010 ;
b1000001000100000011100110000010 3
b1000001000100000011100110000010 9
b1011000001100010010010110110000 :
b1011000001100010010010110110000 2
b1011000001100010010010110110000 8
b1000001000100000011100110000010 A
b1011000001100010010010110110000 @
b10001101 B
b11000001 6
b11000000 5
#214000
b0 <
0!
b11111100101110011101000111111001 "
b11111100101110011101000111111001 =
b0 0
b0 7
b10000000000001011011100100000 ;
b10000000000001011011100100000 3
b10000000000001011011100100000 9
b11101100101110010001101011011001 :
b11101100101110010001101011011001 2
b11101100101110010001101011011001 8
b0 ?
b10000000000001011011100100000 A
b11101100101110010001101011011001 @
b10001110 B
b11000010 6
b11000001 5
#215000
b11 <
b10111011011001011101000101110110 "
b10111011011001011101000101110110 =
b1110001101101000110000111100011 ;
b1110001101101000110000111100011 3
b1110001101101000110000111100011 9
b1001001101100010110111110010011 :
b1001001101100010110111110010011 2
b1001001101100010110111110010011 8
b1110001101101000110000111100011 A
b1001001101100010110111110010011 @
b10001111 B
b11000011 6
b11000010 5
11
#216000
b11101 <
b10100100010100010010100001001000 "
b10100100010100010010100001001000 =
b10 0
b10 7
b10101110110101110010111001011101 ;
b10101110110101110010111001011101 3
b10101110110101110010111001011101 9
b11100100011100011111100011001000 :
b11100100011100011111100011001000 2
b11100100011100011111100011001000 8
b10 ?
b10101110110101110010111001011101 A
b11100100011100011111100011001000 @
b10010000 B
b11000100 6
b11000011 5
#217000
b1011 <
b11010111101011111010100110101111 "
b11010111101011111010100110101111 =
b11 0
b11 7
b10010101101010011010100000101011 ;
b10010101101010011010100000101011 3
b10010101101010011010100000101011 9
b1000010001001101010100110000100 :
b1000010001001101010100110000100 2
b1000010001001101010100110000100 8
b11 ?
b10010101101010011010100000101011 A
b1000010001001101010100110000100 @
b10010001 B
b11000101 6
b11000100 5
#218000
b10010 <
b1110000010010000000000000000000 "
b1110000010010000000000000000000 =
b111 0
b111 7
b10101001011111110000000001010010 ;
b10101001011111110000000001010010 3
b10101001011111110000000001010010 9
b10001001011111110001110000010010 :
b10001001011111110001110000010010 2
b10001001011111110001110000010010 8
b111 ?
b10101001011111110000000001010010 A
b10001001011111110001110000010010 @
b10010010 B
b11000110 6
b11000101 5
#219000
b1110 <
b11100101101101000000000000000000 "
b11100101101101000000000000000000 =
b10110111010110011110101001101110 ;
b10110111010110011110101001101110 3
b10110111010110011110101001101110 9
b11101000001010111001011011010000 :
b11101000001010111001011011010000 2
b11101000001010111001011011010000 8
b10110111010110011110101001101110 A
b11101000001010111001011011010000 @
b10010011 B
b11000111 6
b11000110 5
#220000
b110 <
b1101101100010111000011111 "
b1101101100010111000011111 =
b1001 0
b1001 7
b1010011010100100111011110100110 ;
b1010011010100100111011110100110 3
b1010011010100100111011110100110 9
b1101101100010111000011111011011 :
b1101101100010111000011111011011 2
b1101101100010111000011111011011 8
b1001 ?
b1010011010100100111011110100110 A
b1101101100010111000011111011011 @
b10010100 B
b11001000 6
b11000111 5
01
#221000
b1111 <
1!
b0 "
b0 =
b1011 0
b1011 7
b10000111111001000100110000001111 ;
b10000111111001000100110000001111 3
b10000111111001000100110000001111 9
b10000000011110010111110000000000 :
b10000000011110010111110000000000 2
b10000000011110010111110000000000 8
b1011 ?
b10000111111001000100110000001111 A
b10000000011110010111110000000000 @
b10010101 B
b11001001 6
b11001000 5
#222000
b11001 <
0!
b1011001101010110100100010110011 "
b1011001101010110100100010110011 =
b1 0
b1 7
b101100101010000001100101011001 ;
b101100101010000001100101011001 3
b101100101010000001100101011001 9
b10000110010100110110001000001100 :
b10000110010100110110001000001100 2
b10000110010100110110001000001100 8
b1 ?
b101100101010000001100101011001 A
b10000110010100110110001000001100 @
b10010110 B
b11001010 6
b11001001 5
#223000
b10000 <
1!
b0 "
b0 =
b1101 0
b1101 7
b1001000001110011110010110010000 ;
b1001000001110011110010110010000 3
b1001000001110011110010110010000 9
b1100111110101110011010111001111 :
b1100111110101110011010111001111 2
b1100111110101110011010111001111 8
b1101 ?
b1001000001110011110010110010000 A
b1100111110101110011010111001111 @
b10010111 B
b11001011 6
b11001010 5
#224000
b10111 <
0!
b110000100000011000010001100001 "
b110000100000011000010001100001 =
b10 0
b10 7
b111011100000111100110101110111 ;
b111011100000111100110101110111 3
b111011100000111100110101110111 9
b10110100111110011010010001101001 :
b10110100111110011010010001101001 2
b10110100111110011010010001101001 8
b10 ?
b111011100000111100110101110111 A
b10110100111110011010010001101001 @
b10011000 B
b11001100 6
b11001011 5
#225000
b11011 <
1!
b0 "
b0 =
b1010 0
b1010 7
b1001101110111010100110110011011 ;
b1001101110111010100110110011011 3
b1001101110111010100110110011011 9
b11101100001101110101100011011000 :
b11101100001101110101100011011000 2
b11101100001101110101100011011000 8
b1010 ?
b1001101110111010100110110011011 A
b11101100001101110101100011011000 @
b10011001 B
b11001101 6
b11001100 5
11
#226000
b10111 <
b1100 0
b1100 7
b11011011111001101111001010110111 ;
b11011011111001101111001010110111 3
b11011011111001101111001010110111 9
b1011100011110001011000110111000 :
b1011100011110001011000110111000 2
b1011100011110001011000110111000 8
b1100 ?
b11011011111001101111001010110111 A
b1011100011110001011000110111000 @
b10011010 B
b11001110 6
b11001101 5
#227000
0!
b11111111111111111111111100110000 "
b11111111111111111111111100110000 =
b1001 0
b1001 7
b111011111011010101001101110111 ;
b111011111011010101001101110111 3
b111011111011010101001101110111 9
b10011000010011010101101000110000 :
b10011000010011010101101000110000 2
b10011000010011010101101000110000 8
b1001 ?
b111011111011010101001101110111 A
b10011000010011010101101000110000 @
b10011011 B
b11001111 6
b11001110 5
#228000
b111 <
b1101001100100100111001011010011 "
b1101001100100100111001011010011 =
b100 0
b100 7
b11100001111000011100000111 ;
b11100001111000011100000111 3
b11100001111000011100000111 9
b1101010000101011111010111010100 :
b1101010000101011111010111010100 2
b1101010000101011111010111010100 8
b100 ?
b11100001111000011100000111 A
b1101010000101011111010111010100 @
b10011100 B
b11010000 6
b11001111 5
#229000
b1011 <
b1110101111000111010111111101011 "
b1110101111000111010111111101011 =
b11 0
b11 7
b1000101111000101000101110001011 ;
b1000101111000101000101110001011 3
b1000101111000101000101110001011 9
b1110100101000011010110111101001 :
b1110100101000011010110111101001 2
b1110100101000011010110111101001 8
b11 ?
b1000101111000101000101110001011 A
b1110100101000011010110111101001 @
b10011101 B
b11010001 6
b11010000 5
#230000
b0 <
b10101101111101101100100101011011 "
b10101101111101101100100101011011 =
b100 0
b100 7
b11000000011101100100001010000000 ;
b11000000011101100100001010000000 3
b11000000011101100100001010000000 9
b1101101100000001000101111011011 :
b1101101100000001000101111011011 2
b1101101100000001000101111011011 8
b100 ?
b11000000011101100100001010000000 A
b1101101100000001000101111011011 @
b10011110 B
b11010010 6
b11010001 5
01
#231000
b10000 <
1!
b0 "
b0 =
b1011 0
b1011 7
b10011000001001111111101000110000 ;
b10011000001001111111101000110000 3
b10011000001001111111101000110000 9
b11100010111011001101101011000101 :
b11100010111011001101101011000101 2
b11100010111011001101101011000101 8
b1011 ?
b10011000001001111111101000110000 A
b11100010111011001101101011000101 @
b10011111 B
b11010011 6
b11010010 5
#232000
b1111 <
b1101 0
b1101 7
b1010111111110111011100110101111 ;
b1010111111110111011100110101111 3
b1010111111110111011100110101111 9
b10110011000000101101101001100110 :
b10110011000000101101101001100110 2
b10110011000000101101101001100110 8
b1101 ?
b1010111111110111011100110101111 A
b10110011000000101101101001100110 @
b10100000 B
b11010100 6
b11010011 5
#233000
b110 <
0!
b10000011010111111111000000000 "
b10000011010111111111000000000 =
b111 0
b111 7
b10000011011101101010110000000110 ;
b10000011011101101010110000000110 3
b10000011011101101010110000000110 9
b1111100010000011010111111111000 :
b1111100010000011010111111111000 2
b1111100010000011010111111111000 8
b111 ?
b10000011011101101010110000000110 A
b1111100010000011010111111111000 @
b10100001 B
b11010101 6
b11010100 5
#234000
b10101 <
b111011101000111011010001110110 "
b111011101000111011010001110110 =
b0 0
b0 7
b11001010101101000111110010010101 ;
b11001010101101000111110010010101 3
b11001010101101000111110010010101 9
b1110000111011110011011111100001 :
b1110000111011110011011111100001 2
b1110000111011110011011111100001 8
b0 ?
b11001010101101000111110010010101 A
b1110000111011110011011111100001 @
b10100010 B
b11010110 6
b11010101 5
#235000
b101 <
1!
b0 "
b0 =
b1110 0
b1110 7
b11110010100111000101111011100101 ;
b11110010100111000101111011100101 3
b11110010100111000101111011100101 9
b110000010011100100110101100000 :
b110000010011100100110101100000 2
b110000010011100100110101100000 8
b1110 ?
b11110010100111000101111011100101 A
b110000010011100100110101100000 @
b10100011 B
b11010111 6
b11010110 5
11
#236000
b1001 <
0!
b1011110111110101100100000000000 "
b1011110111110101100100000000000 =
b111 0
b111 7
b10100101101000011011100101001 ;
b10100101101000011011100101001 3
b10100101101000011011100101001 9
b110010001011110111110101100100 :
b110010001011110111110101100100 2
b110010001011110111110101100100 8
b111 ?
b10100101101000011011100101001 A
b110010001011110111110101100100 @
b10100100 B
b11011000 6
b11010111 5
#237000
b1110 <
b10111111101111010101011101111111 "
b10111111101111010101011101111111 =
b11 0
b11 7
b110111000101010001010101101110 ;
b110111000101010001010101101110 3
b110111000101010001010101101110 9
b10111011101111000101001001110111 :
b10111011101111000101001001110111 2
b10111011101111000101001001110111 8
b11 ?
b110111000101010001010101101110 A
b10111011101111000101001001110111 @
b10100101 B
b11011001 6
b11011000 5
#238000
b1000 <
1!
b0 "
b0 =
b110 0
b110 7
b110100001101111101010101101000 ;
b110100001101111101010101101000 3
b110100001101111101010101101000 9
b1101010100111111011100111010101 :
b1101010100111111011100111010101 2
b1101010100111111011100111010101 8
b110 ?
b110100001101111101010101101000 A
b1101010100111111011100111010101 @
b10100110 B
b11011010 6
b11011001 5
#239000
b1111 <
b1011 0
b1011 7
b111100111111100001100001111 ;
b111100111111100001100001111 3
b111100111111100001100001111 9
b11010101011110000000000010101010 :
b11010101011110000000000010101010 2
b11010101011110000000000010101010 8
b1011 ?
b111100111111100001100001111 A
b11010101011110000000000010101010 @
b10100111 B
b11011011 6
b11011010 5
#240000
b1110 <
b1110 0
b1110 7
b1000111001011101001010110001110 ;
b1000111001011101001010110001110 3
b1000111001011101001010110001110 9
b10111110100110111011110001111101 :
b10111110100110111011110001111101 2
b10111110100110111011110001111101 8
b1110 ?
b1000111001011101001010110001110 A
b10111110100110111011110001111101 @
b10101000 B
b11011100 6
b11011011 5
01
#241000
b1001 <
b101 0
b101 7
b11010100101101011110011010101001 ;
b11010100101101011110011010101001 3
b11010100101101011110011010101001 9
b11110011001100100110100111100 :
b11110011001100100110100111100 2
b11110011001100100110100111100 8
b101 ?
b11010100101101011110011010101001 A
b11110011001100100110100111100 @
b10101001 B
b11011101 6
b11011100 5
#242000
b1111 <
0!
b10101101111001111 "
b10101101111001111 =
b1000 0
b1000 7
b11010111101000100011110010101111 ;
b11010111101000100011110010101111 3
b11010111101000100011110010101111 9
b10101101111001111101000001011011 :
b10101101111001111101000001011011 2
b10101101111001111101000001011011 8
b1000 ?
b11010111101000100011110010101111 A
b10101101111001111101000001011011 @
b10101010 B
b11011110 6
b11011101 5
#243000
b10011 <
b1010011010000111110000010100110 "
b1010011010000111110000010100110 =
b1 0
b1 7
b1001100011100010110100010011 ;
b1001100011100010110100010011 3
b1001100011100010110100010011 9
b1011100110100100000110110111001 :
b1011100110100100000110110111001 2
b1011100110100100000110110111001 8
b1 ?
b1001100011100010110100010011 A
b1011100110100100000110110111001 @
b10101011 B
b11011111 6
b11011110 5
#244000
b10001 <
b10000010110010100000000000000000 "
b10000010110010100000000000000000 =
b111 0
b111 7
b101000110001100010011101010001 ;
b101000110001100010011101010001 3
b101000110001100010011101010001 9
b110010110111000100000101100101 :
b110010110111000100000101100101 2
b110010110111000100000101100101 8
b111 ?
b101000110001100010011101010001 A
b110010110111000100000101100101 @
b10101100 B
b11100000 6
b11011111 5
#245000
b11010 <
b11111111111111111111111111110011 "
b11111111111111111111111111110011 =
b1001 0
b1001 7
b10011101000100100000100000111010 ;
b10011101000100100000100000111010 3
b10011101000100100000100000111010 9
b11001100100110000001000010011001 :
b11001100100110000001000010011001 2
b11001100100110000001000010011001 8
b1001 ?
b10011101000100100000100000111010 A
b11001100100110000001000010011001 @
b10101101 B
b11100001 6
b11100000 5
11
#246000
b100 <
b11000101111100000001110110 "
b11000101111100000001110110 =
b1000 0
b1000 7
b11110010001101010110101011100100 ;
b11110010001101010110101011100100 3
b11110010001101010110101011100100 9
b110001011111000000011101100010 :
b110001011111000000011101100010 2
b110001011111000000011101100010 8
b1000 ?
b11110010001101010110101011100100 A
b110001011111000000011101100010 @
b10101110 B
b11100010 6
b11100001 5
#247000
b11001 <
b10010001111010111110010100100100 "
b10010001111010111110010100100100 =
b1 0
b1 7
b101100111011100101111101011001 ;
b101100111011100101111101011001 3
b101100111011100101111101011001 9
b10111110110110100100010001111101 :
b10111110110110100100010001111101 2
b10111110110110100100010001111101 8
b1 ?
b101100111011100101111101011001 A
b10111110110110100100010001111101 @
b10101111 B
b11100011 6
b11100010 5
#248000
b1001 <
1!
b0 "
b0 =
b1101 0
b1101 7
b11100100101010000000000011001001 ;
b11100100101010000000000011001001 3
b11100100101010000000000011001001 9
b1110110110111100110101111101101 :
b1110110110111100110101111101101 2
b1110110110111100110101111101101 8
b1101 ?
b11100100101010000000000011001001 A
b1110110110111100110101111101101 @
b10110000 B
b11100100 6
b11100011 5
#249000
b11011 <
0!
b1111000000000000000000000000000 "
b1111000000000000000000000000000 =
b111 0
b111 7
b11101101101001110001110011011011 ;
b11101101101001110001110011011011 3
b11101101101001110001110011011011 9
b1010111110000011101000110101111 :
b1010111110000011101000110101111 2
b1010111110000011101000110101111 8
b111 ?
b11101101101001110001110011011011 A
b1010111110000011101000110101111 @
b10110001 B
b11100101 6
b11100100 5
#250000
b110 <
1!
b0 "
b0 =
b1010 0
b1010 7
b10000011001001101101010000000110 ;
b10000011001001101101010000000110 3
b10000011001001101101010000000110 9
b111000000100111001111101110000 :
b111000000100111001111101110000 2
b111000000100111001111101110000 8
b1010 ?
b10000011001001101101010000000110 A
b111000000100111001111101110000 @
b10110010 B
b11100110 6
b11100101 5
01
#251000
b1010 <
0!
b10100000100000001110000101000 "
b10100000100000001110000101000 =
b10 0
b10 7
b10110101010101011101111001101010 ;
b10110101010101011101111001101010 3
b10110101010101011101111001101010 9
b1011110100110000011110110111101 :
b1011110100110000011110110111101 2
b1011110100110000011110110111101 8
b10 ?
b10110101010101011101111001101010 A
b1011110100110000011110110111101 @
b10110011 B
b11100111 6
b11100110 5
#252000
b11011 <
1!
b0 "
b0 =
b1101 0
b1101 7
b10111101100001101111010001111011 ;
b10111101100001101111010001111011 3
b10111101100001101111010001111011 9
b10101000011011000101111001010000 :
b10101000011011000101111001010000 2
b10101000011011000101111001010000 8
b1101 ?
b10111101100001101111010001111011 A
b10101000011011000101111001010000 @
b10110100 B
b11101000 6
b11100111 5
#253000
b10110 <
b1100 0
b1100 7
b1111011011110111000100111110110 ;
b1111011011110111000100111110110 3
b1111011011110111000100111110110 9
b10111100001111111000010001111000 :
b10111100001111111000010001111000 2
b10111100001111111000010001111000 8
b1100 ?
b1111011011110111000100111110110 A
b10111100001111111000010001111000 @
b10110101 B
b11101001 6
b11101000 5
#254000
b11001 <
0!
b1001110100000000100011010011100 "
b1001110100000000100011010011100 =
b0 0
b0 7
b111100101100111010101101111001 ;
b111100101100111010101101111001 3
b111100101100111010101101111001 9
b10001110011001001101100100011 :
b10001110011001001101100100011 2
b10001110011001001101100100011 8
b0 ?
b111100101100111010101101111001 A
b10001110011001001101100100011 @
b10110110 B
b11101010 6
b11101001 5
#255000
b1110 <
1!
b0 "
b0 =
b1101 0
b1101 7
b10000111000011001110111000001110 ;
b10000111000011001110111000001110 3
b10000111000011001110111000001110 9
b11011101110100010100011010111011 :
b11011101110100010100011010111011 2
b11011101110100010100011010111011 8
b1101 ?
b10000111000011001110111000001110 A
b11011101110100010100011010111011 @
b10110111 B
b11101011 6
b11101010 5
11
#256000
0!
b1 "
b1 =
b110 0
b110 7
b11100111000011111001100011001110 ;
b11100111000011111001100011001110 3
b11100111000011111001100011001110 9
b110011100010000001100001100 :
b110011100010000001100001100 2
b110011100010000001100001100 8
b110 ?
b11100111000011111001100011001110 A
b110011100010000001100001100 @
b10111000 B
b11101100 6
b11101011 5
#257000
b11001 <
b10110010000000000000000000000000 "
b10110010000000000000000000000000 =
b111 0
b111 7
b1011100101000100110111110111001 ;
b1011100101000100110111110111001 3
b1011100101000100110111110111001 9
b10101100111011001101110001011001 :
b10101100111011001101110001011001 2
b10101100111011001101110001011001 8
b111 ?
b1011100101000100110111110111001 A
b10101100111011001101110001011001 @
b10111001 B
b11101101 6
b11101100 5
#258000
b10101 <
b111010010001001010001001110100 "
b111010010001001010001001110100 =
b10 0
b10 7
b10111010111101001110001001110101 ;
b10111010111101001110001001110101 3
b10111010111101001110001001110101 9
b1111010010011111011111111110100 :
b1111010010011111011111111110100 2
b1111010010011111011111111110100 8
b10 ?
b10111010111101001110001001110101 A
b1111010010011111011111111110100 @
b10111010 B
b11101110 6
b11101101 5
#259000
b10 <
1!
b0 "
b0 =
b1111 0
b1111 7
b1011100101001001100000010 ;
b1011100101001001100000010 3
b1011100101001001100000010 9
b10011100111111000111101000111001 :
b10011100111111000111101000111001 2
b10011100111111000111101000111001 8
b1111 ?
b1011100101001001100000010 A
b10011100111111000111101000111001 @
b10111011 B
b11101111 6
b11101110 5
#260000
b1110 <
0!
b10000110000100000100000100 "
b10000110000100000100000100 =
b10 0
b10 7
b100111000111000100001101001110 ;
b100111000111000100001101001110 3
b100111000111000100001101001110 9
b10111110111111100100000101 :
b10111110111111100100000101 2
b10111110111111100100000101 8
b10 ?
b100111000111000100001101001110 A
b10111110111111100100000101 @
b10111100 B
b11110000 6
b11101111 5
01
#261000
b1000 <
1!
b0 "
b0 =
b101 0
b101 7
b10000100011111111011001000001000 ;
b10000100011111111011001000001000 3
b10000100011111111011001000001000 9
b1011100011110010101000110111000 :
b1011100011110010101000110111000 2
b1011100011110010101000110111000 8
b101 ?
b10000100011111111011001000001000 A
b1011100011110010101000110111000 @
b10111101 B
b11110001 6
b11110000 5
#262000
0!
b10100011110001111011111101000111 "
b10100011110001111011111101000111 =
b100 0
b100 7
b1110100011100110011000111101000 ;
b1110100011100110011000111101000 3
b1110100011100110011000111101000 9
b11010111101101001000111010101111 :
b11010111101101001000111010101111 2
b11010111101101001000111010101111 8
b100 ?
b1110100011100110011000111101000 A
b11010111101101001000111010101111 @
b10111110 B
b11110010 6
b11110001 5
#263000
b1100 <
b11111110111101101011101111111101 "
b11111110111101101011101111111101 =
b11 0
b11 7
b10100110001000001001000001001100 ;
b10100110001000001001000001001100 3
b10100110001000001001000001001100 9
b1111010111101101010101111110101 :
b1111010111101101010101111110101 2
b1111010111101101010101111110101 8
b11 ?
b10100110001000001001000001001100 A
b1111010111101101010101111110101 @
b10111111 B
b11110011 6
b11110010 5
#264000
b101 <
b11111101000000000010110100110010 "
b11111101000000000010110100110010 =
b1001 0
b1001 7
b10010101010010000001100100101 ;
b10010101010010000001100100101 3
b10010101010010000001100100101 9
b10100000000001011010011001000000 :
b10100000000001011010011001000000 2
b10100000000001011010011001000000 8
b1001 ?
b10010101010010000001100100101 A
b10100000000001011010011001000000 @
b11000000 B
b11110100 6
b11110011 5
#265000
b1101 <
b10000010000011100000000000000000 "
b10000010000011100000000000000000 =
b111 0
b111 7
b10110110010111111100100101101 ;
b10110110010111111100100101101 3
b10110110010111111100100101101 9
b10111000011111000001000001110000 :
b10111000011111000001000001110000 2
b10111000011111000001000001110000 8
b111 ?
b10110110010111111100100101101 A
b10111000011111000001000001110000 @
b11000001 B
b11110101 6
b11110100 5
11
#266000
b10000 <
b11000001000010000000000110000 "
b11000001000010000000000110000 =
b10 0
b10 7
b10011000011110110000100000110000 ;
b10011000011110110000100000110000 3
b10011000011110110000100000110000 9
b1011110001001010101000110111100 :
b1011110001001010101000110111100 2
b1011110001001010101000110111100 8
b10 ?
b10011000011110110000100000110000 A
b1011110001001010101000110111100 @
b11000010 B
b11110110 6
b11110101 5
#267000
b1 <
b10100001110110011010010101000 "
b10100001110110011010010101000 =
b1001 0
b1001 7
b11010000110011110110101010100001 ;
b11010000110011110110101010100001 3
b11010000110011110110101010100001 9
b101000011101100110100101010000 :
b101000011101100110100101010000 2
b101000011101100110100101010000 8
b1001 ?
b11010000110011110110101010100001 A
b101000011101100110100101010000 @
b11000011 B
b11110111 6
b11110110 5
#268000
b10101 <
1!
b0 "
b0 =
b1111 0
b1111 7
b1111010100001111010111111110101 ;
b1111010100001111010111111110101 3
b1111010100001111010111111110101 9
b11111010111100110010111011110101 :
b11111010111100110010111011110101 2
b11111010111100110010111011110101 8
b1111 ?
b1111010100001111010111111110101 A
b11111010111100110010111011110101 @
b11000100 B
b11111000 6
b11110111 5
#269000
b1010 <
0!
b1111111000100001011010011111110 "
b1111111000100001011010011111110 =
b100 0
b100 7
b10110101010110001010011001101010 ;
b10110101010110001010011001101010 3
b10110101010110001010011001101010 9
b11001010010010000001001010010100 :
b11001010010010000001001010010100 2
b11001010010010000001001010010100 8
b100 ?
b10110101010110001010011001101010 A
b11001010010010000001001010010100 @
b11000101 B
b11111001 6
b11111000 5
#270000
b11110 <
1!
b0 "
b0 =
b1010 0
b1010 7
b11001111001100001001110010011110 ;
b11001111001100001001110010011110 3
b11001111001100001001110010011110 9
b11011100010000110000100010111000 :
b11011100010000110000100010111000 2
b11011100010000110000100010111000 8
b1010 ?
b11001111001100001001110010011110 A
b11011100010000110000100010111000 @
b11000110 B
b11111010 6
b11111001 5
01
#271000
0!
b10001101000000000010110 "
b10001101000000000010110 =
b111 <
b1001 0
b1001 7
b10000011111110100110010000000111 ;
b10000011111110100110010000000111 3
b10000011111110100110010000000111 9
b100011010000000000101101000110 :
b100011010000000000101101000110 2
b100011010000000000101101000110 8
b1001 ?
b10000011111110100110010000000111 A
b100011010000000000101101000110 @
b11000111 B
b11111011 6
b11111010 5
#272000
b10111 <
b101010100000000000000000000000 "
b101010100000000000000000000000 =
b111 0
b111 7
b1011011110100111101101110110111 ;
b1011011110100111101101110110111 3
b1011011110100111101101110110111 9
b10101010110110100111010001010101 :
b10101010110110100111010001010101 2
b10101010110110100111010001010101 8
b111 ?
b1011011110100111101101110110111 A
b10101010110110100111010001010101 @
b11001000 B
b11111100 6
b11111011 5
#273000
b11001 <
1!
b0 "
b0 =
b1010 0
b1010 7
b10101100100100111110000001011001 ;
b10101100100100111110000001011001 3
b10101100100100111110000001011001 9
b10110001100000000000101001100011 :
b10110001100000000000101001100011 2
b10110001100000000000101001100011 8
b1010 ?
b10101100100100111110000001011001 A
b10110001100000000000101001100011 @
b11001001 B
b11111101 6
b11111100 5
#274000
b11110 <
b1110 0
b1110 7
b10001111011000111110010000011110 ;
b10001111011000111110010000011110 3
b10001111011000111110010000011110 9
b10110100010010010111011001101000 :
b10110100010010010111011001101000 2
b10110100010010010111011001101000 8
b1110 ?
b10001111011000111110010000011110 A
b10110100010010010111011001101000 @
b11001010 B
b11111110 6
b11111101 5
#275000
b11100 <
0!
b101111010110111010010101011110 "
b101111010110111010010101011110 =
b11 0
b11 7
b1110010000111000010100011100 ;
b1110010000111000010100011100 3
b1110010000111000010100011100 9
b101101000110011010010101011010 :
b101101000110011010010101011010 2
b101101000110011010010101011010 8
b11 ?
b1110010000111000010100011100 A
b101101000110011010010101011010 @
b11001011 B
b11111111 6
b11111110 5
11
#276000
b10000 <
b11111101010110000000000000000 "
b11111101010110000000000000000 =
b111 0
b111 7
b1101000001001101101100111010000 ;
b1101000001001101101100111010000 3
b1101000001001101101100111010000 9
b1010101100001100001111110101011 :
b1010101100001100001111110101011 2
b1010101100001100001111110101011 8
b111 ?
b1101000001001101101100111010000 A
b1010101100001100001111110101011 @
b11001100 B
b100000000 6
b11111111 5
#277000
b101 <
b10001101010011011011101100000000 "
b10001101010011011011101100000000 =
b10100010110011001000100001000101 ;
b10100010110011001000100001000101 3
b10100010110011001000100001000101 9
b1101100011010100110110111011000 :
b1101100011010100110110111011000 2
b1101100011010100110110111011000 8
b10100010110011001000100001000101 A
b1101100011010100110110111011000 @
b11001101 B
b100000001 6
b100000000 5
#278000
b11100 <
b1 "
b1 =
b110 0
b110 7
b1111110001001001001000111111100 ;
b1111110001001001001000111111100 3
b1111110001001001001000111111100 9
b1000101111100110010001110001011 :
b1000101111100110010001110001011 2
b1000101111100110010001110001011 8
b110 ?
b1111110001001001001000111111100 A
b1000101111100110010001110001011 @
b11001110 B
b100000010 6
b100000001 5
#279000
b11001 <
b11111111111111111111111111101001 "
b11111111111111111111111111101001 =
b1001 0
b1001 7
b1100100101111000110100011001 ;
b1100100101111000110100011001 3
b1100100101111000110100011001 9
b11010010011111110000101010100100 :
b11010010011111110000101010100100 2
b11010010011111110000101010100100 8
b1001 ?
b1100100101111000110100011001 A
b11010010011111110000101010100100 @
b11001111 B
b100000011 6
b100000010 5
#280000
b10011 <
1!
b0 "
b0 =
b1110 0
b1110 7
b11111001100010111100000011110011 ;
b11111001100010111100000011110011 3
b11111001100010111100000011110011 9
b10011111001110011000111000111110 :
b10011111001110011000111000111110 2
b10011111001110011000111000111110 8
b1110 ?
b11111001100010111100000011110011 A
b10011111001110011000111000111110 @
b11010000 B
b100000100 6
b100000011 5
01
#281000
b11100 <
b110 0
b110 7
b101110001101100100001101011100 ;
b101110001101100100001101011100 3
b101110001101100100001101011100 9
b1100010000001010110101111000100 :
b1100010000001010110101111000100 2
b1100010000001010110101111000100 8
b110 ?
b101110001101100100001101011100 A
b1100010000001010110101111000100 @
b11010001 B
b100000101 6
b100000100 5
#282000
b11000 <
b1111 0
b1111 7
b1100000101100001100100011000 ;
b1100000101100001100100011000 3
b1100000101100001100100011000 9
b11001101000111010101000010011010 :
b11001101000111010101000010011010 2
b11001101000111010101000010011010 8
b1111 ?
b1100000101100001100100011000 A
b11001101000111010101000010011010 @
b11010010 B
b100000110 6
b100000101 5
#283000
b11010 <
0!
b10101 "
b10101 =
b1001 0
b1001 7
b1101000100100000001100011010 ;
b1101000100100000001100011010 3
b1101000100100000001100011010 9
b1010101000101011101000110101010 :
b1010101000101011101000110101010 2
b1010101000101011101000110101010 8
b1001 ?
b1101000100100000001100011010 A
b1010101000101011101000110101010 @
b11010011 B
b100000111 6
b100000110 5
#284000
b1100 <
1!
b0 "
b0 =
b1011 0
b1011 7
b110001100110110001100001100 ;
b110001100110110001100001100 3
b110001100110110001100001100 9
b1011001001101001110100110110010 :
b1011001001101001110100110110010 2
b1011001001101001110100110110010 8
b1011 ?
b110001100110110001100001100 A
b1011001001101001110100110110010 @
b11010100 B
b100001000 6
b100000111 5
#285000
b1011 <
0!
b1100001100010000111000111000011 "
b1100001100010000111000111000011 =
b10 0
b10 7
b1110101101011010111001111101011 ;
b1110101101011010111001111101011 3
b1110101101011010111001111101011 9
b1100001110110101111110111000011 :
b1100001110110101111110111000011 2
b1100001110110101111110111000011 8
b10 ?
b1110101101011010111001111101011 A
b1100001110110101111110111000011 @
b11010101 B
b100001001 6
b100001000 5
11
#286000
b1001 <
b110100101010000101011001101001 "
b110100101010000101011001101001 =
b1 0
b1 7
b1000100100000111010110110001001 ;
b1000100100000111010110110001001 3
b1000100100000111010110110001001 9
b1111001001011000000001111110010 :
b1111001001011000000001111110010 2
b1111001001011000000001111110010 8
b1 ?
b1000100100000111010110110001001 A
b1111001001011000000001111110010 @
b11010110 B
b100001010 6
b100001001 5
#287000
b1101 <
b1 "
b1 =
b110 0
b110 7
b11010110101000010010100010101101 ;
b11010110101000010010100010101101 3
b11010110101000010010100010101101 9
b1101111000010100101100011011 :
b1101111000010100101100011011 2
b1101111000010100101100011011 8
b110 ?
b11010110101000010010100010101101 A
b1101111000010100101100011011 @
b11010111 B
b100001011 6
b100001010 5
#288000
b1111 <
b11110111111110010101011111101111 "
b11110111111110010101011111101111 =
b11 0
b11 7
b1100111111010000101011111001111 ;
b1100111111010000101011111001111 3
b1100111111010000101011111001111 9
b10010010111110010001001000100101 :
b10010010111110010001001000100101 2
b10010010111110010001001000100101 8
b11 ?
b1100111111010000101011111001111 A
b10010010111110010001001000100101 @
b11011000 B
b100001100 6
b100001011 5
#289000
b0 <
b1 "
b1 =
b101 0
b101 7
b11000000001110110011111010000000 ;
b11000000001110110011111010000000 3
b11000000001110110011111010000000 9
b10001101100101001101001000011011 :
b10001101100101001101001000011011 2
b10001101100101001101001000011011 8
b101 ?
b11000000001110110011111010000000 A
b10001101100101001101001000011011 @
b11011001 B
b100001101 6
b100001100 5
#290000
b100 <
b10010110111111101100000100000 "
b10010110111111101100000100000 =
b111 0
b111 7
b10000010001101000100001000000100 ;
b10000010001101000100001000000100 3
b10000010001101000100001000000100 9
b1000001001011011111110110000010 :
b1000001001011011111110110000010 2
b1000001001011011111110110000010 8
b111 ?
b10000010001101000100001000000100 A
b1000001001011011111110110000010 @
b11011010 B
b100001110 6
b100001101 5
01
#291000
b10010 <
1!
b0 "
b0 =
b1011 0
b1011 7
b11001011010100000001100110010 ;
b11001011010100000001100110010 3
b11001011010100000001100110010 9
b11011001101101000101100110110 :
b11011001101101000101100110110 2
b11011001101101000101100110110 8
b1011 ?
b11001011010100000001100110010 A
b11011001101101000101100110110 @
b11011011 B
b100001111 6
b100001110 5
#292000
b10110 <
0!
b1111101100011101001101011111010 "
b1111101100011101001101011111010 =
b0 0
b0 7
b10001011010000101110110000010110 ;
b10001011010000101110110000010110 3
b10001011010000101110110000010110 9
b11110010010010111010111011100100 :
b11110010010010111010111011100100 2
b11110010010010111010111011100100 8
b0 ?
b10001011010000101110110000010110 A
b11110010010010111010111011100100 @
b11011100 B
b100010000 6
b100001111 5
#293000
b1110 <
b1 "
b1 =
b110 0
b110 7
b10010111010110011000100000101110 ;
b10010111010110011000100000101110 3
b10010111010110011000100000101110 9
b1100000010100000110010111000000 :
b1100000010100000110010111000000 2
b1100000010100000110010111000000 8
b110 ?
b10010111010110011000100000101110 A
b1100000010100000110010111000000 @
b11011101 B
b100010001 6
b100010000 5
#294000
b11011 <
b11000101001111100100110110001010 "
b11000101001111100100110110001010 =
b100 0
b100 7
b1111101111111101000111111111011 ;
b1111101111111101000111111111011 3
b1111101111111101000111111111011 9
b10111000110000001100001001110001 :
b10111000110000001100001001110001 2
b10111000110000001100001001110001 8
b100 ?
b1111101111111101000111111111011 A
b10111000110000001100001001110001 @
b11011110 B
b100010010 6
b100010001 5
#295000
b10111 <
1!
b0 "
b0 =
b1111 0
b1111 7
b1011111011000101011100010111 ;
b1011111011000101011100010111 3
b1011111011000101011100010111 9
b11101110011100000110100011011100 :
b11101110011100000110100011011100 2
b11101110011100000110100011011100 8
b1111 ?
b1011111011000101011100010111 A
b11101110011100000110100011011100 @
b11011111 B
b100010011 6
b100010010 5
11
#296000
b10101 <
0!
b111101011000000000000000000000 "
b111101011000000000000000000000 =
b111 0
b111 7
b1011010100111010011101110110101 ;
b1011010100111010011101110110101 3
b1011010100111010011101110110101 9
b1110101111110110010000111101011 :
b1110101111110110010000111101011 2
b1110101111110110010000111101011 8
b111 ?
b1011010100111010011101110110101 A
b1110101111110110010000111101011 @
b11100000 B
b100010100 6
b100010011 5
#297000
b11111 <
1!
b0 "
b0 =
b1110 0
b1110 7
b11011111111101101111011010111111 ;
b11011111111101101111011010111111 3
b11011111111101101111011010111111 9
b11000111101100101110001010001111 :
b11000111101100101110001010001111 2
b11000111101100101110001010001111 8
b1110 ?
b11011111111101101111011010111111 A
b11000111101100101110001010001111 @
b11100001 B
b100010101 6
b100010100 5
#298000
b10110 <
b1010 0
b1010 7
b11101011000111010000001011010110 ;
b11101011000111010000001011010110 3
b11101011000111010000001011010110 9
b11101001101101001001101011010011 :
b11101001101101001001101011010011 2
b11101001101101001001101011010011 8
b1010 ?
b11101011000111010000001011010110 A
b11101001101101001001101011010011 @
b11100010 B
b100010110 6
b100010101 5
#299000
b10001 <
b1111 0
b1111 7
b111000111001101010011101110001 ;
b111000111001101010011101110001 3
b111000111001101010011101110001 9
b1101011000110111010100011010 :
b1101011000110111010100011010 2
b1101011000110111010100011010 8
b1111 ?
b111000111001101010011101110001 A
b1101011000110111010100011010 @
b11100011 B
b100010111 6
b100010110 5
#300000
0!
b1 "
b1 =
b101 0
b101 7
b11111000110001110001010011110001 ;
b11111000110001110001010011110001 3
b11111000110001110001010011110001 9
b10000111011000101000111000001110 :
b10000111011000101000111000001110 2
b10000111011000101000111000001110 8
b101 ?
b11111000110001110001010011110001 A
b10000111011000101000111000001110 @
b11100100 B
b100011000 6
b100010111 5
01
#301000
b11100 <
b110 0
b110 7
b1110001110101110101100011100 ;
b1110001110101110101100011100 3
b1110001110101110101100011100 9
b10101111010100001100000101 :
b10101111010100001100000101 2
b10101111010100001100000101 8
b110 ?
b1110001110101110101100011100 A
b10101111010100001100000101 @
b11100101 B
b100011001 6
b100011000 5
#302000
b1010 <
b11000010001000111011000000000000 "
b11000010001000111011000000000000 =
b111 0
b111 7
b10010101010000011101011000101010 ;
b10010101010000011101011000101010 3
b10010101010000011101011000101010 9
b11110110011100001000100011101100 :
b11110110011100001000100011101100 2
b11110110011100001000100011101100 8
b111 ?
b10010101010000011101011000101010 A
b11110110011100001000100011101100 @
b11100110 B
b100011010 6
b100011001 5
#303000
b11 <
b10011101100011000011101100111010 "
b10011101100011000011101100111010 =
b0 0
b0 7
b10000001111110100011011000000011 ;
b10000001111110100011011000000011 3
b10000001111110100011011000000011 9
b11011100100100000010100110111 :
b11011100100100000010100110111 2
b11011100100100000010100110111 8
b0 ?
b10000001111110100011011000000011 A
b11011100100100000010100110111 @
b11100111 B
b100011011 6
b100011010 5
#304000
b11110 <
b10011110001001111110101100111011 "
b10011110001001111110101100111011 =
b10011111011110100000111000111110 ;
b10011111011110100000111000111110 3
b10011111011110100000111000111110 9
b11111110101011011101110011111101 :
b11111110101011011101110011111101 2
b11111110101011011101110011111101 8
b10011111011110100000111000111110 A
b11111110101011011101110011111101 @
b11101000 B
b100011100 6
b100011011 5
#305000
b10000 <
1!
b0 "
b0 =
b1110 0
b1110 7
b1011000000010011000100110110000 ;
b1011000000010011000100110110000 3
b1011000000010011000100110110000 9
b10111010011000000011100001110100 :
b10111010011000000011100001110100 2
b10111010011000000011100001110100 8
b1110 ?
b1011000000010011000100110110000 A
b10111010011000000011100001110100 @
b11101001 B
b100011101 6
b100011100 5
11
#306000
b1000 <
0!
b10010001011001001101 "
b10010001011001001101 =
b1001 0
b1001 7
b10110100011010101111110001101000 ;
b10110100011010101111110001101000 3
b10110100011010101111110001101000 9
b1001000101100100110100010010 :
b1001000101100100110100010010 2
b1001000101100100110100010010 8
b1001 ?
b10110100011010101111110001101000 A
b1001000101100100110100010010 @
b11101010 B
b100011110 6
b100011101 5
#307000
b10110 <
b10111111100000000000000000000000 "
b10111111100000000000000000000000 =
b111 0
b111 7
b11011000011110000110100110110 ;
b11011000011110000110100110110 3
b11011000011110000110100110110 9
b11111111001000000010111011111110 :
b11111111001000000010111011111110 2
b11111111001000000010111011111110 8
b111 ?
b11011000011110000110100110110 A
b11111111001000000010111011111110 @
b11101011 B
b100011111 6
b100011110 5
#308000
b1011 <
b11111101110111011111111111111011 "
b11111101110111011111111111111011 =
b11 0
b11 7
b10110101100011010111110001101011 ;
b10110101100011010111110001101011 3
b10110101100011010111110001101011 9
b1111101110111011010101111111011 :
b1111101110111011010101111111011 2
b1111101110111011010101111111011 8
b11 ?
b10110101100011010111110001101011 A
b1111101110111011010101111111011 @
b11101100 B
b100100000 6
b100011111 5
#309000
b10100 <
b100001111101 "
b100001111101 =
b1000 0
b1000 7
b10001010010001111011011000010100 ;
b10001010010001111011011000010100 3
b10001010010001111011011000010100 9
b10000111110100000011011000001111 :
b10000111110100000011011000001111 2
b10000111110100000011011000001111 8
b1000 ?
b10001010010001111011011000010100 A
b10000111110100000011011000001111 @
b11101101 B
b100100001 6
b100100000 5
#310000
1!
b0 "
b0 =
b1111 0
b1111 7
b11101010011101100010011011010100 ;
b11101010011101100010011011010100 3
b11101010011101100010011011010100 9
b11010011011001100110111010100110 :
b11010011011001100110111010100110 2
b11010011011001100110111010100110 8
b1111 ?
b11101010011101100010011011010100 A
b11010011011001100110111010100110 @
b11101110 B
b100100010 6
b100100001 5
01
#311000
b100 <
0!
b10110111111111111010110101101111 "
b10110111111111111010110101101111 =
b0 0
b0 7
b10011101111110101100000100 ;
b10011101111110101100000100 3
b10011101111110101100000100 9
b10110101100001111100001001101011 :
b10110101100001111100001001101011 2
b10110101100001111100001001101011 8
b0 ?
b10011101111110101100000100 A
b10110101100001111100001001101011 @
b11101111 B
b100100011 6
b100100010 5
#312000
b1 <
1!
b0 "
b0 =
b101 0
b101 7
b11110000111010100111000011100001 ;
b11110000111010100111000011100001 3
b11110000111010100111000011100001 9
b1000110100010110110000110001101 :
b1000110100010110110000110001101 2
b1000110100010110110000110001101 8
b101 ?
b11110000111010100111000011100001 A
b1000110100010110110000110001101 @
b11110000 B
b100100100 6
b100100011 5
#313000
b1001 <
b1110 0
b1110 7
b11100100110111110001011011001001 ;
b11100100110111110001011011001001 3
b11100100110111110001011011001001 9
b11011100100110010111010010111001 :
b11011100100110010111010010111001 2
b11011100100110010111010010111001 8
b1110 ?
b11100100110111110001011011001001 A
b11011100100110010111010010111001 @
b11110001 B
b100100101 6
b100100100 5
#314000
b11100 <
0!
b1 "
b1 =
b101 0
b101 7
b11110011101001100101100111100 ;
b11110011101001100101100111100 3
b11110011101001100101100111100 9
b10100011011001000011001001000110 :
b10100011011001000011001001000110 2
b10100011011001000011001001000110 8
b101 ?
b11110011101001100101100111100 A
b10100011011001000011001001000110 @
b11110010 B
b100100110 6
b100100101 5
#315000
b10011 <
1!
b0 "
b0 =
b1110 0
b1110 7
b111001110101100101011101110011 ;
b111001110101100101011101110011 3
b111001110101100101011101110011 9
b101100000011000101010101011000 :
b101100000011000101010101011000 2
b101100000011000101010101011000 8
b1110 ?
b111001110101100101011101110011 A
b101100000011000101010101011000 @
b11110011 B
b100100111 6
b100100110 5
11
#316000
b10000 <
b110 0
b110 7
b11000001111111100001100110000 ;
b11000001111111100001100110000 3
b11000001111111100001100110000 9
b1101110011011010010001111011100 :
b1101110011011010010001111011100 2
b1101110011011010010001111011100 8
b110 ?
b11000001111111100001100110000 A
b1101110011011010010001111011100 @
b11110100 B
b100101000 6
b100100111 5
#317000
b11 <
0!
b100000010100000000 "
b100000010100000000 =
b10 0
b10 7
b100001100000100000111101000011 ;
b100001100000100000111101000011 3
b100001100000100000111101000011 9
b11100111110010100000000 :
b11100111110010100000000 2
b11100111110010100000000 8
b10 ?
b100001100000100000111101000011 A
b11100111110010100000000 @
b11110101 B
b100101001 6
b100101000 5
#318000
b10011 <
b11111001011110011000010111110010 "
b11111001011110011000010111110010 =
b100 0
b100 7
b101001110000000001111101010011 ;
b101001110000000001111101010011 3
b101001110000000001111101010011 9
b11010000101110011001101010100001 :
b11010000101110011001101010100001 2
b11010000101110011001101010100001 8
b100 ?
b101001110000000001111101010011 A
b11010000101110011001101010100001 @
b11110110 B
b100101010 6
b100101001 5
#319000
b111 <
b10111111101111001111010 "
b10111111101111001111010 =
b1000 0
b1000 7
b11000011101111101001001010000111 ;
b11000011101111101001001010000111 3
b11000011101111101001001010000111 9
b101111111011110011110101011111 :
b101111111011110011110101011111 2
b101111111011110011110101011111 8
b1000 ?
b11000011101111101001001010000111 A
b101111111011110011110101011111 @
b11110111 B
b100101011 6
b100101010 5
#320000
b10000 <
1!
b0 "
b0 =
b1111 0
b1111 7
b10111000011101100000001001110000 ;
b10111000011101100000001001110000 3
b10111000011101100000001001110000 9
b10110100110011101000100101101 :
b10110100110011101000100101101 2
b10110100110011101000100101101 8
b1111 ?
b10111000011101100000001001110000 A
b10110100110011101000100101101 @
b11111000 B
b100101100 6
b100101011 5
01
#321000
b10010 <
b110 0
b110 7
b10001001001011111100000000010010 ;
b10001001001011111100000000010010 3
b10001001001011111100000000010010 9
b10011000110101110011100000110001 :
b10011000110101110011100000110001 2
b10011000110101110011100000110001 8
b110 ?
b10001001001011111100000000010010 A
b10011000110101110011100000110001 @
b11111001 B
b100101101 6
b100101100 5
#322000
b10101 <
0!
b10110010010000001100000101 "
b10110010010000001100000101 =
b10 0
b10 7
b1010110011010001001100010101 ;
b1010110011010001001100010101 3
b1010110011010001001100010101 9
b110110110110110101100001101 :
b110110110110110101100001101 2
b110110110110110101100001101 8
b10 ?
b1010110011010001001100010101 A
b110110110110110101100001101 @
b11111010 B
b100101110 6
b100101101 5
#323000
b10100 <
1!
b0 "
b0 =
b1010 0
b1010 7
b101010000110111010001101010100 ;
b101010000110111010001101010100 3
b101010000110111010001101010100 9
b1001010011000111000110110010100 :
b1001010011000111000110110010100 2
b1001010011000111000110110010100 8
b1010 ?
b101010000110111010001101010100 A
b1001010011000111000110110010100 @
b11111011 B
b100101111 6
b100101110 5
#324000
b11 <
0!
b1001100011010001010100010 "
b1001100011010001010100010 =
b1001 0
b1001 7
b11100001111000111000011011000011 ;
b11100001111000111000011011000011 3
b11100001111000111000011011000011 9
b1001100011010001010100010011 :
b1001100011010001010100010011 2
b1001100011010001010100010011 8
b1001 ?
b11100001111000111000011011000011 A
b1001100011010001010100010011 @
b11111100 B
b100110000 6
b100101111 5
#325000
b11000 <
b11111110011111101111011011111100 "
b11111110011111101111011011111100 =
b11 0
b11 7
b10111100011110000001000001111000 ;
b10111100011110000001000001111000 3
b10111100011110000001000001111000 9
b11101110010011101110011011011100 :
b11101110010011101110011011011100 2
b11101110010011101110011011011100 8
b11 ?
b10111100011110000001000001111000 A
b11101110010011101110011011011100 @
b11111101 B
b100110001 6
b100110000 5
11
#326000
b11 <
b10011110001011001100101100111100 "
b10011110001011001100101100111100 =
b1 0
b1 7
b10001110000000101101100100011 ;
b10001110000000101101100100011 3
b10001110000000101101100100011 9
b10101111111011010010011001011111 :
b10101111111011010010011001011111 2
b10101111111011010010011001011111 8
b1 ?
b10001110000000101101100100011 A
b10101111111011010010011001011111 @
b11111110 B
b100110010 6
b100110001 5
#327000
b10 <
b1110001000010000101110011100000 "
b1110001000010000101110011100000 =
b111 0
b111 7
b10001010100110100110100100010 ;
b10001010100110100110100100010 3
b10001010100110100110100100010 9
b11100010000100001011100111000 :
b11100010000100001011100111000 2
b11100010000100001011100111000 8
b111 ?
b10001010100110100110100100010 A
b11100010000100001011100111000 @
b11111111 B
b100110011 6
b100110010 5
#328000
b111000111110101101001100110001 "
b111000111110101101001100110001 =
b1000 0
b1000 7
b11000001010000000110001010000010 ;
b11000001010000000110001010000010 3
b11000001010000000110001010000010 9
b11100011111010110100110011000111 :
b11100011111010110100110011000111 2
b11100011111010110100110011000111 8
b1000 ?
b11000001010000000110001010000010 A
b11100011111010110100110011000111 @
b100000000 B
b100110100 6
b100110011 5
#329000
b100 <
b111000111000100010110001110000 "
b111000111000100010110001110000 =
b111 0
b111 7
b10010010011111111010010000100100 ;
b10010010011111111010010000100100 3
b10010010011111111010010000100100 9
b11100011100011100010001011000111 :
b11100011100011100010001011000111 2
b11100011100011100010001011000111 8
b111 ?
b10010010011111111010010000100100 A
b11100011100011100010001011000111 @
b100000001 B
b100110101 6
b100110100 5
#330000
b10101 <
b1001001101000101010010010010011 "
b1001001101000101010010010010011 =
b1 0
b1 7
b111010110000100110111101110101 ;
b111010110000100110111101110101 3
b111010110000100110111101110101 9
b10000100011001010001010000001000 :
b10000100011001010001010000001000 2
b10000100011001010001010000001000 8
b1 ?
b111010110000100110111101110101 A
b10000100011001010001010000001000 @
b100000010 B
b100110110 6
b100110101 5
01
#331000
b11000 <
b10101001101001111000010101010010 "
b10101001101001111000010101010010 =
b0 0
b0 7
b11100001010100001001100111000 ;
b11100001010100001001100111000 3
b11100001010100001001100111000 9
b10001101011111010111001000011010 :
b10001101011111010111001000011010 2
b10001101011111010111001000011010 8
b0 ?
b11100001010100001001100111000 A
b10001101011111010111001000011010 @
b100000011 B
b100110111 6
b100110110 5
#332000
b10000 <
b10100000010110000000000000000000 "
b10100000010110000000000000000000 =
b111 0
b111 7
b10101000010110100110101001010000 ;
b10101000010110100110101001010000 3
b10101000010110100110101001010000 9
b10101100000001011010000001011000 :
b10101100000001011010000001011000 2
b10101100000001011010000001011000 8
b111 ?
b10101000010110100110101001010000 A
b10101100000001011010000001011000 @
b100000100 B
b100111000 6
b100110111 5
#333000
b101 <
b1100000100000000011110011000001 "
b1100000100000000011110011000001 =
b100 0
b100 7
b110010110000111101111101100101 ;
b110010110000111101111101100101 3
b110010110000111101111101100101 9
b1010010010000111110001110100100 :
b1010010010000111110001110100100 2
b1010010010000111110001110100100 8
b100 ?
b110010110000111101111101100101 A
b1010010010000111110001110100100 @
b100000101 B
b100111001 6
b100111000 5
#334000
b10100 <
1!
b0 "
b0 =
b1011 0
b1011 7
b10101010000100111000000001010100 ;
b10101010000100111000000001010100 3
b10101010000100111000000001010100 9
b11011100000011100100000110 :
b11011100000011100100000110 2
b11011100000011100100000110 8
b1011 ?
b10101010000100111000000001010100 A
b11011100000011100100000110 @
b100000110 B
b100111010 6
b100111001 5
#335000
b1000 <
b1111 0
b1111 7
b100100011001110011100101001000 ;
b100100011001110011100101001000 3
b100100011001110011100101001000 9
b11100100010101011111000011001000 :
b11100100010101011111000011001000 2
b11100100010101011111000011001000 8
b1111 ?
b100100011001110011100101001000 A
b11100100010101011111000011001000 @
b100000111 B
b100111011 6
b100111010 5
11
#336000
b10101 <
0!
b1111100000 "
b1111100000 =
b1001 0
b1001 7
b11011010100010010011001010110101 ;
b11011010100010010011001010110101 3
b11011010100010010011001010110101 9
b1111100000111011111001111111000 :
b1111100000111011111001111111000 2
b1111100000111011111001111111000 8
b1001 ?
b11011010100010010011001010110101 A
b1111100000111011111001111111000 @
b100001000 B
b100111100 6
b100111011 5
#337000
b11011 <
b1 "
b1 =
b101 0
b101 7
b1001101100111101110001110011011 ;
b1001101100111101110001110011011 3
b1001101100111101110001110011011 9
b1000001101011101101010110000011 :
b1000001101011101101010110000011 2
b1000001101011101101010110000011 8
b101 ?
b1001101100111101110001110011011 A
b1000001101011101101010110000011 @
b100001001 B
b100111101 6
b100111100 5
#338000
b1011010001101101101000010110101 "
b1011010001101101101000010110101 =
b1 0
b1 7
b11111101110111111000001011111011 ;
b11111101110111111000001011111011 3
b11111101110111111000001011111011 9
b1011000000101100101001110110000 :
b1011000000101100101001110110000 2
b1011000000101100101001110110000 8
b1 ?
b11111101110111111000001011111011 A
b1011000000101100101001110110000 @
b100001010 B
b100111110 6
b100111101 5
#339000
b11000 <
b110000000000000000000000000000 "
b110000000000000000000000000000 =
b111 0
b111 7
b10001100001110001100010000011000 ;
b10001100001110001100010000011000 3
b10001100001110001100010000011000 9
b10011000010011011010011000110000 :
b10011000010011011010011000110000 2
b10011000010011011010011000110000 8
b111 ?
b10001100001110001100010000011000 A
b10011000010011011010011000110000 @
b100001011 B
b100111111 6
b100111110 5
#340000
b1 <
b11010001101101010111010000100011 "
b11010001101101010111010000100011 =
b1001 0
b1001 7
b110000111000100000111101100001 ;
b110000111000100000111101100001 3
b110000111000100000111101100001 9
b10100011011010101110100001000110 :
b10100011011010101110100001000110 2
b10100011011010101110100001000110 8
b1001 ?
b110000111000100000111101100001 A
b10100011011010101110100001000110 @
b100001100 B
b101000000 6
b100111111 5
01
#341000
b1111 <
1!
b0 "
b0 =
b1111 0
b1111 7
b10111100010111001011100101111 ;
b10111100010111001011100101111 3
b10111100010111001011100101111 9
b101010111100010111001101010101 :
b101010111100010111001101010101 2
b101010111100010111001101010101 8
b1111 ?
b10111100010111001011100101111 A
b101010111100010111001101010101 @
b100001101 B
b101000001 6
b101000000 5
#342000
b10011 <
b110 0
b110 7
b11101001110100100010110011010011 ;
b11101001110100100010110011010011 3
b11101001110100100010110011010011 9
b11101111000111011110101011011110 :
b11101111000111011110101011011110 2
b11101111000111011110101011011110 8
b110 ?
b11101001110100100010110011010011 A
b11101111000111011110101011011110 @
b100001110 B
b101000010 6
b101000001 5
#343000
b11000 <
0!
b1110100 "
b1110100 =
b1001 0
b1001 7
b101100010101110111100101011000 ;
b101100010101110111100101011000 3
b101100010101110111100101011000 9
b1110100110111000110100111101001 :
b1110100110111000110100111101001 2
b1110100110111000110100111101001 8
b1001 ?
b101100010101110111100101011000 A
b1110100110111000110100111101001 @
b100001111 B
b101000011 6
b101000010 5
#344000
b10100 <
b11000011101 "
b11000011101 =
b1000 0
b1000 7
b1101010001011000001001111010100 ;
b1101010001011000001001111010100 3
b1101010001011000001001111010100 9
b1100001110110111110010111000011 :
b1100001110110111110010111000011 2
b1100001110110111110010111000011 8
b1000 ?
b1101010001011000001001111010100 A
b1100001110110111110010111000011 @
b100010000 B
b101000100 6
b101000011 5
#345000
b10110 <
1!
b0 "
b0 =
b1101 0
b1101 7
b1101011001010011001110111010110 ;
b1101011001010011001110111010110 3
b1101011001010011001110111010110 9
b111111001001011110111101111110 :
b111111001001011110111101111110 2
b111111001001011110111101111110 8
b1101 ?
b1101011001010011001110111010110 A
b111111001001011110111101111110 @
b100010001 B
b101000101 6
b101000100 5
11
#346000
b0 <
b1100 0
b1100 7
b1010000011010101110111110100000 ;
b1010000011010101110111110100000 3
b1010000011010101110111110100000 9
b11000001101100000100010010000011 :
b11000001101100000100010010000011 2
b11000001101100000100010010000011 8
b1100 ?
b1010000011010101110111110100000 A
b11000001101100000100010010000011 @
b100010010 B
b101000110 6
b101000101 5
#347000
b101 <
b1011 0
b1011 7
b100010111010101101101101000101 ;
b100010111010101101101101000101 3
b100010111010101101101101000101 9
b1011111111000111100101110111111 :
b1011111111000111100101110111111 2
b1011111111000111100101110111111 8
b1011 ?
b100010111010101101101101000101 A
b1011111111000111100101110111111 @
b100010011 B
b101000111 6
b101000110 5
#348000
b10101 <
0!
b100010100 "
b100010100 =
b1000 0
b1000 7
b10111010100101000001000001110101 ;
b10111010100101000001000001110101 3
b10111010100101000001000001110101 9
b100010100111010000101101000101 :
b100010100111010000101101000101 2
b100010100111010000101101000101 8
b1000 ?
b10111010100101000001000001110101 A
b100010100111010000101101000101 @
b100010100 B
b101001000 6
b101000111 5
#349000
b1100 <
1!
b0 "
b0 =
b1110 0
b1110 7
b110110000000010101100101101100 ;
b110110000000010101100101101100 3
b110110000000010101100101101100 9
b1100011001100100011101111000110 :
b1100011001100100011101111000110 2
b1100011001100100011101111000110 8
b1110 ?
b110110000000010101100101101100 A
b1100011001100100011101111000110 @
b100010101 B
b101001001 6
b101001000 5
#350000
b11100 <
b1100 0
b1100 7
b11001110000100001111111010011100 ;
b11001110000100001111111010011100 3
b11001110000100001111111010011100 9
b11000101111010110001100110001 :
b11000101111010110001100110001 2
b11000101111010110001100110001 8
b1100 ?
b11001110000100001111111010011100 A
b11000101111010110001100110001 @
b100010110 B
b101001010 6
b101001001 5
01
#351000
b1110 <
b1111 0
b1111 7
b10000111001011010010110000001110 ;
b10000111001011010010110000001110 3
b10000111001011010010110000001110 9
b11010111111000110001111010101111 :
b11010111111000110001111010101111 2
b11010111111000110001111010101111 8
b1111 ?
b10000111001011010010110000001110 A
b11010111111000110001111010101111 @
b100010111 B
b101001011 6
b101001010 5
#352000
b11110 <
b11101111001000001001111011011110 ;
b11101111001000001001111011011110 3
b11101111001000001001111011011110 9
b11011001010110110100000010110010 :
b11011001010110110100000010110010 2
b11011001010110110100000010110010 8
b11101111001000001001111011011110 A
b11011001010110110100000010110010 @
b100011000 B
b101001100 6
b101001011 5
#353000
b1000 <
0!
b10101010101110000001111 "
b10101010101110000001111 =
b1000 0
b1000 7
b10100000001111111000100101000 ;
b10100000001111111000100101000 3
b10100000001111111000100101000 9
b1010101010111000000111110101010 :
b1010101010111000000111110101010 2
b1010101010111000000111110101010 8
b1000 ?
b10100000001111111000100101000 A
b1010101010111000000111110101010 @
b100011001 B
b101001101 6
b101001100 5
#354000
b10011 <
1!
b0 "
b0 =
b1010 0
b1010 7
b1101001111001110101000111010011 ;
b1101001111001110101000111010011 3
b1101001111001110101000111010011 9
b1001101001000000000100110011010 :
b1001101001000000000100110011010 2
b1001101001000000000100110011010 8
b1010 ?
b1101001111001110101000111010011 A
b1001101001000000000100110011010 @
b100011010 B
b101001110 6
b101001101 5
#355000
b1011 <
0!
b11000011101110101110111110000110 "
b11000011101110101110111110000110 =
b0 0
b0 7
b11000101110011110111001010001011 ;
b11000101110011110111001010001011 3
b11000101110011110111001010001011 9
b11111101111010110111110011111011 :
b11111101111010110111110011111011 2
b11111101111010110111110011111011 8
b0 ?
b11000101110011110111001010001011 A
b11111101111010110111110011111011 @
b100011011 B
b101001111 6
b101001110 5
11
#356000
b10001 <
1!
b0 "
b0 =
b110 0
b110 7
b111000111001100001001101110001 ;
b111000111001100001001101110001 3
b111000111001100001001101110001 9
b11100110010010000010100011001100 :
b11100110010010000010100011001100 2
b11100110010010000010100011001100 8
b110 ?
b111000111001100001001101110001 A
b11100110010010000010100011001100 @
b100011100 B
b101010000 6
b101001111 5
#357000
b11011 <
0!
b1000000000000000000000000000 "
b1000000000000000000000000000 =
b111 0
b111 7
b10111101111000110100100001111011 ;
b10111101111000110100100001111011 3
b10111101111000110100100001111011 9
b110000100111001101101101100001 :
b110000100111001101101101100001 2
b110000100111001101101101100001 8
b111 ?
b10111101111000110100100001111011 A
b110000100111001101101101100001 @
b100011101 B
b101010001 6
b101010000 5
#358000
b0 <
b11101000001000010010001111010001 "
b11101000001000010010001111010001 =
b1 0
b1 7
b11100000011000001001100011000000 ;
b11100000011000001001100011000000 3
b11100000011000001001100011000000 9
b11001000100000011011110010010001 :
b11001000100000011011110010010001 2
b11001000100000011011110010010001 8
b1 ?
b11100000011000001001100011000000 A
b11001000100000011011110010010001 @
b100011110 B
b101010010 6
b101010001 5
#359000
b10100 <
1!
b0 "
b0 =
b1011 0
b1011 7
b101010000111010111001101010100 ;
b101010000111010111001101010100 3
b101010000111010111001101010100 9
b10111111010100111011010001111110 :
b10111111010100111011010001111110 2
b10111111010100111011010001111110 8
b1011 ?
b101010000111010111001101010100 A
b10111111010100111011010001111110 @
b100011111 B
b101010011 6
b101010010 5
#360000
b111 <
0!
b100000110110100010100001000001 "
b100000110110100010100001000001 =
b10 0
b10 7
b1110011111110100111110111100111 ;
b1110011111110100111110111100111 3
b1110011111110100111110111100111 9
b10100100110111100010100001001001 :
b10100100110111100010100001001001 2
b10100100110111100010100001001001 8
b10 ?
b1110011111110100111110111100111 A
b10100100110111100010100001001001 @
b100100000 B
b101010100 6
b101010011 5
01
#361000
b11011 <
1!
b0 "
b0 =
b101 0
b101 7
b10101101111011100000000001011011 ;
b10101101111011100000000001011011 3
b10101101111011100000000001011011 9
b1000001101101011101010110000011 :
b1000001101101011101010110000011 2
b1000001101101011101010110000011 8
b101 ?
b10101101111011100000000001011011 A
b1000001101101011101010110000011 @
b100100001 B
b101010101 6
b101010100 5
#362000
b10111 <
b1101 0
b1101 7
b10111011100100110100101001110111 ;
b10111011100100110100101001110111 3
b10111011100100110100101001110111 9
b1001010111111101011111110010101 :
b1001010111111101011111110010101 2
b1001010111111101011111110010101 8
b1101 ?
b10111011100100110100101001110111 A
b1001010111111101011111110010101 @
b100100010 B
b101010110 6
b101010101 5
#363000
b1111 <
0!
b1010011001000000000111010100110 "
b1010011001000000000111010100110 =
b10 0
b10 7
b11010111111000011010111010101111 ;
b11010111111000011010111010101111 3
b11010111111000011010111010101111 9
b1110011001011000101111111100110 :
b1110011001011000101111111100110 2
b1110011001011000101111111100110 8
b10 ?
b11010111111000011010111010101111 A
b1110011001011000101111111100110 @
b100100011 B
b101010111 6
b101010110 5
#364000
b11100 <
b100000000000000000000000000000 "
b100000000000000000000000000000 =
b111 0
b111 7
b1111110001010011011001111111100 ;
b1111110001010011011001111111100 3
b1111110001010011011001111111100 9
b10001001011001000110000000010010 :
b10001001011001000110000000010010 2
b10001001011001000110000000010010 8
b111 ?
b1111110001010011011001111111100 A
b10001001011001000110000000010010 @
b100100100 B
b101011000 6
b101010111 5
#365000
b11111 <
1!
b0 "
b0 =
b1010 0
b1010 7
b11111111110111000000100111111 ;
b11111111110111000000100111111 3
b11111111110111000000100111111 9
b11100010000000111111000011000100 :
b11100010000000111111000011000100 2
b11100010000000111111000011000100 8
b1010 ?
b11111111110111000000100111111 A
b11100010000000111111000011000100 @
b100100101 B
b101011001 6
b101011000 5
11
#366000
0!
b1110 "
b1110 =
b11010 <
b1000 0
b1000 7
b101101010011011001101101011010 ;
b101101010011011001101101011010 3
b101101010011011001101101011010 9
b111001100010100001100101110011 :
b111001100010100001100101110011 2
b111001100010100001100101110011 8
b1000 ?
b101101010011011001101101011010 A
b111001100010100001100101110011 @
b100100110 B
b101011010 6
b101011001 5
#367000
b10100 <
b10101111111000000000000000000000 "
b10101111111000000000000000000000 =
b111 0
b111 7
b111010000010010110101101110100 ;
b111010000010010110101101110100 3
b111010000010010110101101110100 9
b11111111011100111100101011111110 :
b11111111011100111100101011111110 2
b11111111011100111100101011111110 8
b111 ?
b111010000010010110101101110100 A
b11111111011100111100101011111110 @
b100100111 B
b101011011 6
b101011010 5
#368000
b10 <
1!
b0 "
b0 =
b1011 0
b1011 7
b11110001011010010100100011100010 ;
b11110001011010010100100011100010 3
b11110001011010010100100011100010 9
b1110001001100101011101111100010 :
b1110001001100101011101111100010 2
b1110001001100101011101111100010 8
b1011 ?
b11110001011010010100100011100010 A
b1110001001100101011101111100010 @
b100101000 B
b101011100 6
b101011011 5
#369000
b11111 <
0!
b11011111011111101000000110111 "
b11011111011111101000000110111 =
b0 0
b0 7
b1001111110110111110110110011111 ;
b1001111110110111110110110011111 3
b1001111110110111110110110011111 9
b11001100000100111110001010011000 :
b11001100000100111110001010011000 2
b11001100000100111110001010011000 8
b0 ?
b1001111110110111110110110011111 A
b11001100000100111110001010011000 @
b100101001 B
b101011101 6
b101011100 5
#370000
b11101 <
b1111111111110011111101111111111 "
b1111111111110011111101111111111 =
b11 0
b11 7
b1011110111010010111101110111101 ;
b1011110111010010111101110111101 3
b1011110111010010111101110111101 9
b1111001000100011000100111110010 :
b1111001000100011000100111110010 2
b1111001000100011000100111110010 8
b11 ?
b1011110111010010111101110111101 A
b1111001000100011000100111110010 @
b100101010 B
b101011110 6
b101011101 5
01
#371000
b10100 <
b10110000000000010110001101100000 "
b10110000000000010110001101100000 =
b1 0
b1 7
b10101010000010001010110001010100 ;
b10101010000010001010110001010100 3
b10101010000010001010110001010100 9
b1011010000010100000111110110100 :
b1011010000010100000111110110100 2
b1011010000010100000111110110100 8
b1 ?
b10101010000010001010110001010100 A
b1011010000010100000111110110100 @
b100101011 B
b101011111 6
b101011110 5
#372000
b1100 <
b1 "
b1 =
b101 0
b101 7
b1010110000011001001000110101100 ;
b1010110000011001001000110101100 3
b1010110000011001001000110101100 9
b10001001101101011101010000010011 :
b10001001101101011101010000010011 2
b10001001101101011101010000010011 8
b101 ?
b1010110000011001001000110101100 A
b10001001101101011101010000010011 @
b100101100 B
b101100000 6
b101011111 5
#373000
b10101 <
1!
b0 "
b0 =
b10011010101000000010010000110101 ;
b10011010101000000010010000110101 3
b10011010101000000010010000110101 9
b11101111101100001111100111011 :
b11101111101100001111100111011 2
b11101111101100001111100111011 8
b10011010101000000010010000110101 A
b11101111101100001111100111011 @
b100101101 B
b101100001 6
b101100000 5
#374000
b1100 0
b1100 7
b10101010111000001010001001010101 ;
b10101010111000001010001001010101 3
b10101010111000001010001001010101 9
b11010011000011001100100110100 :
b11010011000011001100100110100 2
b11010011000011001100100110100 8
b1100 ?
b10101010111000001010001001010101 A
b11010011000011001100100110100 @
b100101110 B
b101100010 6
b101100001 5
#375000
b111 <
0!
b10110010011111110111100100000000 "
b10110010011111110111100100000000 =
b111 0
b111 7
b11010011111111100011011010100111 ;
b11010011111111100011011010100111 3
b11010011111111100011011010100111 9
b11111001011001001111111011110010 :
b11111001011001001111111011110010 2
b11111001011001001111111011110010 8
b111 ?
b11010011111111100011011010100111 A
b11111001011001001111111011110010 @
b100101111 B
b101100011 6
b101100010 5
11
#376000
b1 <
1!
b0 "
b0 =
b1011 0
b1011 7
b10100000101110001010001001000001 ;
b10100000101110001010001001000001 3
b10100000101110001010001001000001 9
b11110010001100110001011011100100 :
b11110010001100110001011011100100 2
b11110010001100110001011011100100 8
b1011 ?
b10100000101110001010001001000001 A
b11110010001100110001011011100100 @
b100110000 B
b101100100 6
b101100011 5
#377000
b1101 <
0!
b1011011000111110100000000000000 "
b1011011000111110100000000000000 =
b111 0
b111 7
b11100110100111011101000011001101 ;
b11100110100111011101000011001101 3
b11100110100111011101000011001101 9
b11111101010100101101100011111010 :
b11111101010100101101100011111010 2
b11111101010100101101100011111010 8
b111 ?
b11100110100111011101000011001101 A
b11111101010100101101100011111010 @
b100110001 B
b101100101 6
b101100100 5
#378000
b1000 <
1!
b0 "
b0 =
b1011 0
b1011 7
b11110100001000001000001011101000 ;
b11110100001000001000001011101000 3
b11110100001000001000001011101000 9
b11011010110010011000011010110101 :
b11011010110010011000011010110101 2
b11011010110010011000011010110101 8
b1011 ?
b11110100001000001000001011101000 A
b11011010110010011000011010110101 @
b100110010 B
b101100110 6
b101100101 5
#379000
b10111 <
0!
b100010010 "
b100010010 =
b1000 0
b1000 7
b11011100101111000111100110111 ;
b11011100101111000111100110111 3
b11011100101111000111100110111 9
b10001001000001000010111000010010 :
b10001001000001000010111000010010 2
b10001001000001000010111000010010 8
b1000 ?
b11011100101111000111100110111 A
b10001001000001000010111000010010 @
b100110011 B
b101100111 6
b101100110 5
#380000
b0 <
1!
b0 "
b0 =
b1100 0
b1100 7
b10010000000110000100111000100000 ;
b10010000000110000100111000100000 3
b10010000000110000100111000100000 9
b11111100010011001010010011111000 :
b11111100010011001010010011111000 2
b11111100010011001010010011111000 8
b1100 ?
b10010000000110000100111000100000 A
b11111100010011001010010011111000 @
b100110100 B
b101101000 6
b101100111 5
01
#381000
b1100 <
b1110110001100110101010111101100 ;
b1110110001100110101010111101100 3
b1110110001100110101010111101100 9
b10010001001111100000001000100010 :
b10010001001111100000001000100010 2
b10010001001111100000001000100010 8
b1110110001100110101010111101100 A
b10010001001111100000001000100010 @
b100110101 B
b101101001 6
b101101000 5
#382000
b11110 <
b1011 0
b1011 7
b1111000111100101000100011110 ;
b1111000111100101000100011110 3
b1111000111100101000100011110 9
b111101011111110101101101111010 :
b111101011111110101101101111010 2
b111101011111110101101101111010 8
b1011 ?
b1111000111100101000100011110 A
b111101011111110101101101111010 @
b100110110 B
b101101010 6
b101101001 5
#383000
b1011 <
0!
b111101011010010011110 "
b111101011010010011110 =
b1000 0
b1000 7
b101101101001111011100001011 ;
b101101101001111011100001011 3
b101101101001111011100001011 9
b11110101101001001111001011101011 :
b11110101101001001111001011101011 2
b11110101101001001111001011101011 8
b1000 ?
b101101101001111011100001011 A
b11110101101001001111001011101011 @
b100110111 B
b101101011 6
b101101010 5
#384000
b11100 <
b11111111111111111111111111111010 "
b11111111111111111111111111111010 =
b1001 0
b1001 7
b111110010100000010110101111100 ;
b111110010100000010110101111100 3
b111110010100000010110101111100 9
b10101111010001010101111001011110 :
b10101111010001010101111001011110 2
b10101111010001010101111001011110 8
b1001 ?
b111110010100000010110101111100 A
b10101111010001010101111001011110 @
b100111000 B
b101101100 6
b101101011 5
#385000
b10010 <
b11111111111111111111000101110010 "
b11111111111111111111000101110010 =
b1001010010111101001100010010 ;
b1001010010111101001100010010 3
b1001010010111101001100010010 9
b11000101110010110101010010001011 :
b11000101110010110101010010001011 2
b11000101110010110101010010001011 8
b1001010010111101001100010010 A
b11000101110010110101010010001011 @
b100111001 B
b101101101 6
b101101100 5
11
#386000
b1 <
b1 "
b1 =
b110 0
b110 7
b11110000101010110000000011100001 ;
b11110000101010110000000011100001 3
b11110000101010110000000011100001 9
b11000001110000111101011010000011 :
b11000001110000111101011010000011 2
b11000001110000111101011010000011 8
b110 ?
b11110000101010110000000011100001 A
b11000001110000111101011010000011 @
b100111010 B
b101101110 6
b101101101 5
#387000
b10101 <
b10001001010000000000000000000000 "
b10001001010000000000000000000000 =
b111 0
b111 7
b1101010110011010111001111010101 ;
b1101010110011010111001111010101 3
b1101010110011010111001111010101 9
b10100101001101100101110001001010 :
b10100101001101100101110001001010 2
b10100101001101100101110001001010 8
b111 ?
b1101010110011010111001111010101 A
b10100101001101100101110001001010 @
b100111011 B
b101101111 6
b101101110 5
#388000
b10100 <
b1000001101100110001000010000 "
b1000001101100110001000010000 =
b100 0
b100 7
b11111010001100101000110011110100 ;
b11111010001100101000110011110100 3
b11111010001100101000110011110100 9
b11110010000001001110111011100100 :
b11110010000001001110111011100100 2
b11110010000001001110111011100100 8
b100 ?
b11111010001100101000110011110100 A
b11110010000001001110111011100100 @
b100111100 B
b101110000 6
b101101111 5
#389000
b11 <
1!
b0 "
b0 =
b1010 0
b1010 7
b11110001101000110010111011100011 ;
b11110001101000110010111011100011 3
b11110001101000110010111011100011 9
b1101011000100011111100011010 :
b1101011000100011111100011010 2
b1101011000100011111100011010 8
b1010 ?
b11110001101000110010111011100011 A
b1101011000100011111100011010 @
b100111101 B
b101110001 6
b101110000 5
#390000
b1101 <
0!
b111100111000110100 "
b111100111000110100 =
b1000 0
b1000 7
b10110100001110100011100101101 ;
b10110100001110100011100101101 3
b10110100001110100011100101101 9
b1111001110001101000000111110011 :
b1111001110001101000000111110011 2
b1111001110001101000000111110011 8
b1000 ?
b10110100001110100011100101101 A
b1111001110001101000000111110011 @
b100111110 B
b101110010 6
b101110001 5
01
#391000
b1100 <
1!
b0 "
b0 =
b1111 0
b1111 7
b11110110000100101100100011101100 ;
b11110110000100101100100011101100 3
b11110110000100101100100011101100 9
b1101110100011010100010111011101 :
b1101110100011010100010111011101 2
b1101110100011010100010111011101 8
b1111 ?
b11110110000100101100100011101100 A
b1101110100011010100010111011101 @
b100111111 B
b101110011 6
b101110010 5
#392000
b11000 <
0!
b11111111000000000000000000000000 "
b11111111000000000000000000000000 =
b111 0
b111 7
b111100001100111000010101111000 ;
b111100001100111000010101111000 3
b111100001100111000010101111000 9
b1111111110110111011001111111111 :
b1111111110110111011001111111111 2
b1111111110110111011001111111111 8
b111 ?
b111100001100111000010101111000 A
b1111111110110111011001111111111 @
b101000000 B
b101110100 6
b101110011 5
#393000
b11011 <
b10010110000001111110011100101100 "
b10010110000001111110011100101100 =
b1 0
b1 7
b1111101110010100000111111111011 ;
b1111101110010100000111111111011 3
b1111101110010100000111111111011 9
b10011110100011111011100100111 :
b10011110100011111011100100111 2
b10011110100011111011100100111 8
b1 ?
b1111101110010100000111111111011 A
b10011110100011111011100100111 @
b101000001 B
b101110101 6
b101110100 5
#394000
1!
b0 "
b0 =
b1100 0
b1100 7
b1011101101101111001011110111011 ;
b1011101101101111001011110111011 3
b1011101101101111001011110111011 9
b110010010011001101100001100 :
b110010010011001101100001100 2
b110010010011001101100001100 8
b1100 ?
b1011101101101111001011110111011 A
b110010010011001101100001100 @
b101000010 B
b101110110 6
b101110101 5
#395000
b1010 <
0!
b11011010001011011011010110110011 "
b11011010001011011011010110110011 =
b0 0
b0 7
b110101010101010111101101101010 ;
b110101010101010111101101101010 3
b110101010101010111101101101010 9
b10100100110110000011101001001001 :
b10100100110110000011101001001001 2
b10100100110110000011101001001001 8
b0 ?
b110101010101010111101101101010 A
b10100100110110000011101001001001 @
b101000011 B
b101110111 6
b101110110 5
11
#396000
b10110 <
1!
b0 "
b0 =
b1011 0
b1011 7
b1001011000111001110100110010110 ;
b1001011000111001110100110010110 3
b1001011000111001110100110010110 9
b10001100000001101101001000011000 :
b10001100000001101101001000011000 2
b10001100000001101101001000011000 8
b1011 ?
b1001011000111001110100110010110 A
b10001100000001101101001000011000 @
b101000100 B
b101111000 6
b101110111 5
#397000
b11101 <
0!
b11001001110011001010010110010011 "
b11001001110011001010010110010011 =
b100 0
b100 7
b11011110111010011101010010111101 ;
b11011110111010011101010010111101 3
b11011110111010011101010010111101 9
b10111001001010111000100101110 :
b10111001001010111000100101110 2
b10111001001010111000100101110 8
b100 ?
b11011110111010011101010010111101 A
b10111001001010111000100101110 @
b101000101 B
b101111001 6
b101111000 5
#398000
b10101 <
1!
b0 "
b0 =
b1111 0
b1111 7
b111010100110000010010101110101 ;
b111010100110000010010101110101 3
b111010100110000010010101110101 9
b10111011000001100010100001110110 :
b10111011000001100010100001110110 2
b10111011000001100010100001110110 8
b1111 ?
b111010100110000010010101110101 A
b10111011000001100010100001110110 @
b101000110 B
b101111010 6
b101111001 5
#399000
b11011 <
b1010 0
b1010 7
b111101101010001100110101111011 ;
b111101101010001100110101111011 3
b111101101010001100110101111011 9
b1001010110100111001010110010101 :
b1001010110100111001010110010101 2
b1001010110100111001010110010101 8
b1010 ?
b111101101010001100110101111011 A
b1001010110100111001010110010101 @
b101000111 B
b101111011 6
b101111010 5
#400000
b1001 <
0!
b11101000011000001101111000000000 "
b11101000011000001101111000000000 =
b111 0
b111 7
b11100100100000100100110011001001 ;
b11100100100000100100110011001001 3
b11100100100000100100110011001001 9
b10110111111101000011000001101111 :
b10110111111101000011000001101111 2
b10110111111101000011000001101111 8
b111 ?
b11100100100000100100110011001001 A
b10110111111101000011000001101111 @
b101001000 B
b101111100 6
b101111011 5
01
#401000
b11010 <
b10110 "
b10110 =
b1001 0
b1001 7
b1101101010010001010010111011010 ;
b1101101010010001010010111011010 3
b1101101010010001010010111011010 9
b1011010001101110110000110110100 :
b1011010001101110110000110110100 2
b1011010001101110110000110110100 8
b1001 ?
b1101101010010001010010111011010 A
b1011010001101110110000110110100 @
b101001001 B
b101111101 6
b101111100 5
#402000
b1101 <
b1110110100000001101010011101100 "
b1110110100000001101010011101100 =
b0 0
b0 7
b110101100001110001100001101 ;
b110101100001110001100001101 3
b110101100001110001100001101 9
b1101111110011111111000111011111 :
b1101111110011111111000111011111 2
b1101111110011111111000111011111 8
b0 ?
b110101100001110001100001101 A
b1101111110011111111000111011111 @
b101001010 B
b101111110 6
b101111101 5
#403000
b10001 <
b11101001011110111010001111010010 "
b11101001011110111010001111010010 =
b100 0
b100 7
b10101000110001101100010001010001 ;
b10101000110001101100010001010001 3
b10101000110001101100010001010001 9
b1000001101111010110011110000011 :
b1000001101111010110011110000011 2
b1000001101111010110011110000011 8
b100 ?
b10101000110001101100010001010001 A
b1000001101111010110011110000011 @
b101001011 B
b101111111 6
b101111110 5
#404000
b11001 <
b11000000010001000000000010000000 "
b11000000010001000000000010000000 =
b10 0
b10 7
b11111100111101010000010011111001 ;
b11111100111101010000010011111001 3
b11111100111101010000010011111001 9
b11000000010001100111001010000000 :
b11000000010001100111001010000000 2
b11000000010001100111001010000000 8
b10 ?
b11111100111101010000010011111001 A
b11000000010001100111001010000000 @
b101001100 B
b110000000 6
b101111111 5
#405000
1!
b11111 <
b0 "
b0 =
b111 0
b111 7
b11101111100011010110010011011111 ;
b11101111100011010110010011011111 3
b11101111100011010110010011011111 9
b11100101000001100011101011001010 :
b11100101000001100011101011001010 2
b11100101000001100011101011001010 8
b111 ?
b11101111100011010110010011011111 A
b11100101000001100011101011001010 @
b101001101 B
b110000001 6
b110000000 5
11
#406000
b10000 <
b101 0
b101 7
b11011000010010011000100010110000 ;
b11011000010010011000100010110000 3
b11011000010010011000100010110000 9
b1000010011110010111010110000100 :
b1000010011110010111010110000100 2
b1000010011110010111010110000100 8
b101 ?
b11011000010010011000100010110000 A
b1000010011110010111010110000100 @
b101001110 B
b110000010 6
b110000001 5
#407000
b11110 <
1!
b0 "
b0 =
b1000 0
b1000 7
b1101111001101000010010111011110 ;
b1101111001101000010010111011110 3
b1101111001101000010010111011110 9
b1000000010011000010100010000 :
b1000000010011000010100010000 2
b1000000010011000010100010000 8
b1000 ?
b1101111001101000010010111011110 A
b1000000010011000010100010000 @
b101001111 B
b110000011 6
b110000010 5
#408000
b10111 <
0!
b1101111111110001111101111011111 "
b1101111111110001111101111011111 =
b11 0
b11 7
b1101011111110000010001111010111 ;
b1101011111110000010001111010111 3
b1101011111110000010001111010111 9
b100100110001111101100001001 :
b100100110001111101100001001 2
b100100110001111101100001001 8
b11 ?
b1101011111110000010001111010111 A
b100100110001111101100001001 @
b101010000 B
b110000100 6
b110000011 5
#409000
b10001 <
1!
b0 "
b0 =
b1101 0
b1101 7
b1001000110000111011011110010001 ;
b1001000110000111011011110010001 3
b1001000110000111011011110010001 9
b10000110110010000011001000001101 :
b10000110110010000011001000001101 2
b10000110110010000011001000001101 8
b1101 ?
b1001000110000111011011110010001 A
b10000110110010000011001000001101 @
b101010001 B
b110000101 6
b110000100 5
#410000
b1111 <
0!
b1001101011101111 "
b1001101011101111 =
b1000 0
b1000 7
b10111101111011000011100101111 ;
b10111101111011000011100101111 3
b10111101111011000011100101111 9
b1001101011101111111100110011010 :
b1001101011101111111100110011010 2
b1001101011101111111100110011010 8
b1000 ?
b10111101111011000011100101111 A
b1001101011101111111100110011010 @
b101010010 B
b110000110 6
b110000101 5
01
#411000
b110 <
1!
b0 "
b0 =
b101 0
b101 7
b11100011001001000111001011000110 ;
b11100011001001000111001011000110 3
b11100011001001000111001011000110 9
b1011011110101011000001110110111 :
b1011011110101011000001110110111 2
b1011011110101011000001110110111 8
b101 ?
b11100011001001000111001011000110 A
b1011011110101011000001110110111 @
b101010011 B
b110000111 6
b110000110 5
#412000
b1111 <
b1010 0
b1010 7
b10111101101000111111100101111 ;
b10111101101000111111100101111 3
b10111101101000111111100101111 9
b11001110000000111110110010011100 :
b11001110000000111110110010011100 2
b11001110000000111110110010011100 8
b1010 ?
b10111101101000111111100101111 A
b11001110000000111110110010011100 @
b101010100 B
b110001000 6
b110000111 5
#413000
b10 <
0!
b11110011011011111100111010100110 "
b11110011011011111100111010100110 =
b1001 0
b1001 7
b10110001001000000000000001100010 ;
b10110001001000000000000001100010 3
b10110001001000000000000001100010 9
b11001101101111110011101010011011 :
b11001101101111110011101010011011 2
b11001101101111110011101010011011 8
b1001 ?
b10110001001000000000000001100010 A
b11001101101111110011101010011011 @
b101010101 B
b110001001 6
b110001000 5
#414000
b1101 <
b1 "
b1 =
b110 0
b110 7
b11000110100100000001001010001101 ;
b11000110100100000001001010001101 3
b11000110100100000001001010001101 9
b10111010001111000001100101110 :
b10111010001111000001100101110 2
b10111010001111000001100101110 8
b110 ?
b11000110100100000001001010001101 A
b10111010001111000001100101110 @
b101010110 B
b110001010 6
b110001001 5
#415000
b0 <
b100111111101100010000001010 "
b100111111101100010000001010 =
b1 0
b1 7
b11010000000111011111000010100000 ;
b11010000000111011111000010100000 3
b11010000000111011111000010100000 9
b11010101000111001011010010101010 :
b11010101000111001011010010101010 2
b11010101000111001011010010101010 8
b1 ?
b11010000000111011111000010100000 A
b11010101000111001011010010101010 @
b101010111 B
b110001011 6
b110001010 5
11
#416000
b1000 <
1!
b0 "
b0 =
b1111 0
b1111 7
b11110100011011001010100011101000 ;
b11110100011011001010100011101000 3
b11110100011011001010100011101000 9
b11111000011000000010111011110000 :
b11111000011000000010111011110000 2
b11111000011000000010111011110000 8
b1111 ?
b11110100011011001010100011101000 A
b11111000011000000010111011110000 @
b101011000 B
b110001100 6
b110001011 5
#417000
b11011 <
0!
b1101 "
b1101 =
b1001 0
b1001 7
b1011101100000110110001110111011 ;
b1011101100000110110001110111011 3
b1011101100000110110001110111011 9
b1101000110011010000100111010001 :
b1101000110011010000100111010001 2
b1101000110011010000100111010001 8
b1001 ?
b1011101100000110110001110111011 A
b1101000110011010000100111010001 @
b101011001 B
b110001101 6
b110001100 5
#418000
b11000 <
1!
b0 "
b0 =
b1011 0
b1011 7
b101100010000000010000101011000 ;
b101100010000000010000101011000 3
b101100010000000010000101011000 9
b111110100011101101010101111101 :
b111110100011101101010101111101 2
b111110100011101101010101111101 8
b1011 ?
b101100010000000010000101011000 A
b111110100011101101010101111101 @
b101011010 B
b110001110 6
b110001101 5
#419000
b110 <
b10000011010111011010001000000110 ;
b10000011010111011010001000000110 3
b10000011010111011010001000000110 9
b1001011101011000010111110010111 :
b1001011101011000010111110010111 2
b1001011101011000010111110010111 8
b10000011010111011010001000000110 A
b1001011101011000010111110010111 @
b101011011 B
b110001111 6
b110001110 5
#420000
b10111 <
b1111 0
b1111 7
b11101011101100001111011011010111 ;
b11101011101100001111011011010111 3
b11101011101100001111011011010111 9
b1100010010010110110001111000100 :
b1100010010010110110001111000100 2
b1100010010010110110001111000100 8
b1111 ?
b11101011101100001111011011010111 A
b1100010010010110110001111000100 @
b101011100 B
b110010000 6
b110001111 5
01
#421000
b10011 <
0!
b10011011000 "
b10011011000 =
b1001 0
b1001 7
b111001101111111100011101110011 ;
b111001101111111100011101110011 3
b111001101111111100011101110011 9
b100110110001110001001101001101 :
b100110110001110001001101001101 2
b100110110001110001001101001101 8
b1001 ?
b111001101111111100011101110011 A
b100110110001110001001101001101 @
b101011101 B
b110010001 6
b110010000 5
#422000
b11001 <
1!
b0 "
b0 =
b1100 0
b1100 7
b1011100110111000110010110111001 ;
b1011100110111000110010110111001 3
b1011100110111000110010110111001 9
b10100111000000110111010001001110 :
b10100111000000110111010001001110 2
b10100111000000110111010001001110 8
b1100 ?
b1011100110111000110010110111001 A
b10100111000000110111010001001110 @
b101011110 B
b110010010 6
b110010001 5
#423000
b1 <
0!
b1 "
b1 =
b101 0
b101 7
b1000000111110110100111110000001 ;
b1000000111110110100111110000001 3
b1000000111110110100111110000001 9
b10011100110101101100001000111001 :
b10011100110101101100001000111001 2
b10011100110101101100001000111001 8
b101 ?
b1000000111110110100111110000001 A
b10011100110101101100001000111001 @
b101011111 B
b110010011 6
b110010010 5
#424000
b11110 <
1!
b0 "
b0 =
b1111 0
b1111 7
b1111111010100110111110111111110 ;
b1111111010100110111110111111110 3
b1111111010100110111110111111110 9
b1000111111010111110111110001111 :
b1000111111010111110111110001111 2
b1000111111010111110111110001111 8
b1111 ?
b1111111010100110111110111111110 A
b1000111111010111110111110001111 @
b101100000 B
b110010100 6
b110010011 5
#425000
b10011 <
0!
b1000000011110000000000000000000 "
b1000000011110000000000000000000 =
b111 0
b111 7
b11001100110111100101100110011 ;
b11001100110111100101100110011 3
b11001100110111100101100110011 9
b10000111100010101000100000001111 :
b10000111100010101000100000001111 2
b10000111100010101000100000001111 8
b111 ?
b11001100110111100101100110011 A
b10000111100010101000100000001111 @
b101100001 B
b110010101 6
b110010100 5
11
#426000
b11010 <
b1010 "
b1010 =
b1000 0
b1000 7
b11001101010101110101001010011010 ;
b11001101010101110101001010011010 3
b11001101010101110101001010011010 9
b101011000011011010010101010110 :
b101011000011011010010101010110 2
b101011000011011010010101010110 8
b1000 ?
b11001101010101110101001010011010 A
b101011000011011010010101010110 @
b101100010 B
b110010110 6
b110010101 5
#427000
b10011 <
1!
b0 "
b0 =
b1100 0
b1100 7
b1101001110011010111011111010011 ;
b1101001110011010111011111010011 3
b1101001110011010111011111010011 9
b100100111010010000011101001001 :
b100100111010010000011101001001 2
b100100111010010000011101001001 8
b1100 ?
b1101001110011010111011111010011 A
b100100111010010000011101001001 @
b101100011 B
b110010111 6
b110010110 5
#428000
b11000 <
0!
b10110000010110001110011101100000 "
b10110000010110001110011101100000 =
b1 0
b1 7
b10111100000111000000111001111000 ;
b10111100000111000000111001111000 3
b10111100000111000000111001111000 9
b1101100011101001111010111011000 :
b1101100011101001111010111011000 2
b1101100011101001111010111011000 8
b1 ?
b10111100000111000000111001111000 A
b1101100011101001111010111011000 @
b101100100 B
b110011000 6
b110010111 5
#429000
b1001 <
1!
b0 "
b0 =
b1010 0
b1010 7
b10000100100101101101011000001001 ;
b10000100100101101101011000001001 3
b10000100100101101101011000001001 9
b10010010110100000110000000100101 :
b10010010110100000110000000100101 2
b10010010110100000110000000100101 8
b1010 ?
b10000100100101101101011000001001 A
b10010010110100000110000000100101 @
b101100101 B
b110011001 6
b110011000 5
#430000
b10011 <
0!
b1 "
b1 =
b110 0
b110 7
b11101001100110110001110011010011 ;
b11101001100110110001110011010011 3
b11101001100110110001110011010011 9
b10010110001011000110100000101100 :
b10010110001011000110100000101100 2
b10010110001011000110100000101100 8
b110 ?
b11101001100110110001110011010011 A
b10010110001011000110100000101100 @
b101100110 B
b110011010 6
b110011001 5
01
#431000
b1100 <
b1010110011010101011000010101100 "
b1010110011010101011000010101100 =
b0 0
b0 7
b1010110000011010101111110101100 ;
b1010110000011010101111110101100 3
b1010110000011010101111110101100 9
b10111010101000100000000 :
b10111010101000100000000 2
b10111010101000100000000 8
b0 ?
b1010110000011010101111110101100 A
b10111010101000100000000 @
b101100111 B
b110011011 6
b110011010 5
#432000
b0 <
b1 "
b1 =
b101 0
b101 7
b11010000001111000100000010100000 ;
b11010000001111000100000010100000 3
b11010000001111000100000010100000 9
b10110110011010100101100001101100 :
b10110110011010100101100001101100 2
b10110110011010100101100001101100 8
b101 ?
b11010000001111000100000010100000 A
b10110110011010100101100001101100 @
b101101000 B
b110011100 6
b110011011 5
#433000
1!
b0 "
b0 =
b1100 0
b1100 7
b11011010000111100000000 ;
b11011010000111100000000 3
b11011010000111100000000 9
b1101000110000010100111111010001 :
b1101000110000010100111111010001 2
b1101000110000010100111111010001 8
b1100 ?
b11011010000111100000000 A
b1101000110000010100111111010001 @
b101101001 B
b110011101 6
b110011100 5
#434000
b1100000010111011011101111000000 ;
b1100000010111011011101111000000 3
b1100000010111011011101111000000 9
b1101100000110011000011111011000 :
b1101100000110011000011111011000 2
b1101100000110011000011111011000 8
b1100000010111011011101111000000 A
b1101100000110011000011111011000 @
b101101010 B
b110011110 6
b110011101 5
#435000
b10001 <
0!
b1100001101000100000000000000000 "
b1100001101000100000000000000000 =
b111 0
b111 7
b10101000101110110000110001010001 ;
b10101000101110110000110001010001 3
b10101000101110110000110001010001 9
b11101000110011111011000011010001 :
b11101000110011111011000011010001 2
b11101000110011111011000011010001 8
b111 ?
b10101000101110110000110001010001 A
b11101000110011111011000011010001 @
b101101011 B
b110011111 6
b110011110 5
11
#436000
b10011 <
b11111100001010000010010111111000 "
b11111100001010000010010111111000 =
b0 0
b0 7
b1011001100000110110011110110011 ;
b1011001100000110110011110110011 3
b1011001100000110110011110110011 9
b10100010101001001011111001000101 :
b10100010101001001011111001000101 2
b10100010101001001011111001000101 8
b0 ?
b1011001100000110110011110110011 A
b10100010101001001011111001000101 @
b101101100 B
b110100000 6
b110011111 5
#437000
b11100 <
1!
b0 "
b0 =
b110 0
b110 7
b1111110010110110101001111111100 ;
b1111110010110110101001111111100 3
b1111110010110110101001111111100 9
b11000000010010011100011010000000 :
b11000000010010011100011010000000 2
b11000000010010011100011010000000 8
b110 ?
b1111110010110110101001111111100 A
b11000000010010011100011010000000 @
b101101101 B
b110100001 6
b110100000 5
#438000
b10001 <
0!
b11111111111111111110000001010110 "
b11111111111111111110000001010110 =
b1001 0
b1001 7
b10011000101101001101110000110001 ;
b10011000101101001101110000110001 3
b10011000101101001101110000110001 9
b11000000101011011000000010000001 :
b11000000101011011000000010000001 2
b11000000101011011000000010000001 8
b1001 ?
b10011000101101001101110000110001 A
b11000000101011011000000010000001 @
b101101110 B
b110100010 6
b110100001 5
#439000
b11111 <
b1100000010100000000000011 "
b1100000010100000000000011 =
b10 0
b10 7
b10011111110000010100001000111111 ;
b10011111110000010100001000111111 3
b10011111110000010100001000111111 9
b1000001101100011111110110000011 :
b1000001101100011111110110000011 2
b1000001101100011111110110000011 8
b10 ?
b10011111110000010100001000111111 A
b1000001101100011111110110000011 @
b101101111 B
b110100011 6
b110100010 5
#440000
b11110 <
b11111111111111111111111111111110 "
b11111111111111111111111111111110 =
b1001 0
b1001 7
b111111010100101001001101111110 ;
b111111010100101001001101111110 3
b111111010100101001001101111110 9
b10110010000101011000110001100100 :
b10110010000101011000110001100100 2
b10110010000101011000110001100100 8
b1001 ?
b111111010100101001001101111110 A
b10110010000101011000110001100100 @
b101110000 B
b110100100 6
b110100011 5
01
#441000
b1 "
b1 =
b1000 0
b1000 7
b1001111001000110100110110011110 ;
b1001111001000110100110110011110 3
b1001111001000110100110110011110 9
b1000111001011011111101110001110 :
b1000111001011011111101110001110 2
b1000111001011011111101110001110 8
b1000 ?
b1001111001000110100110110011110 A
b1000111001011011111101110001110 @
b101110001 B
b110100101 6
b110100100 5
#442000
b1010 <
b10100101111010111111101101001011 "
b10100101111010111111101101001011 =
b11 0
b11 7
b10000101011010011111101000001010 ;
b10000101011010011111101000001010 3
b10000101011010011111101000001010 9
b100100100000111001101101001001 :
b100100100000111001101101001001 2
b100100100000111001101101001001 8
b11 ?
b10000101011010011111101000001010 A
b100100100000111001101101001001 @
b101110010 B
b110100110 6
b110100101 5
#443000
b1001 <
1!
b0 "
b0 =
b1011 0
b1011 7
b10100100110110011000011001001001 ;
b10100100110110011000011001001001 3
b10100100110110011000011001001001 9
b10101000101111111100100001010001 :
b10101000101111111100100001010001 2
b10101000101111111100100001010001 8
b1011 ?
b10100100110110011000011001001001 A
b10101000101111111100100001010001 @
b101110011 B
b110100111 6
b110100110 5
#444000
b11000 <
b1010 0
b1010 7
b10101100010100001001110001011000 ;
b10101100010100001001110001011000 3
b10101100010100001001110001011000 9
b10110110010010101110011001101100 :
b10110110010010101110011001101100 2
b10110110010010101110011001101100 8
b1010 ?
b10101100010100001001110001011000 A
b10110110010010101110011001101100 @
b101110100 B
b110101000 6
b110100111 5
#445000
b11 <
0!
b11110010111110111011110001000101 "
b11110010111110111011110001000101 =
b1001 0
b1001 7
b11000001110011110101101010000011 ;
b11000001110011110101101010000011 3
b11000001110011110101101010000011 9
b10010111110111011110001000101111 :
b10010111110111011110001000101111 2
b10010111110111011110001000101111 8
b1001 ?
b11000001110011110101101010000011 A
b10010111110111011110001000101111 @
b101110101 B
b110101001 6
b110101000 5
11
#446000
b10100 <
1!
b0 "
b0 =
b1100 0
b1100 7
b11001010000011100100010010010100 ;
b11001010000011100100010010010100 3
b11001010000011100100010010010100 9
b1101010010111011101101111010100 :
b1101010010111011101101111010100 2
b1101010010111011101101111010100 8
b1100 ?
b11001010000011100100010010010100 A
b1101010010111011101101111010100 @
b101110110 B
b110101010 6
b110101001 5
#447000
b110 <
b1111 0
b1111 7
b100011001100000001101101000110 ;
b100011001100000001101101000110 3
b100011001100000001101101000110 9
b11110001100100110011100111100 :
b11110001100100110011100111100 2
b11110001100100110011100111100 8
b1111 ?
b100011001100000001101101000110 A
b11110001100100110011100111100 @
b101110111 B
b110101011 6
b110101010 5
#448000
b10111 <
0!
b11100100100011100010000111000 "
b11100100100011100010000111000 =
b0 0
b0 7
b1111011110111100001010111110111 ;
b1111011110111100001010111110111 3
b1111011110111100001010111110111 9
b10100000101100111010111001000001 :
b10100000101100111010111001000001 2
b10100000101100111010111001000001 8
b0 ?
b1111011110111100001010111110111 A
b10100000101100111010111001000001 @
b101111000 B
b110101100 6
b110101011 5
#449000
b10 <
b1110010000100100101111011100 "
b1110010000100100101111011100 =
b1001 0
b1001 7
b1010001001101101010010110100010 ;
b1010001001101101010010110100010 3
b1010001001101101010010110100010 9
b111001000010010010111101110010 :
b111001000010010010111101110010 2
b111001000010010010111101110010 8
b1001 ?
b1010001001101101010010110100010 A
b111001000010010010111101110010 @
b101111001 B
b110101101 6
b110101100 5
#450000
b1011 <
b11000001010010000000000010000010 "
b11000001010010000000000010000010 =
b10 0
b10 7
b11100101110011101011000011001011 ;
b11100101110011101011000011001011 3
b11100101110011101011000011001011 9
b11001001010010010000001010010010 :
b11001001010010010000001010010010 2
b11001001010010010000001010010010 8
b10 ?
b11100101110011101011000011001011 A
b11001001010010010000001010010010 @
b101111010 B
b110101110 6
b110101101 5
01
#451000
b11111111111100110001011010011101 "
b11111111111100110001011010011101 =
b1001 0
b1001 7
b1100101110010000000001111001011 ;
b1100101110010000000001111001011 3
b1100101110010000000001111001011 9
b10011000101101001110111000110001 :
b10011000101101001110111000110001 2
b10011000101101001110111000110001 8
b1001 ?
b1100101110010000000001111001011 A
b10011000101101001110111000110001 @
b101111011 B
b110101111 6
b110101110 5
#452000
1!
b11110 <
b0 "
b0 =
b101111010010010101001101011110 ;
b101111010010010101001101011110 3
b101111010010010101001101011110 9
b111000101000111000100101110001 :
b111000101000111000100101110001 2
b111000101000111000100101110001 8
b101111010010010101001101011110 A
b111000101000111000100101110001 @
b101111100 B
b110110000 6
b110101111 5
#453000
b1000 <
b1100 0
b1100 7
b100010000010000110100001000 ;
b100010000010000110100001000 3
b100010000010000110100001000 9
b11011010111100110101011010110101 :
b11011010111100110101011010110101 2
b11011010111100110101011010110101 8
b1100 ?
b100010000010000110100001000 A
b11011010111100110101011010110101 @
b101111101 B
b110110001 6
b110110000 5
#454000
b10000 <
0!
b1 "
b1 =
b110 0
b110 7
b11011000000001111111001010110000 ;
b11011000000001111111001010110000 3
b11011000000001111111001010110000 9
b10011111100000001001100000111111 :
b10011111100000001001100000111111 2
b10011111100000001001100000111111 8
b110 ?
b11011000000001111111001010110000 A
b10011111100000001001100000111111 @
b101111110 B
b110110010 6
b110110001 5
#455000
b101 <
b110000000000000000000 "
b110000000000000000000 =
b10 0
b10 7
b10100111110000010100000101 ;
b10100111110000010100000101 3
b10100111110000010100000101 9
b10011001000110000011000000110010 :
b10011001000110000011000000110010 2
b10011001000110000011000000110010 8
b10 ?
b10100111110000010100000101 A
b10011001000110000011000000110010 @
b101111111 B
b110110011 6
b110110010 5
11
#456000
b11101 <
b110 "
b110 =
b1000 0
b1000 7
b111110110000100110011101111101 ;
b111110110000100110011101111101 3
b111110110000100110011101111101 9
b11011100000101101101100010111000 :
b11011100000101101101100010111000 2
b11011100000101101101100010111000 8
b1000 ?
b111110110000100110011101111101 A
b11011100000101101101100010111000 @
b110000000 B
b110110100 6
b110110011 5
#457000
b1001 <
1!
b0 "
b0 =
b1011 0
b1011 7
b1100100111010110011100111001001 ;
b1100100111010110011100111001001 3
b1100100111010110011100111001001 9
b11000110100001111000101010001101 :
b11000110100001111000101010001101 2
b11000110100001111000101010001101 8
b1011 ?
b1100100111010110011100111001001 A
b11000110100001111000101010001101 @
b110000001 B
b110110101 6
b110110100 5
#458000
b101 <
0!
b10101000100010001010000101010001 "
b10101000100010001010000101010001 =
b100 0
b100 7
b1110010100110100111111111100101 ;
b1110010100110100111111111100101 3
b1110010100110100111111111100101 9
b11011010000100101101111010110100 :
b11011010000100101101111010110100 2
b11011010000100101101111010110100 8
b100 ?
b1110010100110100111111111100101 A
b11011010000100101101111010110100 @
b110000010 B
b110110110 6
b110110101 5
#459000
b1101 <
b10111110101111110011100101111 "
b10111110101111110011100101111 =
b11 0
b11 7
b10110100100011010001100101101 ;
b10110100100011010001100101101 3
b10110100100011010001100101101 9
b10001110001101100010100100011 :
b10001110001101100010100100011 2
b10001110001101100010100100011 8
b11 ?
b10110100100011010001100101101 A
b10001110001101100010100100011 @
b110000011 B
b110110111 6
b110110110 5
#460000
b10100 <
b1110101001110011110001011101010 "
b1110101001110011110001011101010 =
b100 0
b100 7
b1011010000011110010011110110100 ;
b1011010000011110010011110110100 3
b1011010000011110010011110110100 9
b101111001101101100010101011110 :
b101111001101101100010101011110 2
b101111001101101100010101011110 8
b100 ?
b1011010000011110010011110110100 A
b101111001101101100010101011110 @
b110000100 B
b110111000 6
b110110111 5
01
#461000
b100 <
b1100100001101110100110011001000 "
b1100100001101110100110011001000 =
b0 0
b0 7
b110010000010101000101101100100 ;
b110010000010101000101101100100 3
b110010000010101000101101100100 9
b110010001011001100000101100100 :
b110010001011001100000101100100 2
b110010001011001100000101100100 8
b0 ?
b110010000010101000101101100100 A
b110010001011001100000101100100 @
b110000101 B
b110111001 6
b110111000 5
#462000
b11011 <
1!
b0 "
b0 =
b1111 0
b1111 7
b1001101111111101000011110011011 ;
b1001101111111101000011110011011 3
b1001101111111101000011110011011 9
b11000101010001001101100010001010 :
b11000101010001001101100010001010 2
b11000101010001001101100010001010 8
b1111 ?
b1001101111111101000011110011011 A
b11000101010001001101100010001010 @
b110000110 B
b110111010 6
b110111001 5
#463000
b1011 <
b1011 0
b1011 7
b1010101111111110010001110101011 ;
b1010101111111110010001110101011 3
b1010101111111110010001110101011 9
b10110101111110001111101001101011 :
b10110101111110001111101001101011 2
b10110101111110001111101001101011 8
b1011 ?
b1010101111111110010001110101011 A
b10110101111110001111101001101011 @
b110000111 B
b110111011 6
b110111010 5
#464000
b11001 <
0!
b101111 "
b101111 =
b1000 0
b1000 7
b11101100111111110010010011011001 ;
b11101100111111110010010011011001 3
b11101100111111110010010011011001 9
b1011110100111010010111110111101 :
b1011110100111010010111110111101 2
b1011110100111010010111110111101 8
b1000 ?
b11101100111111110010010011011001 A
b1011110100111010010111110111101 @
b110001000 B
b110111100 6
b110111011 5
#465000
b11111 <
1!
b0 "
b0 =
b1111 0
b1111 7
b10101111110100010010011001011111 ;
b10101111110100010010011001011111 3
b10101111110100010010011001011111 9
b11110000010110011010110011100000 :
b11110000010110011010110011100000 2
b11110000010110011010110011100000 8
b1111 ?
b10101111110100010010011001011111 A
b11110000010110011010110011100000 @
b110001001 B
b110111101 6
b110111100 5
11
#466000
b110 <
0!
b1101101100100110010010011000000 "
b1101101100100110010010011000000 =
b111 0
b111 7
b10011000110000000001100100110 ;
b10011000110000000001100100110 3
b10011000110000000001100100110 9
b11001001101101100100110010010011 :
b11001001101101100100110010010011 2
b11001001101101100100110010010011 8
b111 ?
b10011000110000000001100100110 A
b11001001101101100100110010010011 @
b110001010 B
b110111110 6
b110111101 5
#467000
b1100 <
b10001110100000001001000000000000 "
b10001110100000001001000000000000 =
b10110110001011011000010001101100 ;
b10110110001011011000010001101100 3
b10110110001011011000010001101100 9
b10000100101010001110100000001001 :
b10000100101010001110100000001001 2
b10000100101010001110100000001001 8
b10110110001011011000010001101100 A
b10000100101010001110100000001001 @
b110001011 B
b110111111 6
b110111110 5
#468000
b10111 <
b10110000 "
b10110000 =
b1001 0
b1001 7
b11111011100111111011100011110111 ;
b11111011100111111011100011110111 3
b11111011100111111011100011110111 9
b1011000010110001011110110110000 :
b1011000010110001011110110110000 2
b1011000010110001011110110110000 8
b1001 ?
b11111011100111111011100011110111 A
b1011000010110001011110110110000 @
b110001100 B
b111000000 6
b110111111 5
#469000
b10110 <
b10101110000000000000000000000 "
b10101110000000000000000000000 =
b111 0
b111 7
b111011000100011111001101110110 ;
b111011000100011111001101110110 3
b111011000100011111001101110110 9
b10101011111010001100000001010111 :
b10101011111010001100000001010111 2
b10101011111010001100000001010111 8
b111 ?
b111011000100011111001101110110 A
b10101011111010001100000001010111 @
b110001101 B
b111000001 6
b111000000 5
#470000
b11101 <
b11001011011110110001101110010111 "
b11001011011110110001101110010111 =
b1 0
b1 7
b10001110110010101010001000011101 ;
b10001110110010101010001000011101 3
b10001110110010101010001000011101 9
b1011010010001011011110110110100 :
b1011010010001011011110110110100 2
b1011010010001011011110110110100 8
b1 ?
b10001110110010101010001000011101 A
b1011010010001011011110110110100 @
b110001110 B
b111000010 6
b111000001 5
01
#471000
b110 <
b1010110101100111111011010101100 "
b1010110101100111111011010101100 =
b0 0
b0 7
b110011011011011001001101100110 ;
b110011011011011001001101100110 3
b110011011011011001001101100110 9
b100011010001100110001101000110 :
b100011010001100110001101000110 2
b100011010001100110001101000110 8
b0 ?
b110011011011011001001101100110 A
b100011010001100110001101000110 @
b110001111 B
b111000011 6
b111000010 5
#472000
b10100 <
b1010001000001101000100010100 "
b1010001000001101000100010100 =
b10 0
b10 7
b101010001011111111010101010100 ;
b101010001011111111010101010100 3
b101010001011111111010101010100 9
b11111101100001101000100111111 :
b11111101100001101000100111111 2
b11111101100001101000100111111 8
b10 ?
b101010001011111111010101010100 A
b11111101100001101000100111111 @
b110010000 B
b111000100 6
b111000011 5
#473000
b110 <
b101001011100001100010001010010 "
b101001011100001100010001010010 =
b0 0
b0 7
b10000011010001001001000000000110 ;
b10000011010001001001000000000110 3
b10000011010001001001000000000110 9
b10100110001011000011010001001100 :
b10100110001011000011010001001100 2
b10100110001011000011010001001100 8
b0 ?
b10000011010001001001000000000110 A
b10100110001011000011010001001100 @
b110010001 B
b111000101 6
b111000100 5
#474000
b11011010000000100100100110110011 "
b11011010000000100100100110110011 =
b11000011010011011101110010000110 ;
b11000011010011011101110010000110 3
b11000011010011011101110010000110 9
b10110101101000110110100101101 :
b10110101101000110110100101101 2
b10110101101000110110100101101 8
b11000011010011011101110010000110 A
b10110101101000110110100101101 @
b110010010 B
b111000110 6
b111000101 5
#475000
b1111 <
b1011100001010101 "
b1011100001010101 =
b1000 0
b1000 7
b11110111111111101100101011101111 ;
b11110111111111101100101011101111 3
b11110111111111101100101011101111 9
b1011100001010101111110110111000 :
b1011100001010101111110110111000 2
b1011100001010101111110110111000 8
b1000 ?
b11110111111111101100101011101111 A
b1011100001010101111110110111000 @
b110010011 B
b111000111 6
b111000110 5
11
#476000
b1001 <
1!
b0 "
b0 =
b1110 0
b1110 7
b10000100110101001010101000001001 ;
b10000100110101001010101000001001 3
b10000100110101001010101000001001 9
b11111101010011000111100111111 :
b11111101010011000111100111111 2
b11111101010011000111100111111 8
b1110 ?
b10000100110101001010101000001001 A
b11111101010011000111100111111 @
b110010100 B
b111001000 6
b111000111 5
#477000
b11110 <
0!
b10 "
b10 =
b1000 0
b1000 7
b10001111010010010110011000011110 ;
b10001111010010010110011000011110 3
b10001111010010010110011000011110 9
b10101010110000011111101001010101 :
b10101010110000011111101001010101 2
b10101010110000011111101001010101 8
b1000 ?
b10001111010010010110011000011110 A
b10101010110000011111101001010101 @
b110010101 B
b111001001 6
b111001000 5
#478000
b10110 <
b11111111111111111111111110011100 "
b11111111111111111111111110011100 =
b1001 0
b1001 7
b11101011010000001110011011010110 ;
b11101011010000001110011011010110 3
b11101011010000001110011011010110 9
b11100111000010100110001011001110 :
b11100111000010100110001011001110 2
b11100111000010100110001011001110 8
b1001 ?
b11101011010000001110011011010110 A
b11100111000010100110001011001110 @
b110010110 B
b111001010 6
b111001001 5
#479000
b1111 <
b11110111111111110111111011101111 "
b11110111111111110111111011101111 =
b11 0
b11 7
b11100111101100110111010011001111 ;
b11100111101100110111010011001111 3
b11100111101100110111010011001111 9
b11010100110011100000101010101001 :
b11010100110011100000101010101001 2
b11010100110011100000101010101001 8
b11 ?
b11100111101100110111010011001111 A
b11010100110011100000101010101001 @
b110010111 B
b111001011 6
b111001010 5
#480000
b10110 <
b1010000000000000000000000000000 "
b1010000000000000000000000000000 =
b111 0
b111 7
b1011011000011000111001110110110 ;
b1011011000011000111001110110110 3
b1011011000011000111001110110110 9
b100000010001111101110101000000 :
b100000010001111101110101000000 2
b100000010001111101110101000000 8
b111 ?
b1011011000011000111001110110110 A
b100000010001111101110101000000 @
b110011000 B
b111001100 6
b111001011 5
01
#481000
b1 <
b11111101111011111101011111111011 "
b11111101111011111101011111111011 =
b11 0
b11 7
b1110000111011011001011111100001 ;
b1110000111011011001011111100001 3
b1110000111011011001011111100001 9
b10101101001001111100010001011010 :
b10101101001001111100010001011010 2
b10101101001001111100010001011010 8
b11 ?
b1110000111011011001011111100001 A
b10101101001001111100010001011010 @
b110011001 B
b111001101 6
b111001100 5
#482000
b100 <
b111011101001100000001001110000 "
b111011101001100000001001110000 =
b111 0
b111 7
b100010011111101011000101000100 ;
b100010011111101011000101000100 3
b100010011111101011000101000100 9
b10010011101110100110000000100111 :
b10010011101110100110000000100111 2
b10010011101110100110000000100111 8
b111 ?
b100010011111101011000101000100 A
b10010011101110100110000000100111 @
b110011010 B
b111001110 6
b111001101 5
#483000
b1000 <
b10111000100111101001111100000000 "
b10111000100111101001111100000000 =
b1010100010101001001001110101000 ;
b1010100010101001001001110101000 3
b1010100010101001001001110101000 9
b11001111101110001001111010011111 :
b11001111101110001001111010011111 2
b11001111101110001001111010011111 8
b1010100010101001001001110101000 A
b11001111101110001001111010011111 @
b110011011 B
b111001111 6
b111001110 5
#484000
b101 <
1!
b0 "
b0 =
b1011 0
b1011 7
b1000010111000111001110110000101 ;
b1000010111000111001110110000101 3
b1000010111000111001110110000101 9
b1000010100101010101110110000101 :
b1000010100101010101110110000101 2
b1000010100101010101110110000101 8
b1011 ?
b1000010111000111001110110000101 A
b1000010100101010101110110000101 @
b110011100 B
b111010000 6
b111001111 5
#485000
b10110 <
0!
b10001111001111100000111100011110 "
b10001111001111100000111100011110 =
b0 0
b0 7
b1001011001011110000010110010110 ;
b1001011001011110000010110010110 3
b1001011001011110000010110010110 9
b1000100000011110000100110001000 :
b1000100000011110000100110001000 2
b1000100000011110000100110001000 8
b0 ?
b1001011001011110000010110010110 A
b1000100000011110000100110001000 @
b110011101 B
b111010001 6
b111010000 5
11
#486000
b10001 <
b111101000010 "
b111101000010 =
b1001 0
b1001 7
b101000101100011111000101010001 ;
b101000101100011111000101010001 3
b101000101100011111000101010001 9
b11110100001011110110100111101 :
b11110100001011110110100111101 2
b11110100001011110110100111101 8
b1001 ?
b101000101100011111000101010001 A
b11110100001011110110100111101 @
b110011110 B
b111010010 6
b111010001 5
#487000
b11101 <
1!
b0 "
b0 =
b1110 0
b1110 7
b1011110110001011110101110111101 ;
b1011110110001011110101110111101 3
b1011110110001011110101110111101 9
b10001110001110011001000000011100 :
b10001110001110011001000000011100 2
b10001110001110011001000000011100 8
b1110 ?
b1011110110001011110101110111101 A
b10001110001110011001000000011100 @
b110011111 B
b111010011 6
b111010010 5
#488000
b1111 <
0!
b100111011001000 "
b100111011001000 =
b1001 0
b1001 7
b10111111010000011111100101111 ;
b10111111010000011111100101111 3
b10111111010000011111100101111 9
b100111011001000111010101001110 :
b100111011001000111010101001110 2
b100111011001000111010101001110 8
b1001 ?
b10111111010000011111100101111 A
b100111011001000111010101001110 @
b110100000 B
b111010100 6
b111010011 5
#489000
b11110 <
1!
b0 "
b0 =
b1111 0
b1111 7
b1111010000000101010100011110 ;
b1111010000000101010100011110 3
b1111010000000101010100011110 9
b11110110011100001111110011101100 :
b11110110011100001111110011101100 2
b11110110011100001111110011101100 8
b1111 ?
b1111010000000101010100011110 A
b11110110011100001111110011101100 @
b110100001 B
b111010101 6
b111010100 5
#490000
b11 <
b1010 0
b1010 7
b1110001101010010001100111100011 ;
b1110001101010010001100111100011 3
b1110001101010010001100111100011 9
b11100000001000010100100011000000 :
b11100000001000010100100011000000 2
b11100000001000010100100011000000 8
b1010 ?
b1110001101010010001100111100011 A
b11100000001000010100100011000000 @
b110100010 B
b111010110 6
b111010101 5
01
#491000
b10001 <
0!
b110010010111000000000001 "
b110010010111000000000001 =
b10 0
b10 7
b1001000111010011111111110010001 ;
b1001000111010011111111110010001 3
b1001000111010011111111110010001 9
b10100101110110010111000001001011 :
b10100101110110010111000001001011 2
b10100101110110010111000001001011 8
b10 ?
b1001000111010011111111110010001 A
b10100101110110010111000001001011 @
b110100011 B
b111010111 6
b111010110 5
#492000
b10011 <
1!
b0 "
b0 =
b1101 0
b1101 7
b10001001110111100010110000010011 ;
b10001001110111100010110000010011 3
b10001001110111100010110000010011 9
b100100110101000100011101001001 :
b100100110101000100011101001001 2
b100100110101000100011101001001 8
b1101 ?
b10001001110111100010110000010011 A
b100100110101000100011101001001 @
b110100100 B
b111011000 6
b111010111 5
#493000
b1000 <
0!
b11010001011100111110000110100 "
b11010001011100111110000110100 =
b100 0
b100 7
b10100010011001110110100101000 ;
b10100010011001110110100101000 3
b10100010011001110110100101000 9
b1110011000101001000100011100 :
b1110011000101001000100011100 2
b1110011000101001000100011100 8
b100 ?
b10100010011001110110100101000 A
b1110011000101001000100011100 @
b110100101 B
b111011001 6
b111011000 5
#494000
b1110 <
b1011101001011101 "
b1011101001011101 =
b1000 0
b1000 7
b1110111011010100110000111101110 ;
b1110111011010100110000111101110 3
b1110111011010100110000111101110 9
b101110100101110111100101011101 :
b101110100101110111100101011101 2
b101110100101110111100101011101 8
b1000 ?
b1110111011010100110000111101110 A
b101110100101110111100101011101 @
b110100110 B
b111011010 6
b111011001 5
#495000
b11000 <
b11001110101001010101000110011 "
b11001110101001010101000110011 =
b0 0
b0 7
b10111100010001100001010001111000 ;
b10111100010001100001010001111000 3
b10111100010001100001010001111000 9
b1011101100011101001010110111011 :
b1011101100011101001010110111011 2
b1011101100011101001010110111011 8
b0 ?
b10111100010001100001010001111000 A
b1011101100011101001010110111011 @
b110100111 B
b111011011 6
b111011010 5
11
#496000
1!
b11110 <
b0 "
b0 =
b1000 0
b1000 7
b10001111001100101111101000011110 ;
b10001111001100101111101000011110 3
b10001111001100101111101000011110 9
b101110100101001011011101011101 :
b101110100101001011011101011101 2
b101110100101001011011101011101 8
b1000 ?
b10001111001100101111101000011110 A
b101110100101001011011101011101 @
b110101000 B
b111011100 6
b111011011 5
#497000
b11011 <
b1100 0
b1100 7
b1101101111111001111000111011011 ;
b1101101111111001111000111011011 3
b1101101111111001111000111011011 9
b1100101101010000111100111001011 :
b1100101101010000111100111001011 2
b1100101101010000111100111001011 8
b1100 ?
b1101101111111001111000111011011 A
b1100101101010000111100111001011 @
b110101001 B
b111011101 6
b111011100 5
#498000
0!
b110111001000011001000000000 "
b110111001000011001000000000 =
b100 <
b111 0
b111 7
b10000001111011101100000100 ;
b10000001111011101100000100 3
b10000001111011101100000100 9
b10000011011100100001100100000 :
b10000011011100100001100100000 2
b10000011011100100001100100000 8
b111 ?
b10000001111011101100000100 A
b10000011011100100001100100000 @
b110101010 B
b111011110 6
b111011101 5
#499000
b10010 <
b1000011001101000000000000000000 "
b1000011001101000000000000000000 =
b11001001011001100010110010010010 ;
b11001001011001100010110010010010 3
b11001001011001100010110010010010 9
b11100110101100010001000011001101 :
b11100110101100010001000011001101 2
b11100110101100010001000011001101 8
b11001001011001100010110010010010 A
b11100110101100010001000011001101 @
b110101011 B
b111011111 6
b111011110 5
#500000
b11110 <
b11011111111110111111111010111111 "
b11011111111110111111111010111111 =
b11 0
b11 7
b11001111001100011111110010011110 ;
b11001111001100011111110010011110 3
b11001111001100011111110010011110 9
b11010100111010100110101010101001 :
b11010100111010100110101010101001 2
b11010100111010100110101010101001 8
b11 ?
b11001111001100011111110010011110 A
b11010100111010100110101010101001 @
b110101100 B
b111100000 6
b111011111 5
01
#501000
b1011 <
b11100101101110110110111111001011 "
b11100101101110110110111111001011 =
b10100101101110010100001001001011 ;
b10100101101110010100001001001011 3
b10100101101110010100001001001011 9
b1100000000010110010110111000000 :
b1100000000010110010110111000000 2
b1100000000010110010110111000000 8
b10100101101110010100001001001011 A
b1100000000010110010110111000000 @
b110101101 B
b111100001 6
b111100000 5
#502000
b10010 <
b11011001101110101111100110110011 "
b11011001101110101111100110110011 =
b11011001001100101101100010110010 ;
b11011001001100101101100010110010 3
b11011001001100101101100010110010 9
b1000000100010100010100110000001 :
b1000000100010100010100110000001 2
b1000000100010100010100110000001 8
b11011001001100101101100010110010 A
b1000000100010100010100110000001 @
b110101110 B
b111100010 6
b111100001 5
#503000
b1000 <
1!
b0 "
b0 =
b1111 0
b1111 7
b100100000000010001000101001000 ;
b100100000000010001000101001000 3
b100100000000010001000101001000 9
b101101011101011100100001011 :
b101101011101011100100001011 2
b101101011101011100100001011 8
b1111 ?
b100100000000010001000101001000 A
b101101011101011100100001011 @
b110101111 B
b111100011 6
b111100010 5
#504000
b1111 <
0!
b1010110011010110000101010101011 "
b1010110011010110000101010101011 =
b0 0
b0 7
b11010111111110000100010010101111 ;
b11010111111110000100010010101111 3
b11010111111110000100010010101111 9
b1111110011100101100010111111100 :
b1111110011100101100010111111100 2
b1111110011100101100010111111100 8
b0 ?
b11010111111110000100010010101111 A
b1111110011100101100010111111100 @
b110110000 B
b111100100 6
b111100011 5
#505000
b10101 <
b11100001110000000000000000000000 "
b11100001110000000000000000000000 =
b111 0
b111 7
b111010101011111000011101110101 ;
b111010101011111000011101110101 3
b111010101011111000011101110101 9
b111011010101101111100001110 :
b111011010101101111100001110 2
b111011010101101111100001110 8
b111 ?
b111010101011111000011101110101 A
b111011010101101111100001110 @
b110110001 B
b111100101 6
b111100100 5
11
#506000
b111 <
b10100100000010000000000101 "
b10100100000010000000000101 =
b10 0
b10 7
b10011100100010011000100100111 ;
b10011100100010011000100100111 3
b10011100100010011000100100111 9
b10000110110100100110111000001101 :
b10000110110100100110111000001101 2
b10000110110100100110111000001101 8
b10 ?
b10011100100010011000100100111 A
b10000110110100100110111000001101 @
b110110010 B
b111100110 6
b111100101 5
#507000
1!
b11111 <
b0 "
b0 =
b1001 0
b1001 7
b11011111110111000011111010111111 ;
b11011111110111000011111010111111 3
b11011111110111000011111010111111 9
b1111110011111110010000111111100 :
b1111110011111110010000111111100 2
b1111110011111110010000111111100 8
b1001 ?
b11011111110111000011111010111111 A
b1111110011111110010000111111100 @
b110110011 B
b111100111 6
b111100110 5
#508000
b1000 <
0!
b1110100110100001001001011101001 "
b1110100110100001001001011101001 =
b0 0
b0 7
b10110100001010001010101001101000 ;
b10110100001010001010101001101000 3
b10110100001010001010101001101000 9
b11000000101001111110100010000001 :
b11000000101001111110100010000001 2
b11000000101001111110100010000001 8
b0 ?
b10110100001010001010101001101000 A
b11000000101001111110100010000001 @
b110110100 B
b111101000 6
b111100111 5
#509000
b11001 <
1!
b0 "
b0 =
b1110 0
b1110 7
b1100100101100010000100011001 ;
b1100100101100010000100011001 3
b1100100101100010000100011001 9
b11111101100100111000000011111011 :
b11111101100100111000000011111011 2
b11111101100100111000000011111011 8
b1110 ?
b1100100101100010000100011001 A
b11111101100100111000000011111011 @
b110110101 B
b111101001 6
b111101000 5
#510000
b1111 <
b1101 0
b1101 7
b11110111110011111111011011101111 ;
b11110111110011111111011011101111 3
b11110111110011111111011011101111 9
b101001100101010001101101010011 :
b101001100101010001101101010011 2
b101001100101010001101101010011 8
b1101 ?
b11110111110011111111011011101111 A
b101001100101010001101101010011 @
b110110110 B
b111101010 6
b111101001 5
01
#511000
b100 <
b1111 0
b1111 7
b10110010011011111111111001100100 ;
b10110010011011111111111001100100 3
b10110010011011111111111001100100 9
b1011000110101111001110110110001 :
b1011000110101111001110110110001 2
b1011000110101111001110110110001 8
b1111 ?
b10110010011011111111111001100100 A
b1011000110101111001110110110001 @
b110110111 B
b111101011 6
b111101010 5
#512000
b1000 <
b1110 0
b1110 7
b110100010111111011111101101000 ;
b110100010111111011111101101000 3
b110100010111111011111101101000 9
b1111011001001001011110111110110 :
b1111011001001001011110111110110 2
b1111011001001001011110111110110 8
b1110 ?
b110100010111111011111101101000 A
b1111011001001001011110111110110 @
b110111000 B
b111101100 6
b111101011 5
#513000
b1010 <
0!
b1001101000000010000000010011001 "
b1001101000000010000000010011001 =
b0 0
b0 7
b10010101001100000011011000101010 ;
b10010101001100000011011000101010 3
b10010101001100000011011000101010 9
b10110111110100001100101001101111 :
b10110111110100001100101001101111 2
b10110111110100001100101001101111 8
b0 ?
b10010101001100000011011000101010 A
b10110111110100001100101001101111 @
b110111001 B
b111101101 6
b111101100 5
#514000
b110 <
1!
b0 "
b0 =
b1101 0
b1101 7
b100011011110000001111101000110 ;
b100011011110000001111101000110 3
b100011011110000001111101000110 9
b11111011101010101110111011110111 :
b11111011101010101110111011110111 2
b11111011101010101110111011110111 8
b1101 ?
b100011011110000001111101000110 A
b11111011101010101110111011110111 @
b110111010 B
b111101110 6
b111101101 5
#515000
b11010 <
0!
b10101101010101000001001101011010 "
b10101101010101000001001101011010 =
b100 0
b100 7
b1111101010010110101001111111010 ;
b1111101010010110101001111111010 3
b1111101010010110101001111111010 9
b11010000000111110100000010100000 :
b11010000000111110100000010100000 2
b11010000000111110100000010100000 8
b100 ?
b1111101010010110101001111111010 A
b11010000000111110100000010100000 @
b110111011 B
b111101111 6
b111101110 5
11
#516000
b0 <
b11001110011110011010000110011 "
b11001110011110011010000110011 =
b11001111101011100000000 ;
b11001111101011100000000 3
b11001111101011100000000 9
b11001101010001110001100110011 :
b11001101010001110001100110011 2
b11001101010001110001100110011 8
b11001111101011100000000 A
b11001101010001110001100110011 @
b110111100 B
b111110000 6
b111101111 5
#517000
b1001 <
b10000100010110101110000000000000 "
b10000100010110101110000000000000 =
b111 0
b111 7
b10010100100100011010101000101001 ;
b10010100100100011010101000101001 3
b10010100100100011010101000101001 9
b111000010000100010110101110000 :
b111000010000100010110101110000 2
b111000010000100010110101110000 8
b111 ?
b10010100100100011010101000101001 A
b111000010000100010110101110000 @
b110111101 B
b111110001 6
b111110000 5
#518000
b10111 <
b1 "
b1 =
b101 0
b101 7
b1101011100000100101110111010111 ;
b1101011100000100101110111010111 3
b1101011100000100101110111010111 9
b1001011010110110111000110010110 :
b1001011010110110111000110010110 2
b1001011010110110111000110010110 8
b101 ?
b1101011100000100101110111010111 A
b1001011010110110111000110010110 @
b110111110 B
b111110010 6
b111110001 5
#519000
b1010 <
b1000001100100010110111 "
b1000001100100010110111 =
b1000 0
b1000 7
b10100101001110000000000001001010 ;
b10100101001110000000000001001010 3
b10100101001110000000000001001010 9
b10000011001000101101111000000110 :
b10000011001000101101111000000110 2
b10000011001000101101111000000110 8
b1000 ?
b10100101001110000000000001001010 A
b10000011001000101101111000000110 @
b110111111 B
b111110011 6
b111110010 5
#520000
b1000 <
b11011100101111110100000100000000 "
b11011100101111110100000100000000 =
b111 0
b111 7
b1000100001011010000011110001000 ;
b1000100001011010000011110001000 3
b1000100001011010000011110001000 9
b100000110111001011111101000001 :
b100000110111001011111101000001 2
b100000110111001011111101000001 8
b111 ?
b1000100001011010000011110001000 A
b100000110111001011111101000001 @
b111000000 B
b111110100 6
b111110011 5
01
#521000
b1110001110111011011101 "
b1110001110111011011101 =
b1001 0
b1001 7
b10010100001000110010001000101000 ;
b10010100001000110010001000101000 3
b10010100001000110010001000101000 9
b111000111011101101110101110001 :
b111000111011101101110101110001 2
b111000111011101101110101110001 8
b1001 ?
b10010100001000110010001000101000 A
b111000111011101101110101110001 @
b111000001 B
b111110101 6
b111110100 5
#522000
b10101 <
b10110110000 "
b10110110000 =
b1000 0
b1000 7
b10101010101010110010010001010101 ;
b10101010101010110010010001010101 3
b10101010101010110010010001010101 9
b10110110000000001110001001101100 :
b10110110000000001110001001101100 2
b10110110000000001110001001101100 8
b1000 ?
b10101010101010110010010001010101 A
b10110110000000001110001001101100 @
b111000010 B
b111110110 6
b111110101 5
#523000
b10100 <
1!
b0 "
b0 =
b1111 0
b1111 7
b1111010000111101000101111110100 ;
b1111010000111101000101111110100 3
b1111010000111101000101111110100 9
b110111100010010000110101101111 :
b110111100010010000110101101111 2
b110111100010010000110101101111 8
b1111 ?
b1111010000111101000101111110100 A
b110111100010010000110101101111 @
b111000011 B
b111110111 6
b111110110 5
#524000
b11000 <
0!
b11010011000000000000000000000000 "
b11010011000000000000000000000000 =
b111 0
b111 7
b10001100011100010010001000011000 ;
b10001100011100010010001000011000 3
b10001100011100010010001000011000 9
b11101001110101010111011011010011 :
b11101001110101010111011011010011 2
b11101001110101010111011011010011 8
b111 ?
b10001100011100010010001000011000 A
b11101001110101010111011011010011 @
b111000100 B
b111111000 6
b111110111 5
#525000
b1000 <
b10011001110011111111100100000000 "
b10011001110011111111100100000000 =
b1100100011001100000000111001000 ;
b1100100011001100000000111001000 3
b1100100011001100000000111001000 9
b1111100100110011100111111111001 :
b1111100100110011100111111111001 2
b1111100100110011100111111111001 8
b1100100011001100000000111001000 A
b1111100100110011100111111111001 @
b111000101 B
b111111001 6
b111111000 5
11
#526000
b11 <
b10100100011011000100100001001 "
b10100100011011000100100001001 =
b1000 0
b1000 7
b1110001100001101010101111100011 ;
b1110001100001101010101111100011 3
b1110001100001101010101111100011 9
b10100100011011000100100001001000 :
b10100100011011000100100001001000 2
b10100100011011000100100001001000 8
b1000 ?
b1110001100001101010101111100011 A
b10100100011011000100100001001000 @
b111000110 B
b111111010 6
b111111001 5
#527000
b111 <
b11111000101100000101011111110001 "
b11111000101100000101011111110001 =
b0 0
b0 7
b10110011101010100011011001100111 ;
b10110011101010100011011001100111 3
b10110011101010100011011001100111 9
b1000101000001100010000110001010 :
b1000101000001100010000110001010 2
b1000101000001100010000110001010 8
b0 ?
b10110011101010100011011001100111 A
b1000101000001100010000110001010 @
b111000111 B
b111111011 6
b111111010 5
#528000
b1110 <
b1100000101100011 "
b1100000101100011 =
b1001 0
b1001 7
b100111001111111011111101001110 ;
b100111001111111011111101001110 3
b100111001111111011111101001110 9
b110000010110001110111101100000 :
b110000010110001110111101100000 2
b110000010110001110111101100000 8
b1001 ?
b100111001111111011111101001110 A
b110000010110001110111101100000 @
b111001000 B
b111111100 6
b111111011 5
#529000
b10010 <
1!
b0 "
b0 =
b1010 0
b1010 7
b1111001011110000110100111110010 ;
b1111001011110000110100111110010 3
b1111001011110000110100111110010 9
b10111001010101011011011001110010 :
b10111001010101011011011001110010 2
b10111001010101011011011001110010 8
b1010 ?
b1111001011110000110100111110010 A
b10111001010101011011011001110010 @
b111001001 B
b111111101 6
b111111100 5
#530000
b11000 <
0!
b1000100000000000110000010001000 "
b1000100000000000110000010001000 =
b10 0
b10 7
b1001100010101001110000110011000 ;
b1001100010101001110000110011000 3
b1001100010101001110000110011000 9
b11110100000010010110100011101000 :
b11110100000010010110100011101000 2
b11110100000010010110100011101000 8
b10 ?
b1001100010101001110000110011000 A
b11110100000010010110100011101000 @
b111001010 B
b111111110 6
b111111101 5
01
#531000
b1101 <
b101011111110000000000000000 "
b101011111110000000000000000 =
b111 0
b111 7
b11000110101011010000010010001101 ;
b11000110101011010000010010001101 3
b11000110101011010000010010001101 9
b1111100010100000010101111111000 :
b1111100010100000010101111111000 2
b1111100010100000010101111111000 8
b111 ?
b11000110101011010000010010001101 A
b1111100010100000010101111111000 @
b111001011 B
b111111111 6
b111111110 5
#532000
b11000 <
b11110100000000111111010111100111 "
b11110100000000111111010111100111 =
b0 0
b0 7
b11100001000100010111100111000 ;
b11100001000100010111100111000 3
b11100001000100010111100111000 9
b11010111111000011100011010101111 :
b11010111111000011100011010101111 2
b11010111111000011100011010101111 8
b0 ?
b11100001000100010111100111000 A
b11010111111000011100011010101111 @
b111001100 B
b1000000000 6
b111111111 5
#533000
b10100 <
1!
b0 "
b0 =
b1101 0
b1101 7
b11001010010110010100000010010100 ;
b11001010010110010100000010010100 3
b11001010010110010100000010010100 9
b1010000110110010000100110100001 :
b1010000110110010000100110100001 2
b1010000110110010000100110100001 8
b1101 ?
b11001010010110010100000010010100 A
b1010000110110010000100110100001 @
b111001101 B
b1000000001 6
b1000000000 5
#534000
b101 <
b10010100101010111111100100101 ;
b10010100101010111111100100101 3
b10010100101010111111100100101 9
b10000110000101100010100100001 :
b10000110000101100010100100001 2
b10000110000101100010100100001 8
b10010100101010111111100100101 A
b10000110000101100010100100001 @
b111001110 B
b1000000010 6
b1000000001 5
#535000
b1110 <
0!
b1 "
b1 =
b110 0
b110 7
b10010111010000111011111000101110 ;
b10010111010000111011111000101110 3
b10010111010000111011111000101110 9
b11101110100110000000100111011 :
b11101110100110000000100111011 2
b11101110100110000000100111011 8
b110 ?
b10010111010000111011111000101110 A
b11101110100110000000100111011 @
b111001111 B
b1000000011 6
b1000000010 5
11
#536000
b0 <
b10011011011101101110101100110110 "
b10011011011101101110101100110110 =
b0 0
b0 7
b10010000000100111000010000100000 ;
b10010000000100111000010000100000 3
b10010000000100111000010000100000 9
b1011011000110110011100010110 :
b1011011000110110011100010110 2
b1011011000110110011100010110 8
b0 ?
b10010000000100111000010000100000 A
b1011011000110110011100010110 @
b111010000 B
b1000000100 6
b1000000011 5
#537000
b1101 <
1!
b0 "
b0 =
b101 0
b101 7
b10010110111011000010101000101101 ;
b10010110111011000010101000101101 3
b10010110111011000010101000101101 9
b11001010100100011111100010010101 :
b11001010100100011111100010010101 2
b11001010100100011111100010010101 8
b101 ?
b10010110111011000010101000101101 A
b11001010100100011111100010010101 @
b111010001 B
b1000000101 6
b1000000100 5
#538000
b1000 <
b1110 0
b1110 7
b1110100010110111111010111101000 ;
b1110100010110111111010111101000 3
b1110100010110111111010111101000 9
b10000011101001011010000000000111 :
b10000011101001011010000000000111 2
b10000011101001011010000000000111 8
b1110 ?
b1110100010110111111010111101000 A
b10000011101001011010000000000111 @
b111010010 B
b1000000110 6
b1000000101 5
#539000
b10111 <
0!
b10110100000000000000000000000000 "
b10110100000000000000000000000000 =
b111 0
b111 7
b11001011101110011110001010010111 ;
b11001011101110011110001010010111 3
b11001011101110011110001010010111 9
b110100001001000011011101101000 :
b110100001001000011011101101000 2
b110100001001000011011101101000 8
b111 ?
b11001011101110011110001010010111 A
b110100001001000011011101101000 @
b111010011 B
b1000000111 6
b1000000110 5
#540000
b10010 <
b1 "
b1 =
b101 0
b101 7
b101001001101001001100101010010 ;
b101001001101001001100101010010 3
b101001001101001001100101010010 9
b10011011110011011111001000110111 :
b10011011110011011111001000110111 2
b10011011110011011111001000110111 8
b101 ?
b101001001101001001100101010010 A
b10011011110011011111001000110111 @
b111010100 B
b1000001000 6
b1000000111 5
01
#541000
b10001 <
1!
b0 "
b0 =
b1010 0
b1010 7
b111000101111011000110101110001 ;
b111000101111011000110101110001 3
b111000101111011000110101110001 9
b11000011011110100111100010000110 :
b11000011011110100111100010000110 2
b11000011011110100111100010000110 8
b1010 ?
b111000101111011000110101110001 A
b11000011011110100111100010000110 @
b111010101 B
b1000001001 6
b1000001000 5
#542000
b10010 <
b1110 0
b1110 7
b10111001011000110111100001110010 ;
b10111001011000110111100001110010 3
b10111001011000110111100001110010 9
b10111010010001100000001001110100 :
b10111010010001100000001001110100 2
b10111010010001100000001001110100 8
b1110 ?
b10111001011000110111100001110010 A
b10111010010001100000001001110100 @
b111010110 B
b1000001010 6
b1000001001 5
#543000
b1000 <
0!
b1 "
b1 =
b110 0
b110 7
b11000100001011011011100010001000 ;
b11000100001011011011100010001000 3
b11000100001011011011100010001000 9
b1100110001101110001111111001100 :
b1100110001101110001111111001100 2
b1100110001101110001111111001100 8
b110 ?
b11000100001011011011100010001000 A
b1100110001101110001111111001100 @
b111010111 B
b1000001011 6
b1000001010 5
#544000
b1100 <
1!
b0 "
b0 =
b1100 0
b1100 7
b11000110001111111111101010001100 ;
b11000110001111111111101010001100 3
b11000110001111111111101010001100 9
b1000001010100100100101110000010 :
b1000001010100100100101110000010 2
b1000001010100100100101110000010 8
b1100 ?
b11000110001111111111101010001100 A
b1000001010100100100101110000010 @
b111011000 B
b1000001100 6
b1000001011 5
#545000
b101 <
b1111 0
b1111 7
b11100010100001101000100011000101 ;
b11100010100001101000100011000101 3
b11100010100001101000100011000101 9
b11000111101011000100000010001111 :
b11000111101011000100000010001111 2
b11000111101011000100000010001111 8
b1111 ?
b11100010100001101000100011000101 A
b11000111101011000100000010001111 @
b111011001 B
b1000001101 6
b1000001100 5
11
#546000
b1011 <
0!
b11101111000000000101001111011110 "
b11101111000000000101001111011110 =
b100 0
b100 7
b1100101111000101111111111001011 ;
b1100101111000101111111111001011 3
b1100101111000101111111111001011 9
b10001010111000101010110000010101 :
b10001010111000101010110000010101 2
b10001010111000101010110000010101 8
b100 ?
b1100101111000101111111111001011 A
b10001010111000101010110000010101 @
b111011010 B
b1000001110 6
b1000001101 5
#547000
b10101 <
1!
b0 "
b0 =
b1101 0
b1101 7
b11111010111101000100001011110101 ;
b11111010111101000100001011110101 3
b11111010111101000100001011110101 9
b10101010100001101000100101010 :
b10101010100001101000100101010 2
b10101010100001101000100101010 8
b1101 ?
b11111010111101000100001011110101 A
b10101010100001101000100101010 @
b111011011 B
b1000001111 6
b1000001110 5
#548000
b11011 <
b1010 0
b1010 7
b10011101101111100000000000111011 ;
b10011101101111100000000000111011 3
b10011101101111100000000000111011 9
b100011011001100001011101000110 :
b100011011001100001011101000110 2
b100011011001100001011101000110 8
b1010 ?
b10011101101111100000000000111011 A
b100011011001100001011101000110 @
b111011100 B
b1000010000 6
b1000001111 5
#549000
b100 <
0!
b111100001001011100010001110111 "
b111100001001011100010001110111 =
b0 0
b0 7
b11110010011100010000001011100100 ;
b11110010011100010000001011100100 3
b11110010011100010000001011100100 9
b1001001101101001100000110010011 :
b1001001101101001100000110010011 2
b1001001101101001100000110010011 8
b0 ?
b11110010011100010000001011100100 A
b1001001101101001100000110010011 @
b111011101 B
b1000010001 6
b1000010000 5
#550000
b10010 <
b11111111111111111110111001010010 "
b11111111111111111110111001010010 =
b1001 0
b1001 7
b111001001000010011101101110010 ;
b111001001000010011101101110010 3
b111001001000010011101101110010 9
b10111001010010010010010001110010 :
b10111001010010010010010001110010 2
b10111001010010010010010001110010 8
b1001 ?
b111001001000010011101101110010 A
b10111001010010010010010001110010 @
b111011110 B
b1000010010 6
b1000010001 5
01
#551000
b11 <
b1011000000010101101000010110 "
b1011000000010101101000010110 =
b100 0
b100 7
b1010001101111010100011110100011 ;
b1010001101111010100011110100011 3
b1010001101111010100011110100011 9
b1011010101111000001110110110101 :
b1011010101111000001110110110101 2
b1011010101111000001110110110101 8
b100 ?
b1010001101111010100011110100011 A
b1011010101111000001110110110101 @
b111011111 B
b1000010011 6
b1000010010 5
#552000
b10001 <
b1100100100000000111101011001000 "
b1100100100000000111101011001000 =
b0 0
b0 7
b10011000111110001100000000110001 ;
b10011000111110001100000000110001 3
b10011000111110001100000000110001 9
b11001011100001111011101010010111 :
b11001011100001111011101010010111 2
b11001011100001111011101010010111 8
b0 ?
b10011000111110001100000000110001 A
b11001011100001111011101010010111 @
b111100000 B
b1000010100 6
b1000010011 5
#553000
b10110 <
b1010101110 "
b1010101110 =
b1000 0
b1000 7
b111011000110111010000101110110 ;
b111011000110111010000101110110 3
b111011000110111010000101110110 9
b10101011101010010010111001010111 :
b10101011101010010010111001010111 2
b10101011101010010010111001010111 8
b1000 ?
b111011000110111010000101110110 A
b10101011101010010010111001010111 @
b111100001 B
b1000010101 6
b1000010100 5
#554000
b10011 <
1!
b0 "
b0 =
b1011 0
b1011 7
b10111001110010001010000001110011 ;
b10111001110010001010000001110011 3
b10111001110010001010000001110011 9
b10000000011110011010110000000000 :
b10000000011110011010110000000000 2
b10000000011110011010110000000000 8
b1011 ?
b10111001110010001010000001110011 A
b10000000011110011010110000000000 @
b111100010 B
b1000010110 6
b1000010101 5
#555000
b11110 <
1!
b0 "
b0 =
b1001 0
b1001 7
b10001111011101110100011000011110 ;
b10001111011101110100011000011110 3
b10001111011101110100011000011110 9
b111001001111011001101101110010 :
b111001001111011001101101110010 2
b111001001111011001101101110010 8
b1001 ?
b10001111011101110100011000011110 A
b111001001111011001101101110010 @
b111100011 B
b1000010111 6
b1000010110 5
11
#556000
b11101 <
0!
b1 "
b1 =
b101 0
b101 7
b1111110101100000000101111111101 ;
b1111110101100000000101111111101 3
b1111110101100000000101111111101 9
b1100110110000100101100111001101 :
b1100110110000100101100111001101 2
b1100110110000100101100111001101 8
b101 ?
b1111110101100000000101111111101 A
b1100110110000100101100111001101 @
b111100100 B
b1000011000 6
b1000010111 5
#557000
b1110 <
b1101010101001111011101011010101 "
b1101010101001111011101011010101 =
b100 0
b100 7
b1100111010111011100010111001110 ;
b1100111010111011100010111001110 3
b1100111010111011100010111001110 9
b1101111110100111111100011011 :
b1101111110100111111100011011 2
b1101111110100111111100011011 8
b100 ?
b1100111010111011100010111001110 A
b1101111110100111111100011011 @
b111100101 B
b1000011001 6
b1000011000 5
#558000
b111 <
1!
b0 "
b0 =
b1011 0
b1011 7
b1000011111110110110010110000111 ;
b1000011111110110110010110000111 3
b1000011111110110110010110000111 9
b11100101000010110100100011001010 :
b11100101000010110100100011001010 2
b11100101000010110100100011001010 8
b1011 ?
b1000011111110110110010110000111 A
b11100101000010110100100011001010 @
b111100110 B
b1000011010 6
b1000011001 5
#559000
b101 <
0!
b100101101000001001000001001 "
b100101101000001001000001001 =
b100 0
b100 7
b10010111100111000100100100101 ;
b10010111100111000100100100101 3
b10010111100111000100100100101 9
b10110010001111001101100101100 :
b10110010001111001101100101100 2
b10110010001111001101100101100 8
b100 ?
b10010111100111000100100100101 A
b10110010001111001101100101100 @
b111100111 B
b1000011011 6
b1000011010 5
#560000
b11 <
b10111000011001000110000101110000 "
b10111000011001000110000101110000 =
b1 0
b1 7
b1000001100011010111001110000011 ;
b1000001100011010111001110000011 3
b1000001100011010111001110000011 9
b11111001111100011101010011110011 :
b11111001111100011101010011110011 2
b11111001111100011101010011110011 8
b1 ?
b1000001100011010111001110000011 A
b11111001111100011101010011110011 @
b111101000 B
b1000011100 6
b1000011011 5
01
#561000
b11001 <
b1011000000010010000000110110000 "
b1011000000010010000000110110000 =
b10 0
b10 7
b1011100110010111001001110111001 ;
b1011100110010111001001110111001 3
b1011100110010111001001110111001 9
b1011000000010010110010110110000 :
b1011000000010010110010110110000 2
b1011000000010010110010110110000 8
b10 ?
b1011100110010111001001110111001 A
b1011000000010010110010110110000 @
b111101001 B
b1000011101 6
b1000011100 5
#562000
b11010 <
b10101 "
b10101 =
b1000 0
b1000 7
b1001101001001110111100110011010 ;
b1001101001001110111100110011010 3
b1001101001001110111100110011010 9
b1010100010011111011111110101000 :
b1010100010011111011111110101000 2
b1010100010011111011111110101000 8
b1000 ?
b1001101001001110111100110011010 A
b1010100010011111011111110101000 @
b111101010 B
b1000011110 6
b1000011101 5
#563000
b11100 <
b100 "
b100 =
b1001 0
b1001 7
b1111110010010100000111111111100 ;
b1111110010010100000111111111100 3
b1111110010010100000111111111100 9
b1001110111011100011001110011101 :
b1001110111011100011001110011101 2
b1001110111011100011001110011101 8
b1001 ?
b1111110010010100000111111111100 A
b1001110111011100011001110011101 @
b111101011 B
b1000011111 6
b1000011110 5
#564000
b1100 <
b11101100110001101101 "
b11101100110001101101 =
b1000 0
b1000 7
b10000110010110000101000000001100 ;
b10000110010110000101000000001100 3
b10000110010110000101000000001100 9
b11101100110001101101010011011001 :
b11101100110001101101010011011001 2
b11101100110001101101010011011001 8
b1000 ?
b10000110010110000101000000001100 A
b11101100110001101101010011011001 @
b111101100 B
b1000100000 6
b1000011111 5
#565000
b1 <
1!
b0 "
b0 =
b1111 0
b1111 7
b1000000111110011111000110000001 ;
b1000000111110011111000110000001 3
b1000000111110011111000110000001 9
b10101110011110100101010001011100 :
b10101110011110100101010001011100 2
b10101110011110100101010001011100 8
b1111 ?
b1000000111110011111000110000001 A
b10101110011110100101010001011100 @
b111101101 B
b1000100001 6
b1000100000 5
11
#566000
b11 <
0!
b100101110100100010011001001011 "
b100101110100100010011001001011 =
b0 0
b0 7
b1010001100110101001010110100011 ;
b1010001100110101001010110100011 3
b1010001100110101001010110100011 9
b11010100001101111001000010101000 :
b11010100001101111001000010101000 2
b11010100001101111001000010101000 8
b0 ?
b1010001100110101001010110100011 A
b11010100001101111001000010101000 @
b111101110 B
b1000100010 6
b1000100001 5
#567000
b11101 <
b11 "
b11 =
b1000 0
b1000 7
b11011110111111011001110010111101 ;
b11011110111111011001110010111101 3
b11011110111111011001110010111101 9
b1111100100110110011011111111001 :
b1111100100110110011011111111001 2
b1111100100110110011011111111001 8
b1000 ?
b11011110111111011001110010111101 A
b1111100100110110011011111111001 @
b111101111 B
b1000100011 6
b1000100010 5
#568000
b1011 <
1!
b0 "
b0 =
b1111 0
b1111 7
b110101111010011011011101101011 ;
b110101111010011011011101101011 3
b110101111010011011011101101011 9
b1111100010101011101100011111 :
b1111100010101011101100011111 2
b1111100010101011101100011111 8
b1111 ?
b110101111010011011011101101011 A
b1111100010101011101100011111 @
b111110000 B
b1000100100 6
b1000100011 5
#569000
0!
b11000101110001110000001110001011 "
b11000101110001110000001110001011 =
b1 0
b1 7
b10000101100000101000000000001011 ;
b10000101100000101000000000001011 3
b10000101100000101000000000001011 9
b1001011010010011000001110010110 :
b1001011010010011000001110010110 2
b1001011010010011000001110010110 8
b1 ?
b10000101100000101000000000001011 A
b1001011010010011000001110010110 @
b111110001 B
b1000100101 6
b1000100100 5
#570000
b11111 <
b1 "
b1 =
b1000 0
b1000 7
b10011111110101100010100000111111 ;
b10011111110101100010100000111111 3
b10011111110101100010100000111111 9
b11000111111101100000001010001111 :
b11000111111101100000001010001111 2
b11000111111101100000001010001111 8
b1000 ?
b10011111110101100010100000111111 A
b11000111111101100000001010001111 @
b111110010 B
b1000100110 6
b1000100101 5
01
#571000
b1101 <
1!
b0 "
b0 =
b1011 0
b1011 7
b10010110110111111011011000101101 ;
b10010110110111111011011000101101 3
b10010110110111111011011000101101 9
b10111101100000100011101001111011 :
b10111101100000100011101001111011 2
b10111101100000100011101001111011 8
b1011 ?
b10010110110111111011011000101101 A
b10111101100000100011101001111011 @
b111110011 B
b1000100111 6
b1000100110 5
#572000
b11101 <
b1010 0
b1010 7
b10101110111000000111011001011101 ;
b10101110111000000111011001011101 3
b10101110111000000111011001011101 9
b11111111101000111010101011111111 :
b11111111101000111010101011111111 2
b11111111101000111010101011111111 8
b1010 ?
b10101110111000000111011001011101 A
b11111111101000111010101011111111 @
b111110100 B
b1000101000 6
b1000100111 5
#573000
0!
b1001100110101110011101010011010 "
b1001100110101110011101010011010 =
b1 0
b1 7
b11110110001111010011100111101 ;
b11110110001111010011100111101 3
b11110110001111010011100111101 9
b1101011100111101110000111010111 :
b1101011100111101110000111010111 2
b1101011100111101110000111010111 8
b1 ?
b11110110001111010011100111101 A
b1101011100111101110000111010111 @
b111110101 B
b1000101001 6
b1000101000 5
#574000
b1011 <
b101001000010000101000001010 "
b101001000010000101000001010 =
b10 0
b10 7
b11110101101000110110101011101011 ;
b11110101101000110110101011101011 3
b11110101101000110110101011101011 9
b1101011001010001101100011010 :
b1101011001010001101100011010 2
b1101011001010001101100011010 8
b10 ?
b11110101101000110110101011101011 A
b1101011001010001101100011010 @
b111110110 B
b1000101010 6
b1000101001 5
#575000
b10011 <
1!
b0 "
b0 =
b1110 0
b1110 7
b1001101101001010001100010011 ;
b1001101101001010001100010011 3
b1001101101001010001100010011 9
b10100110101001001001100101001 :
b10100110101001001001100101001 2
b10100110101001001001100101001 8
b1110 ?
b1001101101001010001100010011 A
b10100110101001001001100101001 @
b111110111 B
b1000101011 6
b1000101010 5
11
#576000
b10110 <
0!
b1000111011 "
b1000111011 =
b1000 0
b1000 7
b11101011000101010010100011010110 ;
b11101011000101010010100011010110 3
b11101011000101010010100011010110 9
b10001110110110001000101000011101 :
b10001110110110001000101000011101 2
b10001110110110001000101000011101 8
b1000 ?
b11101011000101010010100011010110 A
b10001110110110001000101000011101 @
b111111000 B
b1000101100 6
b1000101011 5
#577000
b10010 <
b11111111111111111111000111011000 "
b11111111111111111111000111011000 =
b1001 0
b1001 7
b11001001011110001000100010010010 ;
b11001001011110001000100010010010 3
b11001001011110001000100010010010 9
b11000111011000100010011010001110 :
b11000111011000100010011010001110 2
b11000111011000100010011010001110 8
b1001 ?
b11001001011110001000100010010010 A
b11000111011000100010011010001110 @
b111111001 B
b1000101101 6
b1000101100 5
#578000
b101 <
b10100010001000010000101001000100 "
b10100010001000010000101001000100 =
b10 0
b10 7
b10100010111001110100111001000101 ;
b10100010111001110100111001000101 3
b10100010111001110100111001000101 9
b11110111001010011001101011101110 :
b11110111001010011001101011101110 2
b11110111001010011001101011101110 8
b10 ?
b10100010111001110100111001000101 A
b11110111001010011001101011101110 @
b111111010 B
b1000101110 6
b1000101101 5
#579000
b111 <
1!
b0 "
b0 =
b1010 0
b1010 7
b11010011100101110110010010100111 ;
b11010011100101110110010010100111 3
b11010011100101110110010010100111 9
b10110110101101010101000001101101 :
b10110110101101010101000001101101 2
b10110110101101010101000001101101 8
b1010 ?
b11010011100101110110010010100111 A
b10110110101101010101000001101101 @
b111111011 B
b1000101111 6
b1000101110 5
#580000
b11001 <
b1110 0
b1110 7
b10101100110011100001110001011001 ;
b10101100110011100001110001011001 3
b10101100110011100001110001011001 9
b10010001010101001111110000100010 :
b10010001010101001111110000100010 2
b10010001010101001111110000100010 8
b1110 ?
b10101100110011100001110001011001 A
b10010001010101001111110000100010 @
b111111100 B
b1000110000 6
b1000101111 5
01
#581000
b101 <
0!
b11010001110110001001000110100000 "
b11010001110110001001000110100000 =
b111 0
b111 7
b10110101010000100100000101 ;
b10110101010000100100000101 3
b10110101010000100100000101 9
b11000110100011101100010010001101 :
b11000110100011101100010010001101 2
b11000110100011101100010010001101 8
b111 ?
b10110101010000100100000101 A
b11000110100011101100010010001101 @
b111111101 B
b1000110001 6
b1000110000 5
#582000
b1100 <
b11000001011000001000000110000011 "
b11000001011000001000000110000011 =
b1 0
b1 7
b10100110001101101000100001001100 ;
b10100110001101101000100001001100 3
b10100110001101101000100001001100 9
b1100111100101110000100111001111 :
b1100111100101110000100111001111 2
b1100111100101110000100111001111 8
b1 ?
b10100110001101101000100001001100 A
b1100111100101110000100111001111 @
b111111110 B
b1000110010 6
b1000110001 5
#583000
b11000 <
1!
b0 "
b0 =
b1101 0
b1101 7
b1100000111011011110100011000 ;
b1100000111011011110100011000 3
b1100000111011011110100011000 9
b11010011111011010100110010100111 :
b11010011111011010100110010100111 2
b11010011111011010100110010100111 8
b1101 ?
b1100000111011011110100011000 A
b11010011111011010100110010100111 @
b111111111 B
b1000110011 6
b1000110010 5
#584000
b1111 <
0!
b110110011011010 "
b110110011011010 =
b1001 0
b1001 7
b10000111101100110110100000001111 ;
b10000111101100110110100000001111 3
b10000111101100110110100000001111 9
b110110011011010110011101101100 :
b110110011011010110011101101100 2
b110110011011010110011101101100 8
b1001 ?
b10000111101100110110100000001111 A
b110110011011010110011101101100 @
b1000000000 B
b1000110100 6
b1000110011 5
#585000
b11111000111010000000000000000000 "
b11111000111010000000000000000000 =
b111 0
b111 7
b10111101100011100110100101111 ;
b10111101100011100110100101111 3
b10111101100011100110100101111 9
b1101000010001111111000111010000 :
b1101000010001111111000111010000 2
b1101000010001111111000111010000 8
b111 ?
b10111101100011100110100101111 A
b1101000010001111111000111010000 @
b1000000001 B
b1000110101 6
b1000110100 5
11
#586000
b1110 <
b100000101001110 "
b100000101001110 =
b1001 0
b1001 7
b11110111001010011000110011101110 ;
b11110111001010011000110011101110 3
b11110111001010011000110011101110 9
b10000010100111010011100100000 :
b10000010100111010011100100000 2
b10000010100111010011100100000 8
b1001 ?
b11110111001010011000110011101110 A
b10000010100111010011100100000 @
b1000000010 B
b1000110110 6
b1000110101 5
#587000
b10100 <
b11000000111000001001000110000 "
b11000000111000001001000110000 =
b10 0
b10 7
b11011010001111000011001010110100 ;
b11011010001111000011001010110100 3
b11011010001111000011001010110100 9
b111001010111110001011101110010 :
b111001010111110001011101110010 2
b111001010111110001011101110010 8
b10 ?
b11011010001111000011001010110100 A
b111001010111110001011101110010 @
b1000000011 B
b1000110111 6
b1000110110 5
#588000
b10011 <
b1110110101000000000011011101101 "
b1110110101000000000011011101101 =
b1 0
b1 7
b1011001100000101110000110110011 ;
b1011001100000101110000110110011 3
b1011001100000101110000110110011 9
b11010000001000101110100010100000 :
b11010000001000101110100010100000 2
b11010000001000101110100010100000 8
b1 ?
b1011001100000101110000110110011 A
b11010000001000101110100010100000 @
b1000000100 B
b1000111000 6
b1000110111 5
#589000
b11100 <
1!
b0 "
b0 =
b1100 0
b1100 7
b1101110001111000011011111011100 ;
b1101110001111000011011111011100 3
b1101110001111000011011111011100 9
b10001111101011001001111000011111 :
b10001111101011001001111000011111 2
b10001111101011001001111000011111 8
b1100 ?
b1101110001111000011011111011100 A
b10001111101011001001111000011111 @
b1000000101 B
b1000111001 6
b1000111000 5
#590000
b100 <
0!
b1101000110011001111010011010001 "
b1101000110011001111010011010001 =
b100 0
b100 7
b11110010011100001000110011100100 ;
b11110010011100001000110011100100 3
b11110010011100001000110011100100 9
b10011010101111000111100000110101 :
b10011010101111000111100000110101 2
b10011010101111000111100000110101 8
b100 ?
b11110010011100001000110011100100 A
b10011010101111000111100000110101 @
b1000000110 B
b1000111010 6
b1000111001 5
01
#591000
b11001 <
b10001011110100010000111100010111 "
b10001011110100010000111100010111 =
b1011100111010100000101110111001 ;
b1011100111010100000101110111001 3
b1011100111010100000101110111001 9
b11010111001110110000010010101110 :
b11010111001110110000010010101110 2
b11010111001110110000010010101110 8
b1011100111010100000101110111001 A
b11010111001110110000010010101110 @
b1000000111 B
b1000111011 6
b1000111010 5
#592000
b1101 <
1!
b0 "
b0 =
b1110 0
b1110 7
b10000110100001000001100000001101 ;
b10000110100001000001100000001101 3
b10000110100001000001100000001101 9
b10101101011001110110110001011010 :
b10101101011001110110110001011010 2
b10101101011001110110110001011010 8
b1110 ?
b10000110100001000001100000001101 A
b10101101011001110110110001011010 @
b1000001000 B
b1000111100 6
b1000111011 5
#593000
b11100 <
b1101 0
b1101 7
b11101110011111100110101011011100 ;
b11101110011111100110101011011100 3
b11101110011111100110101011011100 9
b101010011010111000001101010100 :
b101010011010111000001101010100 2
b101010011010111000001101010100 8
b1101 ?
b11101110011111100110101011011100 A
b101010011010111000001101010100 @
b1000001001 B
b1000111101 6
b1000111100 5
#594000
b10111 <
0!
b1111010 "
b1111010 =
b1001 0
b1001 7
b10011011101001111000000000110111 ;
b10011011101001111000000000110111 3
b10011011101001111000000000110111 9
b111101000010010100010101111010 :
b111101000010010100010101111010 2
b111101000010010100010101111010 8
b1001 ?
b10011011101001111000000000110111 A
b111101000010010100010101111010 @
b1000001010 B
b1000111110 6
b1000111101 5
#595000
b11001 <
b10110000011110000111000101100000 "
b10110000011110000111000101100000 =
b0 0
b0 7
b10101100100001010100011001011001 ;
b10101100100001010100011001011001 3
b10101100100001010100011001011001 9
b11111100110010101100000111 :
b11111100110010101100000111 2
b11111100110010101100000111 8
b0 ?
b10101100100001010100011001011001 A
b11111100110010101100000111 @
b1000001011 B
b1000111111 6
b1000111110 5
11
#596000
b11011 <
1!
b0 "
b0 =
b1011 0
b1011 7
b1101101111000110001100011011 ;
b1101101111000110001100011011 3
b1101101111000110001100011011 9
b1101011001000011001000111010110 :
b1101011001000011001000111010110 2
b1101011001000011001000111010110 8
b1011 ?
b1101101111000110001100011011 A
b1101011001000011001000111010110 @
b1000001100 B
b1001000000 6
b1000111111 5
#597000
0!
b10010010101110100110000100100101 "
b10010010101110100110000100100101 =
b0 0
b0 7
b101101101000110100111101011011 ;
b101101101000110100111101011011 3
b101101101000110100111101011011 9
b1100101000101110001000111001010 :
b1100101000101110001000111001010 2
b1100101000101110001000111001010 8
b0 ?
b101101101000110100111101011011 A
b1100101000101110001000111001010 @
b1000001101 B
b1001000001 6
b1001000000 5
#598000
b10001 <
1!
b0 "
b0 =
b1010 0
b1010 7
b101000111010100001100101010001 ;
b101000111010100001100101010001 3
b101000111010100001100101010001 9
b1100001000110100000000 :
b1100001000110100000000 2
b1100001000110100000000 8
b1010 ?
b101000111010100001100101010001 A
b1100001000110100000000 @
b1000001110 B
b1001000010 6
b1001000001 5
#599000
0!
b1 "
b1 =
b101 0
b101 7
b1111000111101101010101111110001 ;
b1111000111101101010101111110001 3
b1111000111101101010101111110001 9
b1110111011110101110100011101 :
b1110111011110101110100011101 2
b1110111011110101110100011101 8
b101 ?
b1111000111101101010101111110001 A
b1110111011110101110100011101 @
b1000001111 B
b1001000011 6
b1001000010 5
#600000
1!
b0 "
b0 =
b1011 0
b1011 7
b1001000111000101101011110010001 ;
b1001000111000101101011110010001 3
b1001000111000101101011110010001 9
b11011111111100001011110010111111 :
b11011111111100001011110010111111 2
b11011111111100001011110010111111 8
b1011 ?
b1001000111000101101011110010001 A
b11011111111100001011110010111111 @
b1000010000 B
b1001000100 6
b1001000011 5
01
#601000
b11111 <
0!
b10100001001100111111111101000001 "
b10100001001100111111111101000001 =
b0 0
b0 7
b10111111111110101000010001111111 ;
b10111111111110101000010001111111 3
b10111111111110101000010001111111 9
b11100001001110010111101011000010 :
b11100001001110010111101011000010 2
b11100001001110010111101011000010 8
b0 ?
b10111111111110101000010001111111 A
b11100001001110010111101011000010 @
b1000010001 B
b1001000101 6
b1001000100 5
#602000
b11000 <
1!
b0 "
b0 =
b1101 0
b1101 7
b1100001001111100110100011000 ;
b1100001001111100110100011000 3
b1100001001111100110100011000 9
b10111010100010111001010001110101 :
b10111010100010111001010001110101 2
b10111010100010111001010001110101 8
b1101 ?
b1100001001111100110100011000 A
b10111010100010111001010001110101 @
b1000010010 B
b1001000110 6
b1001000101 5
#603000
b10001 <
b1111 0
b1111 7
b10001000100101011011101000010001 ;
b10001000100101011011101000010001 3
b10001000100101011011101000010001 9
b1110111000000010010111111101110 :
b1110111000000010010111111101110 2
b1110111000000010010111111101110 8
b1111 ?
b10001000100101011011101000010001 A
b1110111000000010010111111101110 @
b1000010011 B
b1001000111 6
b1001000110 5
#604000
b11000 <
0!
b10011010100111001100110100110101 "
b10011010100111001100110100110101 =
b1 0
b1 7
b11101100000101000100011011011000 ;
b11101100000101000100011011011000 3
b11101100000101000100011011011000 9
b10000110101100010001010000001101 :
b10000110101100010001010000001101 2
b10000110101100010001010000001101 8
b1 ?
b11101100000101000100011011011000 A
b10000110101100010001010000001101 @
b1000010100 B
b1001001000 6
b1001000111 5
#605000
b1011 <
b101000010010100010111 "
b101000010010100010111 =
b1000 0
b1000 7
b11010101101111000111001010101011 ;
b11010101101111000111001010101011 3
b11010101101111000111001010101011 9
b10100001001010001011100001000010 :
b10100001001010001011100001000010 2
b10100001001010001011100001000010 8
b1000 ?
b11010101101111000111001010101011 A
b10100001001010001011100001000010 @
b1000010101 B
b1001001001 6
b1001001000 5
11
#606000
b11100 <
1!
b0 "
b0 =
b1101 0
b1101 7
b1101110001101111100110111011100 ;
b1101110001101111100110111011100 3
b1101110001101111100110111011100 9
b10000011001110100110001000000110 :
b10000011001110100110001000000110 2
b10000011001110100110001000000110 8
b1101 ?
b1101110001101111100110111011100 A
b10000011001110100110001000000110 @
b1000010110 B
b1001001010 6
b1001001001 5
#607000
b10111 <
b110 0
b110 7
b11011110011001011110100110111 ;
b11011110011001011110100110111 3
b11011110011001011110100110111 9
b11011000100101111111010010110001 :
b11011000100101111111010010110001 2
b11011000100101111111010010110001 8
b110 ?
b11011110011001011110100110111 A
b11011000100101111111010010110001 @
b1000010111 B
b1001001011 6
b1001001010 5
#608000
b10010 <
b1010 0
b1010 7
b10011001010001110100010000110010 ;
b10011001010001110100010000110010 3
b10011001010001110100010000110010 9
b1011101111110111100100010111 :
b1011101111110111100100010111 2
b1011101111110111100100010111 8
b1010 ?
b10011001010001110100010000110010 A
b1011101111110111100100010111 @
b1000011000 B
b1001001100 6
b1001001011 5
#609000
b1101 <
b110100011100011101100001101 ;
b110100011100011101100001101 3
b110100011100011101100001101 9
b11101100110100111101100111011 :
b11101100110100111101100111011 2
b11101100110100111101100111011 8
b110100011100011101100001101 A
b11101100110100111101100111011 @
b1000011001 B
b1001001101 6
b1001001100 5
#610000
b11111 <
0!
b11110001111101001100011111100011 "
b11110001111101001100011111100011 =
b0 0
b0 7
b11001111101011010000111010011111 ;
b11001111101011010000111010011111 3
b11001111101011010000111010011111 9
b100010010001111011100101000100 :
b100010010001111011100101000100 2
b100010010001111011100101000100 8
b0 ?
b11001111101011010000111010011111 A
b100010010001111011100101000100 @
b1000011010 B
b1001001110 6
b1001001101 5
01
#611000
b10010 <
0!
b1100111101101 "
b1100111101101 =
b1000 0
b1000 7
b11111001011111001011010011110010 ;
b11111001011111001011010011110010 3
b11111001011111001011010011110010 9
b1100111101101001100000111001111 :
b1100111101101001100000111001111 2
b1100111101101001100000111001111 8
b1000 ?
b11111001011111001011010011110010 A
b1100111101101001100000111001111 @
b1000011011 B
b1001001111 6
b1001001110 5
#612000
b10111 <
b11100000100000000000000000000000 "
b11100000100000000000000000000000 =
b111 0
b111 7
b11011100000000010011100110111 ;
b11011100000000010011100110111 3
b11011100000000010011100110111 9
b1100000111111011001001111000001 :
b1100000111111011001001111000001 2
b1100000111111011001001111000001 8
b111 ?
b11011100000000010011100110111 A
b1100000111111011001001111000001 @
b1000011100 B
b1001010000 6
b1001001111 5
#613000
b11111 <
1!
b0 "
b0 =
b1100 0
b1100 7
b11101111110001011100000011011111 ;
b11101111110001011100000011011111 3
b11101111110001011100000011011111 9
b10111000111110000011100001110001 :
b10111000111110000011100001110001 2
b10111000111110000011100001110001 8
b1100 ?
b11101111110001011100000011011111 A
b10111000111110000011100001110001 @
b1000011101 B
b1001010001 6
b1001010000 5
#614000
b110 <
b1000011011010100100011110000110 ;
b1000011011010100100011110000110 3
b1000011011010100100011110000110 9
b11000001100011010001110010000011 :
b11000001100011010001110010000011 2
b11000001100011010001110010000011 8
b1000011011010100100011110000110 A
b11000001100011010001110010000011 @
b1000011110 B
b1001010010 6
b1001010001 5
#615000
b10000 <
b1010 0
b1010 7
b10101000001000010110001001010000 ;
b10101000001000010110001001010000 3
b10101000001000010110001001010000 9
b10001001100111100110101000010011 :
b10001001100111100110101000010011 2
b10001001100111100110101000010011 8
b1010 ?
b10101000001000010110001001010000 A
b10001001100111100110101000010011 @
b1000011111 B
b1001010011 6
b1001010010 5
11
#616000
b11011 <
b1100 0
b1100 7
b11101110001010000000100111011 ;
b11101110001010000000100111011 3
b11101110001010000000100111011 9
b1111100100101011100000111111001 :
b1111100100101011100000111111001 2
b1111100100101011100000111111001 8
b1100 ?
b11101110001010000000100111011 A
b1111100100101011100000111111001 @
b1000100000 B
b1001010100 6
b1001010011 5
#617000
b10010 <
b1011 0
b1011 7
b1001011011011010101100010010 ;
b1001011011011010101100010010 3
b1001011011011010101100010010 9
b10000100011100110010001000001000 :
b10000100011100110010001000001000 2
b10000100011100110010001000001000 8
b1011 ?
b1001011011011010101100010010 A
b10000100011100110010001000001000 @
b1000100001 B
b1001010101 6
b1001010100 5
#618000
b1101 <
0!
b11111111111111110001001010110110 "
b11111111111111110001001010110110 =
b1001 0
b1001 7
b1110110111101011110100111101101 ;
b1110110111101011110100111101101 3
b1110110111101011110100111101101 9
b11100010010101101101000011000100 :
b11100010010101101101000011000100 2
b11100010010101101101000011000100 8
b1001 ?
b1110110111101011110100111101101 A
b11100010010101101101000011000100 @
b1000100010 B
b1001010110 6
b1001010101 5
#619000
b1111 <
b1 "
b1 =
b101 0
b101 7
b10111101101010100111100101111 ;
b10111101101010100111100101111 3
b10111101101010100111100101111 9
b11100010010101011000001011000100 :
b11100010010101011000001011000100 2
b11100010010101011000001011000100 8
b101 ?
b10111101101010100111100101111 A
b11100010010101011000001011000100 @
b1000100011 B
b1001010111 6
b1001010110 5
#620000
b11 <
b110011111110010101001001100000 "
b110011111110010101001001100000 =
b111 0
b111 7
b11110001110100011010011011100011 ;
b11110001110100011010011011100011 3
b11110001110100011010011011100011 9
b10100110011111110010101001001100 :
b10100110011111110010101001001100 2
b10100110011111110010101001001100 8
b111 ?
b11110001110100011010011011100011 A
b10100110011111110010101001001100 @
b1000100100 B
b1001011000 6
b1001010111 5
01
#621000
b1100 <
b10000010000000101000000100 "
b10000010000000101000000100 =
b10 0
b10 7
b11010110000010010101101010101100 ;
b11010110000010010101101010101100 3
b11010110000010010101101010101100 9
b1010110110000010111100010101 :
b1010110110000010111100010101 2
b1010110110000010111100010101 8
b10 ?
b11010110000010010101101010101100 A
b1010110110000010111100010101 @
b1000100101 B
b1001011001 6
b1001011000 5
#622000
b11001 <
b1011000100001100000000110110001 "
b1011000100001100000000110110001 =
b1111100100011100010011111111001 ;
b1111100100011100010011111111001 3
b1111100100011100010011111111001 9
b1011011110001111101100110110111 :
b1011011110001111101100110110111 2
b1011011110001111101100110110111 8
b1111100100011100010011111111001 A
b1011011110001111101100110110111 @
b1000100110 B
b1001011010 6
b1001011001 5
#623000
b0 <
b11101001110010000110000011010011 "
b11101001110010000110000011010011 =
b111 0
b111 7
b11000000010101011011110010000000 ;
b11000000010101011011110010000000 3
b11000000010101011011110010000000 9
b11101001110010000110000011010011 :
b11101001110010000110000011010011 2
b11101001110010000110000011010011 8
b111 ?
b11000000010101011011110010000000 A
b11101001110010000110000011010011 @
b1000100111 B
b1001011011 6
b1001011010 5
#624000
b10101 <
1!
b0 "
b0 =
b101 0
b101 7
b10111010100010111010110001110101 ;
b10111010100010111010110001110101 3
b10111010100010111010110001110101 9
b11111000110000011011001011110001 :
b11111000110000011011001011110001 2
b11111000110000011011001011110001 8
b101 ?
b10111010100010111010110001110101 A
b11111000110000011011001011110001 @
b1000101000 B
b1001011100 6
b1001011011 5
#625000
b10 <
0!
b100101010010010000010000001010 "
b100101010010010000010000001010 =
b1000 0
b1000 7
b1010001000110001111010110100010 ;
b1010001000110001111010110100010 3
b1010001000110001111010110100010 9
b10010101001001000001000000101010 :
b10010101001001000001000000101010 2
b10010101001001000001000000101010 8
b1000 ?
b1010001000110001111010110100010 A
b10010101001001000001000000101010 @
b1000101001 B
b1001011101 6
b1001011100 5
11
#626000
b10101 <
1!
b0 "
b0 =
b1101 0
b1101 7
b1010111111001111100100010101 ;
b1010111111001111100100010101 3
b1010111111001111100100010101 9
b11100101111111011111101011001011 :
b11100101111111011111101011001011 2
b11100101111111011111101011001011 8
b1101 ?
b1010111111001111100100010101 A
b11100101111111011111101011001011 @
b1000101010 B
b1001011110 6
b1001011101 5
#627000
b10011 <
0!
b11011000100001100000010010110001 "
b11011000100001100000010010110001 =
b10 0
b10 7
b11111001101001101010111011110011 ;
b11111001101001101010111011110011 3
b11111001101001101010111011110011 9
b11011100110001110001010010111001 :
b11011100110001110001010010111001 2
b11011100110001110001010010111001 8
b10 ?
b11111001101001101010111011110011 A
b11011100110001110001010010111001 @
b1000101011 B
b1001011111 6
b1001011110 5
#628000
b11100 <
1!
b0 "
b0 =
b1010 0
b1010 7
b1110001101100110011100011100 ;
b1110001101100110011100011100 3
b1110001101100110011100011100 9
b1110110011110011111111111101100 :
b1110110011110011111111111101100 2
b1110110011110011111111111101100 8
b1010 ?
b1110001101100110011100011100 A
b1110110011110011111111111101100 @
b1000101100 B
b1001100000 6
b1001011111 5
#629000
b0 <
b1000000010111010101111110000000 ;
b1000000010111010101111110000000 3
b1000000010111010101111110000000 9
b11100110101110011110100111001 :
b11100110101110011110100111001 2
b11100110101110011110100111001 8
b1000000010111010101111110000000 A
b11100110101110011110100111001 @
b1000101101 B
b1001100001 6
b1001100000 5
#630000
b1110 <
0!
b11101011111010110 "
b11101011111010110 =
b1000 0
b1000 7
b10100111001011000000111001001110 ;
b10100111001011000000111001001110 3
b10100111001011000000111001001110 9
b1110101111101011011100111101011 :
b1110101111101011011100111101011 2
b1110101111101011011100111101011 8
b1000 ?
b10100111001011000000111001001110 A
b1110101111101011011100111101011 @
b1000101110 B
b1001100010 6
b1001100001 5
01
#631000
b11101 <
b100 "
b100 =
b1110111101101110100100011101 ;
b1110111101101110100100011101 3
b1110111101101110100100011101 9
b10011101101101110111010000111011 :
b10011101101101110111010000111011 2
b10011101101101110111010000111011 8
b1110111101101110100100011101 A
b10011101101101110111010000111011 @
b1000101111 B
b1001100011 6
b1001100010 5
#632000
b1000 <
b11111101111111111111011011111011 "
b11111101111111111111011011111011 =
b11 0
b11 7
b11100100011001101110011011001000 ;
b11100100011001101110011011001000 3
b11100100011001101110011011001000 9
b11011101100111010111000010111011 :
b11011101100111010111000010111011 2
b11011101100111010111000010111011 8
b11 ?
b11100100011001101110011011001000 A
b11011101100111010111000010111011 @
b1000110000 B
b1001100100 6
b1001100011 5
#633000
b10111 <
1!
b0 "
b0 =
b1110 0
b1110 7
b11001011110111000011101010010111 ;
b11001011110111000011101010010111 3
b11001011110111000011101010010111 9
b11100000000010011110010011000000 :
b11100000000010011110010011000000 2
b11100000000010011110010011000000 8
b1110 ?
b11001011110111000011101010010111 A
b11100000000010011110010011000000 @
b1000110001 B
b1001100101 6
b1001100100 5
#634000
b10110 <
b1100 0
b1100 7
b11101011011110001110000011010110 ;
b11101011011110001110000011010110 3
b11101011011110001110000011010110 9
b1101110001011100101100111011100 :
b1101110001011100101100111011100 2
b1101110001011100101100111011100 8
b1100 ?
b11101011011110001110000011010110 A
b1101110001011100101100111011100 @
b1000110010 B
b1001100110 6
b1001100101 5
#635000
b1000 <
0!
b1001000100101011001000000000 "
b1001000100101011001000000000 =
b111 0
b111 7
b1010100001000111110111110101000 ;
b1010100001000111110111110101000 3
b1010100001000111110111110101000 9
b11011001000010010001001010110010 :
b11011001000010010001001010110010 2
b11011001000010010001001010110010 8
b111 ?
b1010100001000111110111110101000 A
b11011001000010010001001010110010 @
b1000110011 B
b1001100111 6
b1001100110 5
11
#636000
b111 <
b1110100110001100010100011101001 "
b1110100110001100010100011101001 =
b100 0
b100 7
b1100011101110000000010111000111 ;
b1100011101110000000010111000111 3
b1100011101110000000010111000111 9
b10111011111100010110100101110 :
b10111011111100010110100101110 2
b10111011111100010110100101110 8
b100 ?
b1100011101110000000010111000111 A
b10111011111100010110100101110 @
b1000110100 B
b1001101000 6
b1001100111 5
#637000
b1 <
b11001011111000111110110110010111 "
b11001011111000111110110110010111 =
b0 0
b0 7
b10000000101000111110110000000001 ;
b10000000101000111110110000000001 3
b10000000101000111110110000000001 9
b1001011010000000000000110010110 :
b1001011010000000000000110010110 2
b1001011010000000000000110010110 8
b0 ?
b10000000101000111110110000000001 A
b1001011010000000000000110010110 @
b1000110101 B
b1001101001 6
b1001101000 5
#638000
1!
b0 "
b0 =
b1011 0
b1011 7
b11100000110010001001111011000001 ;
b11100000110010001001111011000001 3
b11100000110010001001111011000001 9
b1101000000011011101101111010000 :
b1101000000011011101101111010000 2
b1101000000011011101101111010000 8
b1011 ?
b11100000110010001001111011000001 A
b1101000000011011101101111010000 @
b1000110110 B
b1001101010 6
b1001101001 5
#639000
b11110 <
0!
b11111111111111111111111111111110 "
b11111111111111111111111111111110 =
b1001 0
b1001 7
b111111001111100000011101111110 ;
b111111001111100000011101111110 3
b111111001111100000011101111110 9
b10000001011010010100011000000010 :
b10000001011010010100011000000010 2
b10000001011010010100011000000010 8
b1001 ?
b111111001111100000011101111110 A
b10000001011010010100011000000010 @
b1000110111 B
b1001101011 6
b1001101010 5
#640000
b110 <
b11100000000011100001000011000000 "
b11100000000011100001000011000000 =
b10 0
b10 7
b11100011001111100101000011000110 ;
b11100011001111100101000011000110 3
b11100011001111100101000011000110 9
b11101100000011110001100011011000 :
b11101100000011110001100011011000 2
b11101100000011110001100011011000 8
b10 ?
b11100011001111100101000011000110 A
b11101100000011110001100011011000 @
b1000111000 B
b1001101100 6
b1001101011 5
01
#641000
b100 <
1!
b0 "
b0 =
b1100 0
b1100 7
b10100010010011111001101001000100 ;
b10100010010011111001101001000100 3
b10100010010011111001101001000100 9
b10101100111111010100000001011001 :
b10101100111111010100000001011001 2
b10101100111111010100000001011001 8
b1100 ?
b10100010010011111001101001000100 A
b10101100111111010100000001011001 @
b1000111001 B
b1001101101 6
b1001101100 5
#642000
b11010 <
0!
b111010110010011011000001110 "
b111010110010011011000001110 =
b100 0
b100 7
b11101010111000011111100111010 ;
b11101010111000011111100111010 3
b11101010111000011111100111010 9
b11010000001010000100100110100 :
b11010000001010000100100110100 2
b11010000001010000100100110100 8
b100 ?
b11101010111000011111100111010 A
b11010000001010000100100110100 @
b1000111010 B
b1001101110 6
b1001101101 5
#643000
b10101 <
b1000010101001000010000110000101 "
b1000010101001000010000110000101 =
b10 0
b10 7
b1001010111011000011010110010101 ;
b1001010111011000011010110010101 3
b1001010111011000011010110010101 9
b1110111101101110010001111101111 :
b1110111101101110010001111101111 2
b1110111101101110010001111101111 8
b10 ?
b1001010111011000011010110010101 A
b1110111101101110010001111101111 @
b1000111011 B
b1001101111 6
b1001101110 5
#644000
b111 <
b1101000010110111111011011010000 "
b1101000010110111111011011010000 =
b100 0
b100 7
b110011101111000010000101100111 ;
b110011101111000010000101100111 3
b110011101111000010000101100111 9
b1011011111001111101011110110111 :
b1011011111001111101011110110111 2
b1011011111001111101011110110111 8
b100 ?
b110011101111000010000101100111 A
b1011011111001111101011110110111 @
b1000111100 B
b1001110000 6
b1001101111 5
#645000
b11110 <
1!
b0 "
b0 =
b110 0
b110 7
b1101111010010110010100111011110 ;
b1101111010010110010100111011110 3
b1101111010010110010100111011110 9
b11100111000110010001101011001110 :
b11100111000110010001101011001110 2
b11100111000110010001101011001110 8
b110 ?
b1101111010010110010100111011110 A
b11100111000110010001101011001110 @
b1000111101 B
b1001110001 6
b1001110000 5
11
#646000
b11010 <
0!
b100111 "
b100111 =
b1000 0
b1000 7
b11101011001000111010100111010 ;
b11101011001000111010100111010 3
b11101011001000111010100111010 9
b10011110011100110110000000111100 :
b10011110011100110110000000111100 2
b10011110011100110110000000111100 8
b1000 ?
b11101011001000111010100111010 A
b10011110011100110110000000111100 @
b1000111110 B
b1001110010 6
b1001110001 5
#647000
b1011 <
1!
b0 "
b0 =
b1100 0
b1100 7
b100101100100000011100101001011 ;
b100101100100000011100101001011 3
b100101100100000011100101001011 9
b11110010101101110111100011100101 :
b11110010101101110111100011100101 2
b11110010101101110111100011100101 8
b1100 ?
b100101100100000011100101001011 A
b11110010101101110111100011100101 @
b1000111111 B
b1001110011 6
b1001110010 5
#648000
b1001 <
0!
b11111111111000101000010001100110 "
b11111111111000101000010001100110 =
b1001 0
b1001 7
b100100101011000101100001001 ;
b100100101011000101100001001 3
b100100101011000101100001001 9
b11000101000010001100110010001010 :
b11000101000010001100110010001010 2
b11000101000010001100110010001010 8
b1001 ?
b100100101011000101100001001 A
b11000101000010001100110010001010 @
b1001000000 B
b1001110100 6
b1001110011 5
#649000
b10111 <
b100011 "
b100011 =
b1000 0
b1000 7
b10111011110101110011011001110111 ;
b10111011110101110011011001110111 3
b10111011110101110011011001110111 9
b10001110100101100010100100011 :
b10001110100101100010100100011 2
b10001110100101100010100100011 8
b1000 ?
b10111011110101110011011001110111 A
b10001110100101100010100100011 @
b1001000001 B
b1001110101 6
b1001110100 5
#650000
b10010 <
1!
b0 "
b0 =
b1010 0
b1010 7
b1001010101011011001100010010 ;
b1001010101011011001100010010 3
b1001010101011011001100010010 9
b11111010010110010101100111110 :
b11111010010110010101100111110 2
b11111010010110010101100111110 8
b1010 ?
b1001010101011011001100010010 A
b11111010010110010101100111110 @
b1001000010 B
b1001110110 6
b1001110101 5
01
#651000
b10 <
0!
b1 "
b1 =
b101 0
b101 7
b1110001001010101001101111100010 ;
b1110001001010101001101111100010 3
b1110001001010101001101111100010 9
b11111010100010001110000011110101 :
b11111010100010001110000011110101 2
b11111010100010001110000011110101 8
b101 ?
b1110001001010101001101111100010 A
b11111010100010001110000011110101 @
b1001000011 B
b1001110111 6
b1001110110 5
#652000
b10001 <
b11111111111111111101101100101111 "
b11111111111111111101101100101111 =
b1001 0
b1001 7
b11111000100001000101111011110001 ;
b11111000100001000101111011110001 3
b11111000100001000101111011110001 9
b10110110010111110001110001101100 :
b10110110010111110001110001101100 2
b10110110010111110001110001101100 8
b1001 ?
b11111000100001000101111011110001 A
b10110110010111110001110001101100 @
b1001000100 B
b1001111000 6
b1001110111 5
#653000
b1111 <
b11111111111111111000100101001010 "
b11111111111111111000100101001010 =
b111110011010010110100001111 ;
b111110011010010110100001111 3
b111110011010010110100001111 9
b11000100101001010010111010001001 :
b11000100101001010010111010001001 2
b11000100101001010010111010001001 8
b111110011010010110100001111 A
b11000100101001010010111010001001 @
b1001000101 B
b1001111001 6
b1001111000 5
#654000
b11011 <
1!
b0 "
b0 =
b1010 0
b1010 7
b11011101111111000011000010111011 ;
b11011101111111000011000010111011 3
b11011101111111000011000010111011 9
b10101010011101010110100001010100 :
b10101010011101010110100001010100 2
b10101010011101010110100001010100 8
b1010 ?
b11011101111111000011000010111011 A
b10101010011101010110100001010100 @
b1001000110 B
b1001111010 6
b1001111001 5
#655000
b1111 <
0!
b11010101100010111000000000000000 "
b11010101100010111000000000000000 =
b111 0
b111 7
b10111111111101001111100101111 ;
b10111111111101001111100101111 3
b10111111111101001111100101111 9
b1011110101111010101100010111 :
b1011110101111010101100010111 2
b1011110101111010101100010111 8
b111 ?
b10111111111101001111100101111 A
b1011110101111010101100010111 @
b1001000111 B
b1001111011 6
b1001111010 5
11
#656000
b11100 <
1!
b0 "
b0 =
b1101 0
b1101 7
b10111110000011000011000001111100 ;
b10111110000011000011000001111100 3
b10111110000011000011000001111100 9
b10110000010001010101100101100 :
b10110000010001010101100101100 2
b10110000010001010101100101100 8
b1101 ?
b10111110000011000011000001111100 A
b10110000010001010101100101100 @
b1001001000 B
b1001111100 6
b1001111011 5
#657000
b110 <
b1011 0
b1011 7
b11110011001000110010111011100110 ;
b11110011001000110010111011100110 3
b11110011001000110010111011100110 9
b1111000110110110000111111110001 :
b1111000110110110000111111110001 2
b1111000110110110000111111110001 8
b1011 ?
b11110011001000110010111011100110 A
b1111000110110110000111111110001 @
b1001001001 B
b1001111101 6
b1001111100 5
#658000
b10100 <
b110 0
b110 7
b10101010010011111110000001010100 ;
b10101010010011111110000001010100 3
b10101010010011111110000001010100 9
b10110010111101011110000001100101 :
b10110010111101011110000001100101 2
b10110010111101011110000001100101 8
b110 ?
b10101010010011111110000001010100 A
b10110010111101011110000001100101 @
b1001001010 B
b1001111110 6
b1001111101 5
#659000
b10011 <
b1110 0
b1110 7
b11111001111101100100011011110011 ;
b11111001111101100100011011110011 3
b11111001111101100100011011110011 9
b10110110110100011110110001101101 :
b10110110110100011110110001101101 2
b10110110110100011110110001101101 8
b1110 ?
b11111001111101100100011011110011 A
b10110110110100011110110001101101 @
b1001001011 B
b1001111111 6
b1001111110 5
#660000
b11111 <
0!
b111110000001100111010001111011 "
b111110000001100111010001111011 =
b0 0
b0 7
b111111101011100101100101111111 ;
b111111101011100101100101111111 3
b111111101011100101100101111111 9
b11111110010110000001101011111100 :
b11111110010110000001101011111100 2
b11111110010110000001101011111100 8
b0 ?
b111111101011100101100101111111 A
b11111110010110000001101011111100 @
b1001001100 B
b1010000000 6
b1001111111 5
01
#661000
b1010 <
1!
b0 "
b0 =
b1011 0
b1011 7
b10110101001100000001110001101010 ;
b10110101001100000001110001101010 3
b10110101001100000001110001101010 9
b111001111000101101011101110011 :
b111001111000101101011101110011 2
b111001111000101101011101110011 8
b1011 ?
b10110101001100000001110001101010 A
b111001111000101101011101110011 @
b1001001101 B
b1010000001 6
b1010000000 5
#662000
b1110 <
b1111 0
b1111 7
b1010111000010000111010110101110 ;
b1010111000010000111010110101110 3
b1010111000010000111010110101110 9
b10000010110011110001010000000101 :
b10000010110011110001010000000101 2
b10000010110011110001010000000101 8
b1111 ?
b1010111000010000111010110101110 A
b10000010110011110001010000000101 @
b1001001110 B
b1010000010 6
b1010000001 5
#663000
b1101 <
0!
b11111111111111100110111011011011 "
b11111111111111100110111011011011 =
b1001 0
b1001 7
b1110110110001100101011111101101 ;
b1110110110001100101011111101101 3
b1110110110001100101011111101101 9
b11001101110110110111101010011011 :
b11001101110110110111101010011011 2
b11001101110110110111101010011011 8
b1001 ?
b1110110110001100101011111101101 A
b11001101110110110111101010011011 @
b1001001111 B
b1010000011 6
b1010000010 5
#664000
1!
b11111 <
b0 "
b0 =
b10111111110111011110100001111111 ;
b10111111110111011110100001111111 3
b10111111110111011110100001111111 9
b1110101100110001101001111101011 :
b1110101100110001101001111101011 2
b1110101100110001101001111101011 8
b10111111110111011110100001111111 A
b1110101100110001101001111101011 @
b1001010000 B
b1010000100 6
b1010000011 5
#665000
b10101 <
0!
b10011100101100110001110100111001 "
b10011100101100110001110100111001 =
b1 0
b1 7
b11111010101011111010000011110101 ;
b11111010101011111010000011110101 3
b11111010101011111010000011110101 9
b10010111011000101011111000101110 :
b10010111011000101011111000101110 2
b10010111011000101011111000101110 8
b1 ?
b11111010101011111010000011110101 A
b10010111011000101011111000101110 @
b1001010001 B
b1010000101 6
b1010000100 5
11
#666000
b10111 <
1!
b0 "
b0 =
b1111 0
b1111 7
b101011111100010110001101010111 ;
b101011111100010110001101010111 3
b101011111100010110001101010111 9
b10100001101001100100101001000011 :
b10100001101001100100101001000011 2
b10100001101001100100101001000011 8
b1111 ?
b101011111100010110001101010111 A
b10100001101001100100101001000011 @
b1001010010 B
b1010000110 6
b1010000101 5
#667000
b10001 <
b11000110100100101001100110001 ;
b11000110100100101001100110001 3
b11000110100100101001100110001 9
b1111000000000011110100111110000 :
b1111000000000011110100111110000 2
b1111000000000011110100111110000 8
b11000110100100101001100110001 A
b1111000000000011110100111110000 @
b1001010011 B
b1010000111 6
b1010000110 5
#668000
b1001 <
b110 0
b110 7
b1110100101100111011001111101001 ;
b1110100101100111011001111101001 3
b1110100101100111011001111101001 9
b11100100100100101111011011001001 :
b11100100100100101111011011001001 2
b11100100100100101111011011001001 8
b110 ?
b1110100101100111011001111101001 A
b11100100100100101111011011001001 @
b1001010100 B
b1010001000 6
b1010000111 5
#669000
b11101 <
0!
b1000000000000000000000000000000 "
b1000000000000000000000000000000 =
b111 0
b111 7
b1001110100001100001100110011101 ;
b1001110100001100001100110011101 3
b1001110100001100001100110011101 9
b10001101000011001011100000011010 :
b10001101000011001011100000011010 2
b10001101000011001011100000011010 8
b111 ?
b1001110100001100001100110011101 A
b10001101000011001011100000011010 @
b1001010101 B
b1010001001 6
b1010001000 5
#670000
b1101 <
b11101101001010011010001111011011 "
b11101101001010011010001111011011 =
b1 0
b1 7
b110111111011101111100001101 ;
b110111111011101111100001101 3
b110111111011101111100001101 9
b11110100001001111000001011101000 :
b11110100001001111000001011101000 2
b11110100001001111000001011101000 8
b1 ?
b110111111011101111100001101 A
b11110100001001111000001011101000 @
b1001010110 B
b1010001010 6
b1010001001 5
01
#671000
b1001 <
1!
b0 "
b0 =
b1100 0
b1100 7
b1100100110100001000000111001001 ;
b1100100110100001000000111001001 3
b1100100110100001000000111001001 9
b111011001100001000101101110110 :
b111011001100001000101101110110 2
b111011001100001000101101110110 8
b1100 ?
b1100100110100001000000111001001 A
b111011001100001000101101110110 @
b1001010111 B
b1010001011 6
b1010001010 5
#672000
b1110 <
0!
b1 "
b1 =
b101 0
b101 7
b11110111011000100100111011101110 ;
b11110111011000100100111011101110 3
b11110111011000100100111011101110 9
b11101111110011110110100011011111 :
b11101111110011110110100011011111 2
b11101111110011110110100011011111 8
b101 ?
b11110111011000100100111011101110 A
b11101111110011110110100011011111 @
b1001011000 B
b1010001100 6
b1010001011 5
#673000
b10 <
b11000101011101110010001110001010 "
b11000101011101110010001110001010 =
b0 0
b0 7
b11110001010001001010110011100010 ;
b11110001010001001010110011100010 3
b11110001010001001010110011100010 9
b11010100001100100111011010101000 :
b11010100001100100111011010101000 2
b11010100001100100111011010101000 8
b0 ?
b11110001010001001010110011100010 A
b11010100001100100111011010101000 @
b1001011001 B
b1010001101 6
b1010001100 5
#674000
b10010 <
b10001010001100110011000100010 "
b10001010001100110011000100010 =
b11111001000111001101111011110010 ;
b11111001000111001101111011110010 3
b11111001000111001101111011110010 9
b11000001010011000011100110000 :
b11000001010011000011100110000 2
b11000001010011000011100110000 8
b11111001000111001101111011110010 A
b11000001010011000011100110000 @
b1001011010 B
b1010001110 6
b1010001101 5
#675000
b100 <
b100010010001110010101001000000 "
b100010010001110010101001000000 =
b111 0
b111 7
b10010010001011011110010000100100 ;
b10010010001011011110010000100100 3
b10010010001011011110010000100100 9
b11010010001001000111001010100100 :
b11010010001001000111001010100100 2
b11010010001001000111001010100100 8
b111 ?
b10010010001011011110010000100100 A
b11010010001001000111001010100100 @
b1001011011 B
b1010001111 6
b1010001110 5
11
#676000
b10110 <
1!
b0 "
b0 =
b1101 0
b1101 7
b10011011011010100000110000110110 ;
b10011011011010100000110000110110 3
b10011011011010100000110000110110 9
b10111100110111100110100101111 :
b10111100110111100110100101111 2
b10111100110111100110100101111 8
b1101 ?
b10011011011010100000110000110110 A
b10111100110111100110100101111 @
b1001011100 B
b1010010000 6
b1010001111 5
#677000
b110 <
0!
b11010011011111010111111010100110 "
b11010011011111010111111010100110 =
b11 0
b11 7
b11000011011011010011111010000110 ;
b11000011011011010011111010000110 3
b11000011011011010011111010000110 9
b11010011000110010110111010100110 :
b11010011000110010110111010100110 2
b11010011000110010110111010100110 8
b11 ?
b11000011011011010011111010000110 A
b11010011000110010110111010100110 @
b1001011101 B
b1010010001 6
b1010010000 5
#678000
b11001 <
b100000 "
b100000 =
b1001 0
b1001 7
b10111100110011010001000001111001 ;
b10111100110011010001000001111001 3
b10111100110011010001000001111001 9
b1000001100100011101010110000011 :
b1000001100100011101010110000011 2
b1000001100100011101010110000011 8
b1001 ?
b10111100110011010001000001111001 A
b1000001100100011101010110000011 @
b1001011110 B
b1010010010 6
b1010010001 5
#679000
b0 <
b10010010100101011100000100100 "
b10010010100101011100000100100 =
b0 0
b0 7
b10110000001100100011111001100000 ;
b10110000001100100011111001100000 3
b10110000001100100011111001100000 9
b1100010001000000111100111000100 :
b1100010001000000111100111000100 2
b1100010001000000111100111000100 8
b0 ?
b10110000001100100011111001100000 A
b1100010001000000111100111000100 @
b1001011111 B
b1010010011 6
b1010010010 5
#680000
b11 <
1!
b0 "
b0 =
b1011 0
b1011 7
b10000001100011010000001000000011 ;
b10000001100011010000001000000011 3
b10000001100011010000001000000011 9
b1000010110011101000011110000101 :
b1000010110011101000011110000101 2
b1000010110011101000011110000101 8
b1011 ?
b10000001100011010000001000000011 A
b1000010110011101000011110000101 @
b1001100000 B
b1010010100 6
b1010010011 5
01
#681000
b1100 <
b1100 0
b1100 7
b10100110011101100111010001001100 ;
b10100110011101100111010001001100 3
b10100110011101100111010001001100 9
b11110000011101101010100111100 :
b11110000011101101010100111100 2
b11110000011101101010100111100 8
b1100 ?
b10100110011101100111010001001100 A
b11110000011101101010100111100 @
b1001100001 B
b1010010101 6
b1010010100 5
#682000
b10100 <
0!
b1100001100001111100010011000011 "
b1100001100001111100010011000011 =
b1 0
b1 7
b111010011100001110111101110100 ;
b111010011100001110111101110100 3
b111010011100001110111101110100 9
b10011011111110001011010000110111 :
b10011011111110001011010000110111 2
b10011011111110001011010000110111 8
b1 ?
b111010011100001110111101110100 A
b10011011111110001011010000110111 @
b1001100010 B
b1010010110 6
b1010010101 5
#683000
b10111 <
b11100100000000000000000000000000 "
b11100100000000000000000000000000 =
b111 0
b111 7
b1111011111001000001011111110111 ;
b1111011111001000001011111110111 3
b1111011111001000001011111110111 9
b1100100011000010010110111001000 :
b1100100011000010010110111001000 2
b1100100011000010010110111001000 8
b111 ?
b1111011111001000001011111110111 A
b1100100011000010010110111001000 @
b1001100011 B
b1010010111 6
b1010010110 5
#684000
b10101 <
1!
b0 "
b0 =
b101 0
b101 7
b11111010100000110000010011110101 ;
b11111010100000110000010011110101 3
b11111010100000110000010011110101 9
b11000010010101011110100110000 :
b11000010010101011110100110000 2
b11000010010101011110100110000 8
b101 ?
b11111010100000110000010011110101 A
b11000010010101011110100110000 @
b1001100100 B
b1010011000 6
b1010010111 5
#685000
b10001 <
0!
b1111100011101 "
b1111100011101 =
b1001 0
b1001 7
b1111000100011111011000111110001 ;
b1111000100011111011000111110001 3
b1111000100011111011000111110001 9
b111110001110111001110101111100 :
b111110001110111001110101111100 2
b111110001110111001110101111100 8
b1001 ?
b1111000100011111011000111110001 A
b111110001110111001110101111100 @
b1001100101 B
b1010011001 6
b1010011000 5
11
#686000
b11100 <
b1111 "
b1111 =
b1000 0
b1000 7
b1110011000101010101100011100 ;
b1110011000101010101100011100 3
b1110011000101010101100011100 9
b11110101000011010010100011101010 :
b11110101000011010010100011101010 2
b11110101000011010010100011101010 8
b1000 ?
b1110011000101010101100011100 A
b11110101000011010010100011101010 @
b1001100110 B
b1010011010 6
b1010011001 5
#687000
b10101 <
b10111101111111000101010101111011 "
b10111101111111000101010101111011 =
b100 0
b100 7
b11101010101011001011000011010101 ;
b11101010101011001011000011010101 3
b11101010101011001011000011010101 9
b1010111010100001110010110101110 :
b1010111010100001110010110101110 2
b1010111010100001110010110101110 8
b100 ?
b11101010101011001011000011010101 A
b1010111010100001110010110101110 @
b1001100111 B
b1010011011 6
b1010011010 5
#688000
b11010 <
b1011000101100011111011010110000 "
b1011000101100011111011010110000 =
b0 0
b0 7
b10001101011011011010011000011010 ;
b10001101011011011010011000011010 3
b10001101011011011010011000011010 9
b11001011010001000101000010010110 :
b11001011010001000101000010010110 2
b11001011010001000101000010010110 8
b0 ?
b10001101011011011010011000011010 A
b11001011010001000101000010010110 @
b1001101000 B
b1010011100 6
b1010011011 5
#689000
b11110 <
1!
b0 "
b0 =
b1010 0
b1010 7
b10001111001001010001011000011110 ;
b10001111001001010001011000011110 3
b10001111001001010001011000011110 9
b110010001110000111101101100100 :
b110010001110000111101101100100 2
b110010001110000111101101100100 8
b1010 ?
b10001111001001010001011000011110 A
b110010001110000111101101100100 @
b1001101001 B
b1010011101 6
b1010011100 5
#690000
b1001 <
b1111 0
b1111 7
b11000100110010000011011010001001 ;
b11000100110010000011011010001001 3
b11000100110010000011011010001001 9
b110011101110001111011101100111 :
b110011101110001111011101100111 2
b110011101110001111011101100111 8
b1111 ?
b11000100110010000011011010001001 A
b110011101110001111011101100111 @
b1001101010 B
b1010011110 6
b1010011101 5
01
#691000
b11011 <
0!
b1 "
b1 =
b1001 0
b1001 7
b101101101111000000111101011011 ;
b101101101111000000111101011011 3
b101101101111000000111101011011 9
b1011011110111011010100010110 :
b1011011110111011010100010110 2
b1011011110111011010100010110 8
b1001 ?
b101101101111000000111101011011 A
b1011011110111011010100010110 @
b1001101011 B
b1010011111 6
b1010011110 5
#692000
b1100 <
b11111111111110111110010000111110 "
b11111111111110111110010000111110 =
b10110110000011000011101001101100 ;
b10110110000011000011101001101100 3
b10110110000011000011101001101100 9
b10111110010000111110100001111100 :
b10111110010000111110100001111100 2
b10111110010000111110100001111100 8
b10110110000011000011101001101100 A
b10111110010000111110100001111100 @
b1001101100 B
b1010100000 6
b1010011111 5
#693000
b1000 <
b110111000110000111100010 "
b110111000110000111100010 =
b1000 0
b1000 7
b1010100001000111000110110101000 ;
b1010100001000111000110110101000 3
b1010100001000111000110110101000 9
b11011100011000011110001010111000 :
b11011100011000011110001010111000 2
b11011100011000011110001010111000 8
b1000 ?
b1010100001000111000110110101000 A
b11011100011000011110001010111000 @
b1001101101 B
b1010100001 6
b1010100000 5
#694000
b11110 <
1!
b0 "
b0 =
b1101 0
b1101 7
b111111001001110100101101111110 ;
b111111001001110100101101111110 3
b111111001001110100101101111110 9
b11100000000001001010000011000000 :
b11100000000001001010000011000000 2
b11100000000001001010000011000000 8
b1101 ?
b111111001001110100101101111110 A
b11100000000001001010000011000000 @
b1001101110 B
b1010100010 6
b1010100001 5
#695000
b100 <
b1110 0
b1110 7
b10110010001011001111010001100100 ;
b10110010001011001111010001100100 3
b10110010001011001111010001100100 9
b100000010000110111000101000000 :
b100000010000110111000101000000 2
b100000010000110111000101000000 8
b1110 ?
b10110010001011001111010001100100 A
b100000010000110111000101000000 @
b1001101111 B
b1010100011 6
b1010100010 5
11
#696000
b11101 <
0!
b1 "
b1 =
b1001 0
b1001 7
b101110101011111101100101011101 ;
b101110101011111101100101011101 3
b101110101011111101100101011101 9
b100000111010101110011101000001 :
b100000111010101110011101000001 2
b100000111010101110011101000001 8
b1001 ?
b101110101011111101100101011101 A
b100000111010101110011101000001 @
b1001110000 B
b1010100100 6
b1010100011 5
#697000
b10011 <
b1001101001010000000000000000000 "
b1001101001010000000000000000000 =
b111 0
b111 7
b1101001111111001011010111010011 ;
b1101001111111001011010111010011 3
b1101001111111001011010111010011 9
b1010010111011000000100110100101 :
b1010010111011000000100110100101 2
b1010010111011000000100110100101 8
b111 ?
b1101001111111001011010111010011 A
b1010010111011000000100110100101 @
b1001110001 B
b1010100101 6
b1010100100 5
#698000
b1111 <
1!
b0 "
b0 =
b1101 0
b1101 7
b1110111101110010101011111101111 ;
b1110111101110010101011111101111 3
b1110111101110010101011111101111 9
b10111111101110110110110001111111 :
b10111111101110110110110001111111 2
b10111111101110110110110001111111 8
b1101 ?
b1110111101110010101011111101111 A
b10111111101110110110110001111111 @
b1001110010 B
b1010100110 6
b1010100101 5
#699000
b11 <
0!
b1100110001111001001011011001011 "
b1100110001111001001011011001011 =
b0 0
b0 7
b1100001111010001110100111000011 ;
b1100001111010001110100111000011 3
b1100001111010001110100111000011 9
b100010100111010110100001000 :
b100010100111010110100001000 2
b100010100111010110100001000 8
b0 ?
b1100001111010001110100111000011 A
b100010100111010110100001000 @
b1001110011 B
b1010100111 6
b1010100110 5
#700000
b10011 <
1!
b0 "
b0 =
b101 0
b101 7
b1011001111011110101000110110011 ;
b1011001111011110101000110110011 3
b1011001111011110101000110110011 9
b1101100011101110110111111011000 :
b1101100011101110110111111011000 2
b1101100011101110110111111011000 8
b101 ?
b1011001111011110101000110110011 A
b1101100011101110110111111011000 @
b1001110100 B
b1010101000 6
b1010100111 5
01
#701000
b10100 <
0!
b1000000001000011101010001111111 "
b1000000001000011101010001111111 =
b0 0
b0 7
b1111010011010101111010111110100 ;
b1111010011010101111010111110100 3
b1111010011010101111010111110100 9
b11000101101101101101111010001011 :
b11000101101101101101111010001011 2
b11000101101101101101111010001011 8
b0 ?
b1111010011010101111010111110100 A
b11000101101101101101111010001011 @
b1001110101 B
b1010101001 6
b1010101000 5
#702000
b1100 <
1!
b0 "
b0 =
b1010 0
b1010 7
b10010110011111111001000000101100 ;
b10010110011111111001000000101100 3
b10010110011111111001000000101100 9
b1001011110011110101101110010111 :
b1001011110011110101101110010111 2
b1001011110011110101101110010111 8
b1010 ?
b10010110011111111001000000101100 A
b1001011110011110101101110010111 @
b1001110110 B
b1010101010 6
b1010101001 5
#703000
b10010 <
b110 0
b110 7
b101001010011000010101101010010 ;
b101001010011000010101101010010 3
b101001010011000010101101010010 9
b10001101110101011011110000011011 :
b10001101110101011011110000011011 2
b10001101110101011011110000011011 8
b110 ?
b101001010011000010101101010010 A
b10001101110101011011110000011011 @
b1001110111 B
b1010101011 6
b1010101010 5
#704000
b0 <
0!
b100000000010000010001101000000 "
b100000000010000010001101000000 =
b10 0
b10 7
b100000000110110011101101000000 ;
b100000000110110011101101000000 3
b100000000110110011101101000000 9
b1100011000010000110011111000110 :
b1100011000010000110011111000110 2
b1100011000010000110011111000110 8
b10 ?
b100000000110110011101101000000 A
b1100011000010000110011111000110 @
b1001111000 B
b1010101100 6
b1010101011 5
#705000
b111 <
1!
b0 "
b0 =
b101 0
b101 7
b10010011111101010110110000100111 ;
b10010011111101010110110000100111 3
b10010011111101010110110000100111 9
b1101101111000100001110111011011 :
b1101101111000100001110111011011 2
b1101101111000100001110111011011 8
b101 ?
b10010011111101010110110000100111 A
b1101101111000100001110111011011 @
b1001111001 B
b1010101101 6
b1010101100 5
11
#706000
b11000 <
0!
b100000000000000000000000000 "
b100000000000000000000000000 =
b111 0
b111 7
b1100000101101110110100011000 ;
b1100000101101110110100011000 3
b1100000101101110110100011000 9
b10000010011111010011010000000100 :
b10000010011111010011010000000100 2
b10000010011111010011010000000100 8
b111 ?
b1100000101101110110100011000 A
b10000010011111010011010000000100 @
b1001111010 B
b1010101110 6
b1010101101 5
#707000
b1011 <
b100101100101111110000000000000 "
b100101100101111110000000000000 =
b10000101100010011100010000001011 ;
b10000101100010011100010000001011 3
b10000101100010011100010000001011 9
b11111110011001001011001011111100 :
b11111110011001001011001011111100 2
b11111110011001001011001011111100 8
b10000101100010011100010000001011 A
b11111110011001001011001011111100 @
b1001111011 B
b1010101111 6
b1010101110 5
#708000
b1000 <
b1 "
b1 =
b101 0
b101 7
b1010100011100011110011110101000 ;
b1010100011100011110011110101000 3
b1010100011100011110011110101000 9
b11110101101000010111000011101011 :
b11110101101000010111000011101011 2
b11110101101000010111000011101011 8
b101 ?
b1010100011100011110011110101000 A
b11110101101000010111000011101011 @
b1001111100 B
b1010110000 6
b1010101111 5
#709000
b10100 <
1!
b0 "
b0 =
b1100 0
b1100 7
b10111010001101000000011001110100 ;
b10111010001101000000011001110100 3
b10111010001101000000011001110100 9
b10111011001000010011001001110110 :
b10111011001000010011001001110110 2
b10111011001000010011001001110110 8
b1100 ?
b10111010001101000000011001110100 A
b10111011001000010011001001110110 @
b1001111101 B
b1010110001 6
b1010110000 5
#710000
b1100 <
0!
b111100110110100000000000000 "
b111100110110100000000000000 =
b111 0
b111 7
b100110010011000001111101001100 ;
b100110010011000001111101001100 3
b100110010011000001111101001100 9
b1011010001100000111100110110100 :
b1011010001100000111100110110100 2
b1011010001100000111100110110100 8
b111 ?
b100110010011000001111101001100 A
b1011010001100000111100110110100 @
b1001111110 B
b1010110010 6
b1010110001 5
01
#711000
1!
b11111 <
b0 "
b0 =
b1001 0
b1001 7
b10011111110011110111010000111111 ;
b10011111110011110111010000111111 3
b10011111110011110111010000111111 9
b110110000010110011100001101 :
b110110000010110011100001101 2
b110110000010110011100001101 8
b1001 ?
b10011111110011110111010000111111 A
b110110000010110011100001101 @
b1001111111 B
b1010110011 6
b1010110010 5
#712000
b1100 <
b1100 0
b1100 7
b1110110000100110110101111101100 ;
b1110110000100110110101111101100 3
b1110110000100110110101111101100 9
b110100111011101111001101101001 :
b110100111011101111001101101001 2
b110100111011101111001101101001 8
b1100 ?
b1110110000100110110101111101100 A
b110100111011101111001101101001 @
b1010000000 B
b1010110100 6
b1010110011 5
#713000
b11001 <
0!
b10100101111110111111010101001100 "
b10100101111110111111010101001100 =
b1 0
b1 7
b1100110100110110000100011001 ;
b1100110100110110000100011001 3
b1100110100110110000100011001 9
b10110010110011110101011001100101 :
b10110010110011110101011001100101 2
b10110010110011110101011001100101 8
b1 ?
b1100110100110110000100011001 A
b10110010110011110101011001100101 @
b1010000001 B
b1010110101 6
b1010110100 5
#714000
b100 <
b1101100100100111011011101011 "
b1101100100100111011011101011 =
b1000 0
b1000 7
b1010010011011111001101110100100 ;
b1010010011011111001101110100100 3
b1010010011011111001101110100100 9
b11011001001001110110111010110010 :
b11011001001001110110111010110010 2
b11011001001001110110111010110010 8
b1000 ?
b1010010011011111001101110100100 A
b11011001001001110110111010110010 @
b1010000010 B
b1010110110 6
b1010110101 5
#715000
b10010 <
1!
b0 "
b0 =
b1010 0
b1010 7
b111001001010011100010101110010 ;
b111001001010011100010101110010 3
b111001001010011100010101110010 9
b11110010001100110100100111100 :
b11110010001100110100100111100 2
b11110010001100110100100111100 8
b1010 ?
b111001001010011100010101110010 A
b11110010001100110100100111100 @
b1010000011 B
b1010110111 6
b1010110110 5
11
#716000
b1 <
0!
b10010001011111111010101100100010 "
b10010001011111111010101100100010 =
b0 0
b0 7
b1100000101101011001101111000001 ;
b1100000101101011001101111000001 3
b1100000101101011001101111000001 9
b110000110010100000111101100001 :
b110000110010100000111101100001 2
b110000110010100000111101100001 8
b0 ?
b1100000101101011001101111000001 A
b110000110010100000111101100001 @
b1010000100 B
b1010111000 6
b1010110111 5
#717000
b10010 <
b1 "
b1 =
b110 0
b110 7
b10101001010110001110001001010010 ;
b10101001010110001110001001010010 3
b10101001010110001110001001010010 9
b110100110000110111110101101001 :
b110100110000110111110101101001 2
b110100110000110111110101101001 8
b110 ?
b10101001010110001110001001010010 A
b110100110000110111110101101001 @
b1010000101 B
b1010111001 6
b1010111000 5
#718000
b10 <
b10010111010000001010110100101101 "
b10010111010000001010110100101101 =
b0 0
b0 7
b1011010011001010100000010 ;
b1011010011001010100000010 3
b1011010011001010100000010 9
b10010101110101110001100000101011 :
b10010101110101110001100000101011 2
b10010101110101110001100000101011 8
b0 ?
b1011010011001010100000010 A
b10010101110101110001100000101011 @
b1010000110 B
b1010111010 6
b1010111001 5
#719000
b10110 <
b10101101010001000000001101011010 "
b10101101010001000000001101011010 =
b1101011001001111111001111010110 ;
b1101011001001111111001111010110 3
b1101011001001111111001111010110 9
b1000010000111000000111110000100 :
b1000010000111000000111110000100 2
b1000010000111000000111110000100 8
b1101011001001111111001111010110 A
b1000010000111000000111110000100 @
b1010000111 B
b1010111011 6
b1010111010 5
#720000
b10 <
b11010100111110010101001110101 "
b11010100111110010101001110101 =
b1001 0
b1001 7
b1000001000110000000101110000010 ;
b1000001000110000000101110000010 3
b1000001000110000000101110000010 9
b1101010011111001010100111010100 :
b1101010011111001010100111010100 2
b1101010011111001010100111010100 8
b1001 ?
b1000001000110000000101110000010 A
b1101010011111001010100111010100 @
b1010001000 B
b1010111100 6
b1010111011 5
01
#721000
b10111 <
b10111011111001101111100101110111 "
b10111011111001101111100101110111 =
b11 0
b11 7
b101011101001101011000101010111 ;
b101011101001101011000101010111 3
b101011101001101011000101010111 9
b10011001111001000101100000110011 :
b10011001111001000101100000110011 2
b10011001111001000101100000110011 8
b11 ?
b101011101001101011000101010111 A
b10011001111001000101100000110011 @
b1010001001 B
b1010111101 6
b1010111100 5
#722000
b11 <
b100100000011110011110101001 "
b100100000011110011110101001 =
b1000 0
b1000 7
b11100001100011011111111011000011 ;
b11100001100011011111111011000011 3
b11100001100011011111111011000011 9
b100100000011110011110101001000 :
b100100000011110011110101001000 2
b100100000011110011110101001000 8
b1000 ?
b11100001100011011111111011000011 A
b100100000011110011110101001000 @
b1010001010 B
b1010111110 6
b1010111101 5
#723000
b10 <
1!
b0 "
b0 =
b110 0
b110 7
b1010000000000011100000010 ;
b1010000000000011100000010 3
b1010000000000011100000010 9
b11110000001011000110111011100000 :
b11110000001011000110111011100000 2
b11110000001011000110111011100000 8
b110 ?
b1010000000000011100000010 A
b11110000001011000110111011100000 @
b1010001011 B
b1010111111 6
b1010111110 5
#724000
0!
b1111011100010101100111011110 "
b1111011100010101100111011110 =
b1001 0
b1001 7
b11100001001110000000111011000010 ;
b11100001001110000000111011000010 3
b11100001001110000000111011000010 9
b111101110001010110011101111011 :
b111101110001010110011101111011 2
b111101110001010110011101111011 8
b1001 ?
b11100001001110000000111011000010 A
b111101110001010110011101111011 @
b1010001100 B
b1011000000 6
b1010111111 5
#725000
1!
b0 "
b0 =
b1111 0
b1111 7
b1110001001111111010101111100010 ;
b1110001001111111010101111100010 3
b1110001001111111010101111100010 9
b11100000011111000101111011000000 :
b11100000011111000101111011000000 2
b11100000011111000101111011000000 8
b1111 ?
b1110001001111111010101111100010 A
b11100000011111000101111011000000 @
b1010001101 B
b1011000001 6
b1011000000 5
11
#726000
b100 <
0!
b1 "
b1 =
b110 0
b110 7
b11100010001100001001000011000100 ;
b11100010001100001001000011000100 3
b11100010001100001001000011000100 9
b10110010110111100101110001100101 :
b10110010110111100101110001100101 2
b10110010110111100101110001100101 8
b110 ?
b11100010001100001001000011000100 A
b10110010110111100101110001100101 @
b1010001110 B
b1011000010 6
b1011000001 5
#727000
b11101 <
b11100000110100100100000011000001 "
b11100000110100100100000011000001 =
b10 0
b10 7
b11101110111100101100001011011101 ;
b11101110111100101100001011011101 3
b11101110111100101100001011011101 9
b11110001110101110101100011100011 :
b11110001110101110101100011100011 2
b11110001110101110101100011100011 8
b10 ?
b11101110111100101100001011011101 A
b11110001110101110101100011100011 @
b1010001111 B
b1011000011 6
b1011000010 5
#728000
b0 <
b1100100100110111010101111001001 "
b1100100100110111010101111001001 =
b1001 0
b1001 7
b100000010001001011100101000000 ;
b100000010001001011100101000000 3
b100000010001001011100101000000 9
b1100100100110111010101111001001 :
b1100100100110111010101111001001 2
b1100100100110111010101111001001 8
b1001 ?
b100000010001001011100101000000 A
b1100100100110111010101111001001 @
b1010010000 B
b1011000100 6
b1011000011 5
#729000
b110 <
b10010011011100001110110100000000 "
b10010011011100001110110100000000 =
b111 0
b111 7
b11010010110111101100000110 ;
b11010010110111101100000110 3
b11010010110111101100000110 9
b1011010010011011100001110110100 :
b1011010010011011100001110110100 2
b1011010010011011100001110110100 8
b111 ?
b11010010110111101100000110 A
b1011010010011011100001110110100 @
b1010010001 B
b1011000101 6
b1011000100 5
#730000
b1001 <
1!
b0 "
b0 =
b1110 0
b1110 7
b110100111110001011101101101001 ;
b110100111110001011101101101001 3
b110100111110001011101101101001 9
b11011111001101011011111010111110 :
b11011111001101011011111010111110 2
b11011111001101011011111010111110 8
b1110 ?
b110100111110001011101101101001 A
b11011111001101011011111010111110 @
b1010010010 B
b1011000110 6
b1011000101 5
01
#731000
b1101 <
b100110101011111010110101001101 ;
b100110101011111010110101001101 3
b100110101011111010110101001101 9
b1001010011001100110000110010100 :
b1001010011001100110000110010100 2
b1001010011001100110000110010100 8
b100110101011111010110101001101 A
b1001010011001100110000110010100 @
b1010010011 B
b1011000111 6
b1011000110 5
#732000
b10100 <
0!
b11110011011 "
b11110011011 =
b1000 0
b1000 7
b101010010100101110000101010100 ;
b101010010100101110000101010100 3
b101010010100101110000101010100 9
b1111001101100111001100111110011 :
b1111001101100111001100111110011 2
b1111001101100111001100111110011 8
b1000 ?
b101010010100101110000101010100 A
b1111001101100111001100111110011 @
b1010010100 B
b1011001000 6
b1011000111 5
#733000
b10110 <
1!
b0 "
b0 =
b110 0
b110 7
b1001011010110100111111110010110 ;
b1001011010110100111111110010110 3
b1001011010110100111111110010110 9
b10010000011001100111011000100000 :
b10010000011001100111011000100000 2
b10010000011001100111011000100000 8
b110 ?
b1001011010110100111111110010110 A
b10010000011001100111011000100000 @
b1010010101 B
b1011001001 6
b1011001000 5
#734000
b1 <
b101 0
b101 7
b1000000111101011011001110000001 ;
b1000000111101011011001110000001 3
b1000000111101011011001110000001 9
b1111111010011010110010111111110 :
b1111111010011010110010111111110 2
b1111111010011010110010111111110 8
b101 ?
b1000000111101011011001110000001 A
b1111111010011010110010111111110 @
b1010010110 B
b1011001010 6
b1011001001 5
#735000
b1010 <
0!
b110010101110011110011001100100 "
b110010101110011110011001100100 =
b0 0
b0 7
b11010101011110010000011010101010 ;
b11010101011110010000011010101010 3
b11010101011110010000011010101010 9
b1011101010000001101111110111010 :
b1011101010000001101111110111010 2
b1011101010000001101111110111010 8
b0 ?
b11010101011110010000011010101010 A
b1011101010000001101111110111010 @
b1010010111 B
b1011001011 6
b1011001010 5
11
#736000
b111 <
b1110111000010000101110 "
b1110111000010000101110 =
b1001 0
b1001 7
b11000011110100010001011010000111 ;
b11000011110100010001011010000111 3
b11000011110100010001011010000111 9
b11101110000100001011100111011 :
b11101110000100001011100111011 2
b11101110000100001011100111011 8
b1001 ?
b11000011110100010001011010000111 A
b11101110000100001011100111011 @
b1010011000 B
b1011001100 6
b1011001011 5
#737000
b1101 <
b10000110010101000010000000000000 "
b10000110010101000010000000000000 =
b111 0
b111 7
b1110110111010011101111111101101 ;
b1110110111010011101111111101101 3
b1110110111010011101111111101101 9
b11010000101101000011001010100001 :
b11010000101101000011001010100001 2
b11010000101101000011001010100001 8
b111 ?
b1110110111010011101111111101101 A
b11010000101101000011001010100001 @
b1010011001 B
b1011001101 6
b1011001100 5
#738000
b10110 <
1!
b0 "
b0 =
b1110 0
b1110 7
b111011011100100110110101110110 ;
b111011011100100110110101110110 3
b111011011100100110110101110110 9
b11101010110010000001001011010101 :
b11101010110010000001001011010101 2
b11101010110010000001001011010101 8
b1110 ?
b111011011100100110110101110110 A
b11101010110010000001001011010101 @
b1010011010 B
b1011001110 6
b1011001101 5
#739000
b1110 <
0!
b1011000100110000001000010110001 "
b1011000100110000001000010110001 =
b1 0
b1 7
b11000111010001111101010010001110 ;
b11000111010001111101010010001110 3
b11000111010001111101010010001110 9
b11111110111111110010100111111 :
b11111110111111110010100111111 2
b11111110111111110010100111111 8
b1 ?
b11000111010001111101010010001110 A
b11111110111111110010100111111 @
b1010011011 B
b1011001111 6
b1011001110 5
#740000
b11001 <
b10111111101110111111011101111111 "
b10111111101110111111011101111111 =
b11 0
b11 7
b10111100101110111011000001111001 ;
b10111100101110111011000001111001 3
b10111100101110111011000001111001 9
b100011100000001100011101000111 :
b100011100000001100011101000111 2
b100011100000001100011101000111 8
b11 ?
b10111100101110111011000001111001 A
b100011100000001100011101000111 @
b1010011100 B
b1011010000 6
b1011001111 5
01
#741000
b11011 <
b10010000000000000000000000000000 "
b10010000000000000000000000000000 =
b111 0
b111 7
b10101101101001110111110001011011 ;
b10101101101001110111110001011011 3
b10101101101001110111110001011011 9
b10011001010110000110011000110010 :
b10011001010110000110011000110010 2
b10011001010110000110011000110010 8
b111 ?
b10101101101001110111110001011011 A
b10011001010110000110011000110010 @
b1010011101 B
b1011010001 6
b1011010000 5
#742000
b10101 <
1!
b0 "
b0 =
b1100 0
b1100 7
b11011010100010011001110010110101 ;
b11011010100010011001110010110101 3
b11011010100010011001110010110101 9
b11100101110100110100000111 :
b11100101110100110100000111 2
b11100101110100110100000111 8
b1100 ?
b11011010100010011001110010110101 A
b11100101110100110100000111 @
b1010011110 B
b1011010010 6
b1011010001 5
#743000
b10000 <
b1111000001011111101110111110000 ;
b1111000001011111101110111110000 3
b1111000001011111101110111110000 9
b11101011100000100100010011010111 :
b11101011100000100100010011010111 2
b11101011100000100100010011010111 8
b1111000001011111101110111110000 A
b11101011100000100100010011010111 @
b1010011111 B
b1011010011 6
b1011010010 5
#744000
b11111 <
1!
b0 "
b0 =
b111 0
b111 7
b1011111100100001100001110111111 ;
b1011111100100001100001110111111 3
b1011111100100001100001110111111 9
b11100110011100100000110011001100 :
b11100110011100100000110011001100 2
b11100110011100100000110011001100 8
b111 ?
b1011111100100001100001110111111 A
b11100110011100100000110011001100 @
b1010100000 B
b1011010100 6
b1011010011 5
#745000
b11100 <
b1010 0
b1010 7
b11111110011101011111111011111100 ;
b11111110011101011111111011111100 3
b11111110011101011111111011111100 9
b11010101101111000100100010101011 :
b11010101101111000100100010101011 2
b11010101101111000100100010101011 8
b1010 ?
b11111110011101011111111011111100 A
b11010101101111000100100010101011 @
b1010100001 B
b1011010101 6
b1011010100 5
11
#746000
b1010 <
0!
b1011001000110010001000010110001 "
b1011001000110010001000010110001 =
b0 0
b0 7
b1010101011110011011011110101010 ;
b1010101011110011011011110101010 3
b1010101011110011011011110101010 9
b11100111110101100100000111 :
b11100111110101100100000111 2
b11100111110101100100000111 8
b0 ?
b1010101011110011011011110101010 A
b11100111110101100100000111 @
b1010100010 B
b1011010110 6
b1011010101 5
#747000
b1100 <
b1011000111001000011100010110001 "
b1011000111001000011100010110001 =
b10110010000111010000100101100 ;
b10110010000111010000100101100 3
b10110010000111010000100101100 9
b1000010101000001001011110000101 :
b1000010101000001001011110000101 2
b1000010101000001001011110000101 8
b10110010000111010000100101100 A
b1000010101000001001011110000101 @
b1010100011 B
b1011010111 6
b1011010110 5
#748000
b0 <
b10110000011001010000111001100000 "
b10110000011001010000111001100000 =
b1001 0
b1001 7
b1110000000001000010000111100000 ;
b1110000000001000010000111100000 3
b1110000000001000010000111100000 9
b10110000011001010000111001100000 :
b10110000011001010000111001100000 2
b10110000011001010000111001100000 8
b1001 ?
b1110000000001000010000111100000 A
b10110000011001010000111001100000 @
b1010100100 B
b1011011000 6
b1011010111 5
#749000
b1110 <
b110011000100001000000000000000 "
b110011000100001000000000000000 =
b111 0
b111 7
b100111001100001100011101001110 ;
b100111001100001100011101001110 3
b100111001100001100011101001110 9
b10100001011001001100110001000010 :
b10100001011001001100110001000010 2
b10100001011001001100110001000010 8
b111 ?
b100111001100001100011101001110 A
b10100001011001001100110001000010 @
b1010100101 B
b1011011001 6
b1011011000 5
#750000
b1101 <
1!
b0 "
b0 =
b1100 0
b1100 7
b10100110101110001110111001001101 ;
b10100110101110001110111001001101 3
b10100110101110001110111001001101 9
b11010011000110110011101010100110 :
b11010011000110110011101010100110 2
b11010011000110110011101010100110 8
b1100 ?
b10100110101110001110111001001101 A
b11010011000110110011101010100110 @
b1010100110 B
b1011011010 6
b1011011001 5
01
#751000
b10000 <
b1010 0
b1010 7
b1111000001110000110010111110000 ;
b1111000001110000110010111110000 3
b1111000001110000110010111110000 9
b10011110001000010010101000111100 :
b10011110001000010010101000111100 2
b10011110001000010010101000111100 8
b1010 ?
b1111000001110000110010111110000 A
b10011110001000010010101000111100 @
b1010100111 B
b1011011011 6
b1011011010 5
#752000
b11010 <
b1111 0
b1111 7
b1101011100110101111100011010 ;
b1101011100110101111100011010 3
b1101011100110101111100011010 9
b11010001101110011010111010100011 :
b11010001101110011010111010100011 2
b11010001101110011010111010100011 8
b1111 ?
b1101011100110101111100011010 A
b11010001101110011010111010100011 @
b1010101000 B
b1011011100 6
b1011011011 5
#753000
b10110 <
0!
b1 "
b1 =
b101 0
b101 7
b11011001011111111100100110110 ;
b11011001011111111100100110110 3
b11011001011111111100100110110 9
b100100001101010011100001001 :
b100100001101010011100001001 2
b100100001101010011100001001 8
b101 ?
b11011001011111111100100110110 A
b100100001101010011100001001 @
b1010101001 B
b1011011101 6
b1011011100 5
#754000
b111 <
b10100111111101110111110101010000 "
b10100111111101110111110101010000 =
b1 0
b1 7
b11000011110010010011011010000111 ;
b11000011110010010011011010000111 3
b11000011110010010011011010000111 9
b1101011110000001011001111010111 :
b1101011110000001011001111010111 2
b1101011110000001011001111010111 8
b1 ?
b11000011110010010011011010000111 A
b1101011110000001011001111010111 @
b1010101010 B
b1011011110 6
b1011011101 5
#755000
b11001 <
b1011000000000000000000000000000 "
b1011000000000000000000000000000 =
b111 0
b111 7
b11001100110010100010111010011001 ;
b11001100110010100010111010011001 3
b11001100110010100010111010011001 9
b10110010011000001011100101100 :
b10110010011000001011100101100 2
b10110010011000001011100101100 8
b111 ?
b11001100110010100010111010011001 A
b10110010011000001011100101100 @
b1010101011 B
b1011011111 6
b1011011110 5
11
#756000
b11010 <
b1011101011111010100001010111010 "
b1011101011111010100001010111010 =
b100 0
b100 7
b10001101000110011101000000011010 ;
b10001101000110011101000000011010 3
b10001101000110011101000000011010 9
b11010000011001001001001010100000 :
b11010000011001001001001010100000 2
b11010000011001001001001010100000 8
b100 ?
b10001101000110011101000000011010 A
b11010000011001001001001010100000 @
b1010101100 B
b1011100000 6
b1011011111 5
#757000
b11001 <
b11111110110111100111101011111101 "
b11111110110111100111101011111101 =
b11 0
b11 7
b11101100100011000111101011011001 ;
b11101100100011000111101011011001 3
b11101100100011000111101011011001 9
b11011110010110100100101010111100 :
b11011110010110100100101010111100 2
b11011110010110100100101010111100 8
b11 ?
b11101100100011000111101011011001 A
b11011110010110100100101010111100 @
b1010101101 B
b1011100001 6
b1011100000 5
#758000
b11101 <
1!
b0 "
b0 =
b1111 0
b1111 7
b111110110011000100010101111101 ;
b111110110011000100010101111101 3
b111110110011000100010101111101 9
b10001100101001000100100000011001 :
b10001100101001000100100000011001 2
b10001100101001000100100000011001 8
b1111 ?
b111110110011000100010101111101 A
b10001100101001000100100000011001 @
b1010101110 B
b1011100010 6
b1011100001 5
#759000
b1101 <
0!
b10010111101111000000000011 "
b10010111101111000000000011 =
b0 0
b0 7
b10000110110111111100000000001101 ;
b10000110110111111100000000001101 3
b10000110110111111100000000001101 9
b1111011011111110010111111110110 :
b1111011011111110010111111110110 2
b1111011011111110010111111110110 8
b0 ?
b10000110110111111100000000001101 A
b1111011011111110010111111110110 @
b1010101111 B
b1011100011 6
b1011100010 5
#760000
b0 <
b11010001101100110001110010100011 "
b11010001101100110001110010100011 =
b1001 0
b1001 7
b100000000001001000101101000000 ;
b100000000001001000101101000000 3
b100000000001001000101101000000 9
b11010001101100110001110010100011 :
b11010001101100110001110010100011 2
b11010001101100110001110010100011 8
b1001 ?
b100000000001001000101101000000 A
b11010001101100110001110010100011 @
b1010110000 B
b1011100100 6
b1011100011 5
01
#761000
b11000 <
b1101101010100111101101011011010 "
b1101101010100111101101011011010 =
b0 0
b0 7
b1111100001000111110111111111000 ;
b1111100001000111110111111111000 3
b1111100001000111110111111111000 9
b11110001001011111110101011100010 :
b11110001001011111110101011100010 2
b11110001001011111110101011100010 8
b0 ?
b1111100001000111110111111111000 A
b11110001001011111110101011100010 @
b1010110001 B
b1011100101 6
b1011100100 5
#762000
b1011 <
b1001000101101001100111010010000 "
b1001000101101001100111010010000 =
b10000101110101111000111000001011 ;
b10000101110101111000111000001011 3
b10000101110101111000111000001011 9
b11000010110111010100000010000101 :
b11000010110111010100000010000101 2
b11000010110111010100000010000101 8
b10000101110101111000111000001011 A
b11000010110111010100000010000101 @
b1010110010 B
b1011100110 6
b1011100101 5
#763000
b10100 <
b1100101010 "
b1100101010 =
b1001 0
b1001 7
b11001010011011101010000010010100 ;
b11001010011011101010000010010100 3
b11001010011011101010000010010100 9
b110010101000100000011101100101 :
b110010101000100000011101100101 2
b110010101000100000011101100101 8
b1001 ?
b11001010011011101010000010010100 A
b110010101000100000011101100101 @
b1010110011 B
b1011100111 6
b1011100110 5
#764000
b10001 <
b11100010100010100000000000000000 "
b11100010100010100000000000000000 =
b111 0
b111 7
b11011000110001100101111010110001 ;
b11011000110001100101111010110001 3
b11011000110001100101111010110001 9
b100010110011110111000101000101 :
b100010110011110111000101000101 2
b100010110011110111000101000101 8
b111 ?
b11011000110001100101111010110001 A
b100010110011110111000101000101 @
b1010110100 B
b1011101000 6
b1011100111 5
#765000
b1000 <
b11011000101000000011100110110000 "
b11011000101000000011100110110000 =
b0 0
b0 7
b10100010111001011101100101000 ;
b10100010111001011101100101000 3
b10100010111001011101100101000 9
b11000100010000110111111010001000 :
b11000100010000110111111010001000 2
b11000100010000110111111010001000 8
b0 ?
b10100010111001011101100101000 A
b11000100010000110111111010001000 @
b1010110101 B
b1011101001 6
b1011101000 5
11
#766000
b11111111100010101110100110011100 "
b11111111100010101110100110011100 =
b1001 0
b1001 7
b10110100000010000100010001101000 ;
b10110100000010000100010001101000 3
b10110100000010000100010001101000 9
b10001010111010011001110000010101 :
b10001010111010011001110000010101 2
b10001010111010011001110000010101 8
b1001 ?
b10110100000010000100010001101000 A
b10001010111010011001110000010101 @
b1010110110 B
b1011101010 6
b1011101001 5
#767000
b11100 <
b10001011001110101101111100010110 "
b10001011001110101101111100010110 =
b1 0
b1 7
b1011110000111110001000110111100 ;
b1011110000111110001000110111100 3
b1011110000111110001000110111100 9
b11101001010110011111000011010010 :
b11101001010110011111000011010010 2
b11101001010110011111000011010010 8
b1 ?
b1011110000111110001000110111100 A
b11101001010110011111000011010010 @
b1010110111 B
b1011101011 6
b1011101010 5
#768000
b1001 <
1!
b0 "
b0 =
b1100 0
b1100 7
b1100100111010111110001111001001 ;
b1100100111010111110001111001001 3
b1100100111010111110001111001001 9
b10000100000001000111010000001000 :
b10000100000001000111010000001000 2
b10000100000001000111010000001000 8
b1100 ?
b1100100111010111110001111001001 A
b10000100000001000111010000001000 @
b1010111000 B
b1011101100 6
b1011101011 5
#769000
b101 <
0!
b11000010000000000000000010000100 "
b11000010000000000000000010000100 =
b10 0
b10 7
b11010010101010100000000010100101 ;
b11010010101010100000000010100101 3
b11010010101010100000000010100101 9
b11001111010100001011011010011110 :
b11001111010100001011011010011110 2
b11001111010100001011011010011110 8
b10 ?
b11010010101010100000000010100101 A
b11001111010100001011011010011110 @
b1010111001 B
b1011101101 6
b1011101100 5
#770000
b10000 <
1!
b0 "
b0 =
b1110 0
b1110 7
b10101000010101110101110001010000 ;
b10101000010101110101110001010000 3
b10101000010101110101110001010000 9
b1110110100100010000100011101 :
b1110110100100010000100011101 2
b1110110100100010000100011101 8
b1110 ?
b10101000010101110101110001010000 A
b1110110100100010000100011101 @
b1010111010 B
b1011101110 6
b1011101101 5
01
#771000
b1011 <
b1101 0
b1101 7
b11100101101100000001010011001011 ;
b11100101101100000001010011001011 3
b11100101101100000001010011001011 9
b11110101111111100000010011101011 :
b11110101111111100000010011101011 2
b11110101111111100000010011101011 8
b1101 ?
b11100101101100000001010011001011 A
b11110101111111100000010011101011 @
b1010111011 B
b1011101111 6
b1011101110 5
#772000
b11100 <
0!
b11111111111111111111111111111001 "
b11111111111111111111111111111001 =
b1001 0
b1001 7
b10001110001011110110110000011100 ;
b10001110001011110110110000011100 3
b10001110001011110110110000011100 9
b10011010110000011100101000110101 :
b10011010110000011100101000110101 2
b10011010110000011100101000110101 8
b1001 ?
b10001110001011110110110000011100 A
b10011010110000011100101000110101 @
b1010111100 B
b1011110000 6
b1011101111 5
#773000
b111 <
1!
b0 "
b0 =
b1100 0
b1100 7
b10000011110011111010010000000111 ;
b10000011110011111010010000000111 3
b10000011110011111010010000000111 9
b100011111001110000101101000111 :
b100011111001110000101101000111 2
b100011111001110000101101000111 8
b1100 ?
b10000011110011111010010000000111 A
b100011111001110000101101000111 @
b1010111101 B
b1011110001 6
b1011110000 5
#774000
b1100 <
0!
b11000100000011000000000010001000 "
b11000100000011000000000010001000 =
b10 0
b10 7
b11010110001011011000101010101100 ;
b11010110001011011000101010101100 3
b11010110001011011000101010101100 9
b11000101000011100101000010001010 :
b11000101000011100101000010001010 2
b11000101000011100101000010001010 8
b10 ?
b11010110001011011000101010101100 A
b11000101000011100101000010001010 @
b1010111110 B
b1011110010 6
b1011110001 5
#775000
b10010 <
b1010011101110000000000000000000 "
b1010011101110000000000000000000 =
b111 0
b111 7
b11101001000110110111001011010010 ;
b11101001000110110111001011010010 3
b11101001000110110111001011010010 9
b11110111010010110001010011101110 :
b11110111010010110001010011101110 2
b11110111010010110001010011101110 8
b111 ?
b11101001000110110111001011010010 A
b11110111010010110001010011101110 @
b1010111111 B
b1011110011 6
b1011110010 5
11
#776000
b1110 <
b101011100101111111 "
b101011100101111111 =
b1000 0
b1000 7
b1010111011011010000110110101110 ;
b1010111011011010000110110101110 3
b1010111011011010000110110101110 9
b10101110010111111101100001011100 :
b10101110010111111101100001011100 2
b10101110010111111101100001011100 8
b1000 ?
b1010111011011010000110110101110 A
b10101110010111111101100001011100 @
b1011000000 B
b1011110100 6
b1011110011 5
#777000
b1101 <
1!
b0 "
b0 =
b1010 0
b1010 7
b1010110111001100100101110101101 ;
b1010110111001100100101110101101 3
b1010110111001100100101110101101 9
b10001000011111011010101000010000 :
b10001000011111011010101000010000 2
b10001000011111011010101000010000 8
b1010 ?
b1010110111001100100101110101101 A
b10001000011111011010101000010000 @
b1011000001 B
b1011110101 6
b1011110100 5
#778000
b111 <
0!
b1111010000101000011100101 "
b1111010000101000011100101 =
b1000 0
b1000 7
b11101101110100001100000111 ;
b11101101110100001100000111 3
b11101101110100001100000111 9
b11110100001010000111001011101000 :
b11110100001010000111001011101000 2
b11110100001010000111001011101000 8
b1000 ?
b11101101110100001100000111 A
b11110100001010000111001011101000 @
b1011000010 B
b1011110110 6
b1011110101 5
#779000
b11000 <
b1 "
b1 =
b110 0
b110 7
b11101100011110011010110011011000 ;
b11101100011110011010110011011000 3
b11101100011110011010110011011000 9
b111110101111011001100001111 :
b111110101111011001100001111 2
b111110101111011001100001111 8
b110 ?
b11101100011110011010110011011000 A
b111110101111011001100001111 @
b1011000011 B
b1011110111 6
b1011110110 5
#780000
b10010 <
1!
b0 "
b0 =
b1100 0
b1100 7
b1001001010101101001100110010010 ;
b1001001010101101001100110010010 3
b1001001010101101001100110010010 9
b10010011101000111100000000100111 :
b10010011101000111100000000100111 2
b10010011101000111100000000100111 8
b1100 ?
b1001001010101101001100110010010 A
b10010011101000111100000000100111 @
b1011000100 B
b1011111000 6
b1011110111 5
01
#781000
b10110 <
b101 0
b101 7
b10001011000111110101100000010110 ;
b10001011000111110101100000010110 3
b10001011000111110101100000010110 9
b10111001010001111000110001110010 :
b10111001010001111000110001110010 2
b10111001010001111000110001110010 8
b101 ?
b10001011000111110101100000010110 A
b10111001010001111000110001110010 @
b1011000101 B
b1011111001 6
b1011111000 5
#782000
b10011 <
b1110 0
b1110 7
b11101001111110001011011011010011 ;
b11101001111110001011011011010011 3
b11101001111110001011011011010011 9
b11011111001000011000101010111110 :
b11011111001000011000101010111110 2
b11011111001000011000101010111110 8
b1110 ?
b11101001111110001011011011010011 A
b11011111001000011000101010111110 @
b1011000110 B
b1011111010 6
b1011111001 5
#783000
b11001 <
b10011100101001100000011000111001 ;
b10011100101001100000011000111001 3
b10011100101001100000011000111001 9
b10011001010010000011010000110010 :
b10011001010010000011010000110010 2
b10011001010010000011010000110010 8
b10011100101001100000011000111001 A
b10011001010010000011010000110010 @
b1011000111 B
b1011111011 6
b1011111010 5
#784000
b101 <
0!
b1100000011011001111101011000000 "
b1100000011011001111101011000000 =
b111 0
b111 7
b1000010111001111010010110000101 ;
b1000010111001111010010110000101 3
b1000010111001111010010110000101 9
b1101011000000110110011111010110 :
b1101011000000110110011111010110 2
b1101011000000110110011111010110 8
b111 ?
b1000010111001111010010110000101 A
b1101011000000110110011111010110 @
b1011001000 B
b1011111100 6
b1011111011 5
#785000
b11000 <
1!
b0 "
b0 =
b1010 0
b1010 7
b11111100010010001111001011111000 ;
b11111100010010001111001011111000 3
b11111100010010001111001011111000 9
b1000010110001110110010110000101 :
b1000010110001110110010110000101 2
b1000010110001110110010110000101 8
b1010 ?
b11111100010010001111001011111000 A
b1000010110001110110010110000101 @
b1011001001 B
b1011111101 6
b1011111100 5
11
#786000
b10101 <
0!
b1 "
b1 =
b101 0
b101 7
b1101010101000011101111111010101 ;
b1101010101000011101111111010101 3
b1101010101000011101111111010101 9
b11110100101010101100100111101 :
b11110100101010101100100111101 2
b11110100101010101100100111101 8
b101 ?
b1101010101000011101111111010101 A
b11110100101010101100100111101 @
b1011001010 B
b1011111110 6
b1011111101 5
#787000
b1001 <
b11010100101000101000011010101001 ;
b11010100101000101000011010101001 3
b11010100101000101000011010101001 9
b11001011010000101010111010010110 :
b11001011010000101010111010010110 2
b11001011010000101010111010010110 8
b11010100101000101000011010101001 A
b11001011010000101010111010010110 @
b1011001011 B
b1011111111 6
b1011111110 5
#788000
b11 <
b10010101101010010111000000101 "
b10010101101010010111000000101 =
b1000 0
b1000 7
b11100001100110011000001011000011 ;
b11100001100110011000001011000011 3
b11100001100110011000001011000011 9
b10010101101010010111000000101011 :
b10010101101010010111000000101011 2
b10010101101010010111000000101011 8
b1000 ?
b11100001100110011000001011000011 A
b10010101101010010111000000101011 @
b1011001100 B
b1100000000 6
b1011111111 5
#789000
b100 <
1!
b0 "
b0 =
b1110 0
b1110 7
b110010000100011111101101100100 ;
b110010000100011111101101100100 3
b110010000100011111101101100100 9
b101010001000111010011101010100 :
b101010001000111010011101010100 2
b101010001000111010011101010100 8
b1110 ?
b110010000100011111101101100100 A
b101010001000111010011101010100 @
b1011001101 B
b1100000001 6
b1100000000 5
#790000
b11111 <
1!
b0 "
b0 =
b1001 0
b1001 7
b11001111101000100110101010011111 ;
b11001111101000100110101010011111 3
b11001111101000100110101010011111 9
b1101010100111100110010111010101 :
b1101010100111100110010111010101 2
b1101010100111100110010111010101 8
b1001 ?
b11001111101000100110101010011111 A
b1101010100111100110010111010101 @
b1011001110 B
b1100000010 6
b1100000001 5
01
#791000
0!
b11111111101110111111111011111111 "
b11111111101110111111111011111111 =
b11 0
b11 7
b11111111101110111110111011111111 ;
b11111111101110111110111011111111 3
b11111111101110111110111011111111 9
b11010010001000101111010010100100 :
b11010010001000101111010010100100 2
b11010010001000101111010010100100 8
b11 ?
b11111111101110111110111011111111 A
b11010010001000101111010010100100 @
b1011001111 B
b1100000011 6
b1100000010 5
#792000
b1010 <
b1 "
b1 =
b110 0
b110 7
b1010101010101110100101110101010 ;
b1010101010101110100101110101010 3
b1010101010101110100101110101010 9
b101001110010100000100001010 :
b101001110010100000100001010 2
b101001110010100000100001010 8
b110 ?
b1010101010101110100101110101010 A
b101001110010100000100001010 @
b1011010000 B
b1100000100 6
b1100000011 5
#793000
b1100 <
b10101000010110101110000000000000 "
b10101000010110101110000000000000 =
b111 0
b111 7
b1010110000011100001010110101100 ;
b1010110000011100001010110101100 3
b1010110000011100001010110101100 9
b1010111001110101000010110101110 :
b1010111001110101000010110101110 2
b1010111001110101000010110101110 8
b111 ?
b1010110000011100001010110101100 A
b1010111001110101000010110101110 @
b1011010001 B
b1100000101 6
b1100000100 5
#794000
b10000 <
b100001111101111100011001000010 "
b100001111101111100011001000010 =
b0 0
b0 7
b1001000011111011101001110010000 ;
b1001000011111011101001110010000 3
b1001000011111011101001110010000 9
b11011001011110011111001010110010 :
b11011001011110011111001010110010 2
b11011001011110011111001010110010 8
b0 ?
b1001000011111011101001110010000 A
b11011001011110011111001010110010 @
b1011010010 B
b1100000110 6
b1100000101 5
#795000
b11000 <
b11011101110111000101111110111010 "
b11011101110111000101111110111010 =
b11100011011011100010100111000 ;
b11100011011011100010100111000 3
b11100011011011100010100111000 9
b11000001011011101001101010000010 :
b11000001011011101001101010000010 2
b11000001011011101001101010000010 8
b11100011011011100010100111000 A
b11000001011011101001101010000010 @
b1011010011 B
b1100000111 6
b1100000110 5
11
#796000
b1000 <
1!
b0 "
b0 =
b110 0
b110 7
b110100001100011100110101101000 ;
b110100001100011100110101101000 3
b110100001100011100110101101000 9
b11001010010100101111101010010100 :
b11001010010100101111101010010100 2
b11001010010100101111101010010100 8
b110 ?
b110100001100011100110101101000 A
b11001010010100101111101010010100 @
b1011010100 B
b1100001000 6
b1100000111 5
#797000
b1110 0
b1110 7
b110100011110011010010101101000 ;
b110100011110011010010101101000 3
b110100011110011010010101101000 9
b1110100011101011111011111101000 :
b1110100011101011111011111101000 2
b1110100011101011111011111101000 8
b1110 ?
b110100011110011010010101101000 A
b1110100011101011111011111101000 @
b1011010101 B
b1100001001 6
b1100001000 5
#798000
b10010 <
b10011001010111110100011000110010 ;
b10011001010111110100011000110010 3
b10011001010111110100011000110010 9
b1010110111011000000010110101101 :
b1010110111011000000010110101101 2
b1010110111011000000010110101101 8
b10011001010111110100011000110010 A
b1010110111011000000010110101101 @
b1011010110 B
b1100001010 6
b1100001001 5
#799000
b1000 <
b1100100000001100100101111001000 ;
b1100100000001100100101111001000 3
b1100100000001100100101111001000 9
b11001110000010001111010010011100 :
b11001110000010001111010010011100 2
b11001110000010001111010010011100 8
b1100100000001100100101111001000 A
b11001110000010001111010010011100 @
b1011010111 B
b1100001011 6
b1100001010 5
#800000
b11 <
0!
b100111101010110010010001001110 "
b100111101010110010010001001110 =
b0 0
b0 7
b10100001110100111010000001000011 ;
b10100001110100111010000001000011 3
b10100001110100111010000001000011 9
b10000101110101111000010000001011 :
b10000101110101111000010000001011 2
b10000101110101111000010000001011 8
b0 ?
b10100001110100111010000001000011 A
b10000101110101111000010000001011 @
b1011011000 B
b1100001100 6
b1100001011 5
01
#801000
b10111 <
b10001100101000011101101100011001 "
b10001100101000011101101100011001 =
b1 0
b1 7
b101011101111011101000101010111 ;
b101011101111011101000101010111 3
b101011101111011101000101010111 9
b10111000010111111010110001110000 :
b10111000010111111010110001110000 2
b10111000010111111010110001110000 8
b1 ?
b101011101111011101000101010111 A
b10111000010111111010110001110000 @
b1011011001 B
b1100001101 6
b1100001100 5
#802000
b11111 <
b1 "
b1 =
b1000 0
b1000 7
b10101111111011011011110001011111 ;
b10101111111011011011110001011111 3
b10101111111011011011110001011111 9
b11011000011000110101111010110000 :
b11011000011000110101111010110000 2
b11011000011000110101111010110000 8
b1000 ?
b10101111111011011011110001011111 A
b11011000011000110101111010110000 @
b1011011010 B
b1100001110 6
b1100001101 5
#803000
b10110 <
1!
b0 "
b0 =
b1110 0
b1110 7
b1011011000010101000010110110110 ;
b1011011000010101000010110110110 3
b1011011000010101000010110110110 9
b11011100001001110001010010111000 :
b11011100001001110001010010111000 2
b11011100001001110001010010111000 8
b1110 ?
b1011011000010101000010110110110 A
b11011100001001110001010010111000 @
b1011011011 B
b1100001111 6
b1100001110 5
#804000
b11101 <
0!
b1 "
b1 =
b1000 0
b1000 7
b11011110101101010001011010111101 ;
b11011110101101010001011010111101 3
b11011110101101010001011010111101 9
b100000111011001000000101000001 :
b100000111011001000000101000001 2
b100000111011001000000101000001 8
b1000 ?
b11011110101101010001011010111101 A
b100000111011001000000101000001 @
b1011011100 B
b1100010000 6
b1100001111 5
#805000
1!
b0 "
b0 =
b1111 0
b1111 7
b10101110101101000111101001011101 ;
b10101110101101000111101001011101 3
b10101110101101000111101001011101 9
b11001100111101010001111010011001 :
b11001100111101010001111010011001 2
b11001100111101010001111010011001 8
b1111 ?
b10101110101101000111101001011101 A
b11001100111101010001111010011001 @
b1011011101 B
b1100010001 6
b1100010000 5
11
#806000
b11 <
0!
b100011101111010110110001000110 "
b100011101111010110110001000110 =
b0 0
b0 7
b10010001110111111110100000100011 ;
b10010001110111111110100000100011 3
b10010001110111111110100000100011 9
b10010001110111011000010000100011 :
b10010001110111011000010000100011 2
b10010001110111011000010000100011 8
b0 ?
b10010001110111111110100000100011 A
b10010001110111011000010000100011 @
b1011011110 B
b1100010010 6
b1100010001 5
#807000
b11100 <
b100011010110011110101001000110 "
b100011010110011110101001000110 =
b100 0
b100 7
b11001110010110100011100010011100 ;
b11001110010110100011100010011100 3
b11001110010110100011100010011100 9
b11101101000000111101001011011010 :
b11101101000000111101001011011010 2
b11101101000000111101001011011010 8
b100 ?
b11001110010110100011100010011100 A
b11101101000000111101001011011010 @
b1011011111 B
b1100010011 6
b1100010010 5
#808000
b110 <
b11111111110100000101011111111111 "
b11111111110100000101011111111111 =
b11 0
b11 7
b10011000100000100010100100110 ;
b10011000100000100010100100110 3
b10011000100000100010100100110 9
b11101111110000000101001011011111 :
b11101111110000000101001011011111 2
b11101111110000000101001011011111 8
b11 ?
b10011000100000100010100100110 A
b11101111110000000101001011011111 @
b1011100000 B
b1100010100 6
b1100010011 5
#809000
b11011 <
1!
b0 "
b0 =
b1101 0
b1101 7
b10111101101011000100100001111011 ;
b10111101101011000100100001111011 3
b10111101101011000100100001111011 9
b11001000101110110111110010010001 :
b11001000101110110111110010010001 2
b11001000101110110111110010010001 8
b1101 ?
b10111101101011000100100001111011 A
b11001000101110110111110010010001 @
b1011100001 B
b1100010101 6
b1100010100 5
#810000
b10010 <
0!
b1000110110101111101000010001 "
b1000110110101111101000010001 =
b0 0
b0 7
b11011001010100000011110010110010 ;
b11011001010100000011110010110010 3
b11011001010100000011110010110010 9
b101111100010101011110101011111 :
b101111100010101011110101011111 2
b101111100010101011110101011111 8
b0 ?
b11011001010100000011110010110010 A
b101111100010101011110101011111 @
b1011100010 B
b1100010110 6
b1100010101 5
01
#811000
b10 <
b11000001011001111010011110000010 "
b11000001011001111010011110000010 =
b1000100111110100100000010 ;
b1000100111110100100000010 3
b1000100111110100100000010 9
b11000000010100111011111010000000 :
b11000000010100111011111010000000 2
b11000000010100111011111010000000 8
b1000100111110100100000010 A
b11000000010100111011111010000000 @
b1011100011 B
b1100010111 6
b1100010110 5
#812000
b10011 <
b10001100001 "
b10001100001 =
b1000 0
b1000 7
b11101001100101001111111011010011 ;
b11101001100101001111111011010011 3
b11101001100101001111111011010011 9
b100011000011100010000101000110 :
b100011000011100010000101000110 2
b100011000011100010000101000110 8
b1000 ?
b11101001100101001111111011010011 A
b100011000011100010000101000110 @
b1011100100 B
b1100011000 6
b1100010111 5
#813000
b10100 <
b11111111111111111111111011011001 "
b11111111111111111111111011011001 =
b1001 0
b1001 7
b1111010001011001001110111110100 ;
b1111010001011001001110111110100 3
b1111010001011001001110111110100 9
b11101101100100111011110011011011 :
b11101101100100111011110011011011 2
b11101101100100111011110011011011 8
b1001 ?
b1111010001011001001110111110100 A
b11101101100100111011110011011011 @
b1011100101 B
b1100011001 6
b1100011000 5
#814000
b101 <
b11111110110000011001000001010101 "
b11111110110000011001000001010101 =
b10110010110100001111000001100101 ;
b10110010110100001111000001100101 3
b10110010110100001111000001100101 9
b11011000001100100000101010110000 :
b11011000001100100000101010110000 2
b11011000001100100000101010110000 8
b10110010110100001111000001100101 A
b11011000001100100000101010110000 @
b1011100110 B
b1100011010 6
b1100011001 5
#815000
b11110 <
b10000000000000000000000000000000 "
b10000000000000000000000000000000 =
b111 0
b111 7
b1111001110001101100100011110 ;
b1111001110001101100100011110 3
b1111001110001101100100011110 9
b10111101011110010010111001111010 :
b10111101011110010010111001111010 2
b10111101011110010010111001111010 8
b111 ?
b1111001110001101100100011110 A
b10111101011110010010111001111010 @
b1011100111 B
b1100011011 6
b1100011010 5
11
#816000
b11011 <
b1101101111111011101111111011011 "
b1101101111111011101111111011011 =
b11 0
b11 7
b1001101110111001101100110011011 ;
b1001101110111001101100110011011 3
b1001101110111001101100110011011 9
b101100011000011100111101011000 :
b101100011000011100111101011000 2
b101100011000011100111101011000 8
b11 ?
b1001101110111001101100110011011 A
b101100011000011100111101011000 @
b1011101000 B
b1100011100 6
b1100011011 5
#817000
b10010 <
b10100001010010001001001001000010 "
b10100001010010001001001001000010 =
b10 0
b10 7
b10111001011110011001101001110010 ;
b10111001011110011001101001110010 3
b10111001011110011001101001110010 9
b10100001010011101001001001000010 :
b10100001010011101001001001000010 2
b10100001010011101001001001000010 8
b10 ?
b10111001011110011001101001110010 A
b10100001010011101001001001000010 @
b1011101001 B
b1100011101 6
b1100011100 5
#818000
b10 <
b11111000101010100101111111110 "
b11111000101010100101111111110 =
b1001 0
b1001 7
b10001001111111111011100100010 ;
b10001001111111111011100100010 3
b10001001111111111011100100010 9
b1111100010101010010111111111000 :
b1111100010101010010111111111000 2
b1111100010101010010111111111000 8
b1001 ?
b10001001111111111011100100010 A
b1111100010101010010111111111000 @
b1011101010 B
b1100011110 6
b1100011101 5
#819000
b10010 <
b10110001011010010011011101100010 "
b10110001011010010011011101100010 =
b100 0
b100 7
b1001001000100010000111110010010 ;
b1001001000100010000111110010010 3
b1001001000100010000111110010010 9
b11111000011110000011100011110000 :
b11111000011110000011100011110000 2
b11111000011110000011100011110000 8
b100 ?
b1001001000100010000111110010010 A
b11111000011110000011100011110000 @
b1011101011 B
b1100011111 6
b1100011110 5
#820000
b101 <
b100011011111111011111001000000 "
b100011011111111011111001000000 =
b111 0
b111 7
b1100010100111110010011111000101 ;
b1100010100111110010011111000101 3
b1100010100111110010011111000101 9
b1111001000110111111110111110010 :
b1111001000110111111110111110010 2
b1111001000110111111110111110010 8
b111 ?
b1100010100111110010011111000101 A
b1111001000110111111110111110010 @
b1011101100 B
b1100100000 6
b1100011111 5
01
#821000
b10011 <
1!
b0 "
b0 =
b110 0
b110 7
b111001110110000010100101110011 ;
b111001110110000010100101110011 3
b111001110110000010100101110011 9
b11010100000000000111000010101000 :
b11010100000000000111000010101000 2
b11010100000000000111000010101000 8
b110 ?
b111001110110000010100101110011 A
b11010100000000000111000010101000 @
b1011101101 B
b1100100001 6
b1100100000 5
#822000
b10110 <
0!
b1000001011011111011000010000010 "
b1000001011011111011000010000010 =
b0 0
b0 7
b10001011010110110000000000010110 ;
b10001011010110110000000000010110 3
b10001011010110110000000000010110 9
b10110110000101001011000001101100 :
b10110110000101001011000001101100 2
b10110110000101001011000001101100 8
b0 ?
b10001011010110110000000000010110 A
b10110110000101001011000001101100 @
b1011101110 B
b1100100010 6
b1100100001 5
#823000
b11111111111111111111111110011010 "
b11111111111111111111111110011010 =
b1001 0
b1001 7
b1011010011110100110100010110 ;
b1011010011110100110100010110 3
b1011010011110100110100010110 9
b11100110101010101010110011001101 :
b11100110101010101010110011001101 2
b11100110101010101010110011001101 8
b1001 ?
b1011010011110100110100010110 A
b11100110101010101010110011001101 @
b1011101111 B
b1100100011 6
b1100100010 5
#824000
b111 <
1!
b0 "
b0 =
b1100 0
b1100 7
b10000011101001001111101000000111 ;
b10000011101001001111101000000111 3
b10000011101001001111101000000111 9
b10101000001101100001001001010000 :
b10101000001101100001001001010000 2
b10101000001101100001001001010000 8
b1100 ?
b10000011101001001111101000000111 A
b10101000001101100001001001010000 @
b1011110000 B
b1100100100 6
b1100100011 5
#825000
b11101 <
b1110 0
b1110 7
b11011110100100011110100010111101 ;
b11011110100100011110100010111101 3
b11011110100100011110100010111101 9
b11001000000101011000111010010000 :
b11001000000101011000111010010000 2
b11001000000101011000111010010000 8
b1110 ?
b11011110100100011110100010111101 A
b11001000000101011000111010010000 @
b1011110001 B
b1100100101 6
b1100100100 5
11
#826000
b1110 <
0!
b1111011101001111 "
b1111011101001111 =
b1000 0
b1000 7
b10111000100111000010100101110 ;
b10111000100111000010100101110 3
b10111000100111000010100101110 9
b111101110100111101010101111011 :
b111101110100111101010101111011 2
b111101110100111101010101111011 8
b1000 ?
b10111000100111000010100101110 A
b111101110100111101010101111011 @
b1011110010 B
b1100100110 6
b1100100101 5
#827000
b1111 <
b10111001101000 "
b10111001101000 =
b1001 0
b1001 7
b1010111111101010001100110101111 ;
b1010111111101010001100110101111 3
b1010111111101010001100110101111 9
b10111001101000001111100101110 :
b10111001101000001111100101110 2
b10111001101000001111100101110 8
b1001 ?
b1010111111101010001100110101111 A
b10111001101000001111100101110 @
b1011110011 B
b1100100111 6
b1100100110 5
#828000
b1110 <
1!
b0 "
b0 =
b1011 0
b1011 7
b11100111011111010010110011001110 ;
b11100111011111010010110011001110 3
b11100111011111010010110011001110 9
b11110110001100011010100111101 :
b11110110001100011010100111101 2
b11110110001100011010100111101 8
b1011 ?
b11100111011111010010110011001110 A
b11110110001100011010100111101 @
b1011110100 B
b1100101000 6
b1100100111 5
#829000
b1101 <
b1100 0
b1100 7
b10110101110010100000100101101 ;
b10110101110010100000100101101 3
b10110101110010100000100101101 9
b11110000001001011101111011100000 :
b11110000001001011101111011100000 2
b11110000001001011101111011100000 8
b1100 ?
b10110101110010100000100101101 A
b11110000001001011101111011100000 @
b1011110101 B
b1100101001 6
b1100101000 5
#830000
0!
b10010011100011011110000000000000 "
b10010011100011011110000000000000 =
b111 0
b111 7
b10010110101000101011100000101101 ;
b10010110101000101011100000101101 3
b10010110101000101011100000101101 9
b10110111100111001001110001101111 :
b10110111100111001001110001101111 2
b10110111100111001001110001101111 8
b111 ?
b10010110101000101011100000101101 A
b10110111100111001001110001101111 @
b1011110110 B
b1100101010 6
b1100101001 5
01
#831000
b111 <
b110111001011001001110001101101 "
b110111001011001001110001101101 =
b0 0
b0 7
b110011111101101011010101100111 ;
b110011111101101011010101100111 3
b110011111101101011010101100111 9
b11001101011110011100000110 :
b11001101011110011100000110 2
b11001101011110011100000110 8
b0 ?
b110011111101101011010101100111 A
b11001101011110011100000110 @
b1011110111 B
b1100101011 6
b1100101010 5
#832000
b1001 <
1!
b0 "
b0 =
b1100 0
b1100 7
b110100111100000100110101101001 ;
b110100111100000100110101101001 3
b110100111100000100110101101001 9
b10011111010000110100001000111110 :
b10011111010000110100001000111110 2
b10011111010000110100001000111110 8
b1100 ?
b110100111100000100110101101001 A
b10011111010000110100001000111110 @
b1011111000 B
b1100101100 6
b1100101011 5
#833000
b101 <
0!
b100001001000100000000001000 "
b100001001000100000000001000 =
b100 0
b100 7
b1010010101011010101001110100101 ;
b1010010101011010101001110100101 3
b1010010101011010101001110100101 9
b1010110100010010001001110101101 :
b1010110100010010001001110101101 2
b1010110100010010001001110101101 8
b100 ?
b1010010101011010101001110100101 A
b1010110100010010001001110101101 @
b1011111001 B
b1100101101 6
b1100101100 5
#834000
b10110 <
b1001000101000010101101010010000 "
b1001000101000010101101010010000 =
b0 0
b0 7
b11101011010111011000110011010110 ;
b11101011010111011000110011010110 3
b11101011010111011000110011010110 9
b1011101010000111100110110111010 :
b1011101010000111100110110111010 2
b1011101010000111100110110111010 8
b0 ?
b11101011010111011000110011010110 A
b1011101010000111100110110111010 @
b1011111010 B
b1100101110 6
b1100101101 5
#835000
b11011 <
1!
b0 "
b0 =
b1100 0
b1100 7
b10001101100111110010010000011011 ;
b10001101100111110010010000011011 3
b10001101100111110010010000011011 9
b11001001110000110001011010010011 :
b11001001110000110001011010010011 2
b11001001110000110001011010010011 8
b1100 ?
b10001101100111110010010000011011 A
b11001001110000110001011010010011 @
b1011111011 B
b1100101111 6
b1100101110 5
11
#836000
b0 <
0!
b100111010101000011011001001111 "
b100111010101000011011001001111 =
b1 0
b1 7
b100000001101001011000101000000 ;
b100000001101001011000101000000 3
b100000001101001011000101000000 9
b1000111100010001110011110001111 :
b1000111100010001110011110001111 2
b1000111100010001110011110001111 8
b1 ?
b100000001101001011000101000000 A
b1000111100010001110011110001111 @
b1011111100 B
b1100110000 6
b1100101111 5
#837000
b11000 <
b11000010 "
b11000010 =
b1000 0
b1000 7
b101100010111100000001101011000 ;
b101100010111100000001101011000 3
b101100010111100000001101011000 9
b11000010101010101010000010000101 :
b11000010101010101010000010000101 2
b11000010101010101010000010000101 8
b1000 ?
b101100010111100000001101011000 A
b11000010101010101010000010000101 @
b1011111101 B
b1100110001 6
b1100110000 5
#838000
b100 <
b10010001010000000000000 "
b10010001010000000000000 =
b10 0
b10 7
b10010010001011010100000100 ;
b10010010001011010100000100 3
b10010010001011010100000100 9
b11001001010011001110100010010010 :
b11001001010011001110100010010010 2
b11001001010011001110100010010010 8
b10 ?
b10010010001011010100000100 A
b11001001010011001110100010010010 @
b1011111110 B
b1100110010 6
b1100110001 5
#839000
b11111 <
1!
b0 "
b0 =
b1110 0
b1110 7
b101111101101000010111101011111 ;
b101111101101000010111101011111 3
b101111101101000010111101011111 9
b1101011100101001000000111010111 :
b1101011100101001000000111010111 2
b1101011100101001000000111010111 8
b1110 ?
b101111101101000010111101011111 A
b1101011100101001000000111010111 @
b1011111111 B
b1100110011 6
b1100110010 5
#840000
0!
b1100110011011011111110 "
b1100110011011011111110 =
b111 <
b1001 0
b1001 7
b11100011111000100110110011000111 ;
b11100011111000100110110011000111 3
b11100011111000100110110011000111 9
b11001100110110111111100110011 :
b11001100110110111111100110011 2
b11001100110110111111100110011 8
b1001 ?
b11100011111000100110110011000111 A
b11001100110110111111100110011 @
b1100000000 B
b1100110100 6
b1100110011 5
01
#841000
b1100 <
b11011011110000100000000000000000 "
b11011011110000100000000000000000 =
b111 0
b111 7
b10100110010011111111011001001100 ;
b10100110010011111111011001001100 3
b10100110010011111111011001001100 9
b10010000000111011011110000100000 :
b10010000000111011011110000100000 2
b10010000000111011011110000100000 8
b111 ?
b10100110010011111111011001001100 A
b10010000000111011011110000100000 @
b1100000001 B
b1100110101 6
b1100110100 5
#842000
b11100 <
1!
b0 "
b0 =
b1100 0
b1100 7
b1110011011001010100100011100 ;
b1110011011001010100100011100 3
b1110011011001010100100011100 9
b11100110100011100011011011001101 :
b11100110100011100011011011001101 2
b11100110100011100011011011001101 8
b1100 ?
b1110011011001010100100011100 A
b11100110100011100011011011001101 @
b1100000010 B
b1100110110 6
b1100110101 5
#843000
b1010 <
0!
b11011111110101110001000110111110 "
b11011111110101110001000110111110 =
b0 0
b0 7
b101010110100101010100001010 ;
b101010110100101010100001010 3
b101010110100101010100001010 9
b11011010011111001011110010110100 :
b11011010011111001011110010110100 2
b11011010011111001011110010110100 8
b0 ?
b101010110100101010100001010 A
b11011010011111001011110010110100 @
b1100000011 B
b1100110111 6
b1100110110 5
#844000
b10011 <
b100001001001000001000001000010 "
b100001001001000001000001000010 =
b10 0
b10 7
b101001101001110101010101010011 ;
b101001101001110101010101010011 3
b101001101001110101010101010011 9
b11110011001011000011001011100110 :
b11110011001011000011001011100110 2
b11110011001011000011001011100110 8
b10 ?
b101001101001110101010101010011 A
b11110011001011000011001011100110 @
b1100000100 B
b1100111000 6
b1100110111 5
#845000
b1010 <
1!
b0 "
b0 =
b1101 0
b1101 7
b10100101011000001001000001001010 ;
b10100101011000001001000001001010 3
b10100101011000001001000001001010 9
b11101011011100010101110011010110 :
b11101011011100010101110011010110 2
b11101011011100010101110011010110 8
b1101 ?
b10100101011000001001000001001010 A
b11101011011100010101110011010110 @
b1100000101 B
b1100111001 6
b1100111000 5
11
#846000
b1001 <
b1111 0
b1111 7
b11100100111010011001101011001001 ;
b11100100111010011001101011001001 3
b11100100111010011001101011001001 9
b11001000100101001011101010010001 :
b11001000100101001011101010010001 2
b11001000100101001011101010010001 8
b1111 ?
b11100100111010011001101011001001 A
b11001000100101001011101010010001 @
b1100000110 B
b1100111010 6
b1100111001 5
#847000
b101 <
0!
b11111111100001001110000011010111 "
b11111111100001001110000011010111 =
b1001 0
b1001 7
b10110010101110001101101001100101 ;
b10110010101110001101101001100101 3
b10110010101110001101101001100101 9
b11110000100111000001101011100001 :
b11110000100111000001101011100001 2
b11110000100111000001101011100001 8
b1001 ?
b10110010101110001101101001100101 A
b11110000100111000001101011100001 @
b1100000111 B
b1100111011 6
b1100111010 5
#848000
b1101 <
1!
b0 "
b0 =
b1101 0
b1101 7
b10110110101110101111110001101101 ;
b10110110101110101111110001101101 3
b10110110101110101111110001101101 9
b10010111110111001110010000101111 :
b10010111110111001110010000101111 2
b10010111110111001110010000101111 8
b1101 ?
b10110110101110101111110001101101 A
b10010111110111001110010000101111 @
b1100001000 B
b1100111100 6
b1100111011 5
#849000
b10010 <
b10001001010010011111010000010010 ;
b10001001010010011111010000010010 3
b10001001010010011111010000010010 9
b11101000110001000010111011010001 :
b11101000110001000010111011010001 2
b11101000110001000010111011010001 8
b10001001010010011111010000010010 A
b11101000110001000010111011010001 @
b1100001001 B
b1100111101 6
b1100111100 5
#850000
b11101 <
0!
b111 "
b111 =
b1000 0
b1000 7
b101110110010110111110101011101 ;
b101110110010110111110101011101 3
b101110110010110111110101011101 9
b11110000110010000011010011100001 :
b11110000110010000011010011100001 2
b11110000110010000011010011100001 8
b1000 ?
b101110110010110111110101011101 A
b11110000110010000011010011100001 @
b1100001010 B
b1100111110 6
b1100111101 5
01
#851000
b1100 <
b100011010101001011 "
b100011010101001011 =
b1000110010111011100011110001100 ;
b1000110010111011100011110001100 3
b1000110010111011100011110001100 9
b100011010101001011000101000110 :
b100011010101001011000101000110 2
b100011010101001011000101000110 8
b1000110010111011100011110001100 A
b100011010101001011000101000110 @
b1100001011 B
b1100111111 6
b1100111110 5
#852000
b0 <
b110010010001000011101101100100 "
b110010010001000011101101100100 =
b11110000000100101011100011100000 ;
b11110000000100101011100011100000 3
b11110000000100101011100011100000 9
b110010010001000011101101100100 :
b110010010001000011101101100100 2
b110010010001000011101101100100 8
b11110000000100101011100011100000 A
b110010010001000011101101100100 @
b1100001100 B
b1101000000 6
b1100111111 5
#853000
b1111 <
1!
b0 "
b0 =
b1011 0
b1011 7
b10000111111001110000100000001111 ;
b10000111111001110000100000001111 3
b10000111111001110000100000001111 9
b10101000000110001010110001010000 :
b10101000000110001010110001010000 2
b10101000000110001010110001010000 8
b1011 ?
b10000111111001110000100000001111 A
b10101000000110001010110001010000 @
b1100001101 B
b1101000001 6
b1101000000 5
#854000
b1001 <
0!
b1000100010011110010110 "
b1000100010011110010110 =
b1001 0
b1001 7
b11100100100111100000011011001001 ;
b11100100100111100000011011001001 3
b11100100100111100000011011001001 9
b1000100010011110010110110001000 :
b1000100010011110010110110001000 2
b1000100010011110010110110001000 8
b1001 ?
b11100100100111100000011011001001 A
b1000100010011110010110110001000 @
b1100001110 B
b1101000010 6
b1101000001 5
#855000
b1110 <
b11111110100111000111011111111101 "
b11111110100111000111011111111101 =
b1 0
b1 7
b10000111011000011101101000001110 ;
b10000111011000011101101000001110 3
b10000111011000011101101000001110 9
b10000101111111100101001000001011 :
b10000101111111100101001000001011 2
b10000101111111100101001000001011 8
b1 ?
b10000111011000011101101000001110 A
b10000101111111100101001000001011 @
b1100001111 B
b1101000011 6
b1101000010 5
11
#856000
b10100 <
b1010000100011001010100010100 "
b1010000100011001010100010100 =
b10 0
b10 7
b1010010101011001110100010100 ;
b1010010101011001110100010100 3
b1010010101011001110100010100 9
b1101111101100011001011111011111 :
b1101111101100011001011111011111 2
b1101111101100011001011111011111 8
b10 ?
b1010010101011001110100010100 A
b1101111101100011001011111011111 @
b1100010000 B
b1101000100 6
b1101000011 5
#857000
b11110 <
b1 "
b1 =
b1001 0
b1001 7
b101111001101110110111101011110 ;
b101111001101110110111101011110 3
b101111001101110110111101011110 9
b1111011011010010000100111110110 :
b1111011011010010000100111110110 2
b1111011011010010000100111110110 8
b1001 ?
b101111001101110110111101011110 A
b1111011011010010000100111110110 @
b1100010001 B
b1101000101 6
b1101000100 5
#858000
b1111 <
1!
b0 "
b0 =
b1010 0
b1010 7
b1000111110000001010100110001111 ;
b1000111110000001010100110001111 3
b1000111110000001010100110001111 9
b10110110101100101110011001101101 :
b10110110101100101110011001101101 2
b10110110101100101110011001101101 8
b1010 ?
b1000111110000001010100110001111 A
b10110110101100101110011001101101 @
b1100010010 B
b1101000110 6
b1101000101 5
#859000
b1000 <
b1101 0
b1101 7
b100100010011001001110101001000 ;
b100100010011001001110101001000 3
b100100010011001001110101001000 9
b1110000010110101001010111100000 :
b1110000010110101001010111100000 2
b1110000010110101001010111100000 8
b1101 ?
b100100010011001001110101001000 A
b1110000010110101001010111100000 @
b1100010011 B
b1101000111 6
b1101000110 5
#860000
b10011 <
0!
b1111011101100010111111111110111 "
b1111011101100010111111111110111 =
b11 0
b11 7
b1111001100100000111101111110011 ;
b1111001100100000111101111110011 3
b1111001100100000111101111110011 9
b11010101100010001110100110101 :
b11010101100010001110100110101 2
b11010101100010001110100110101 8
b11 ?
b1111001100100000111101111110011 A
b11010101100010001110100110101 @
b1100010100 B
b1101001000 6
b1101000111 5
01
#861000
b100 <
b11110100100111101011111111101000 "
b11110100100111101011111111101000 =
b0 0
b0 7
b110010001000111000101101100100 ;
b110010001000111000101101100100 3
b110010001000111000101101100100 9
b11000010011110110011010010000100 :
b11000010011110110011010010000100 2
b11000010011110110011010010000100 8
b0 ?
b110010001000111000101101100100 A
b11000010011110110011010010000100 @
b1100010101 B
b1101001001 6
b1101001000 5
#862000
b11010 <
b1101000000000000000000000000000 "
b1101000000000000000000000000000 =
b111 0
b111 7
b1001101011110101001100110011010 ;
b1001101011110101001100110011010 3
b1001101011110101001100110011010 9
b1101101010000110110010111011010 :
b1101101010000110110010111011010 2
b1101101010000110110010111011010 8
b111 ?
b1001101011110101001100110011010 A
b1101101010000110110010111011010 @
b1100010110 B
b1101001010 6
b1101001001 5
#863000
b1101 <
b1101110011001000110 "
b1101110011001000110 =
b1000 0
b1000 7
b11000110101110000100111010001101 ;
b11000110101110000100111010001101 3
b11000110101110000100111010001101 9
b11011100110010001100100010111001 :
b11011100110010001100100010111001 2
b11011100110010001100100010111001 8
b1000 ?
b11000110101110000100111010001101 A
b11011100110010001100100010111001 @
b1100010111 B
b1101001011 6
b1101001010 5
#864000
b1001 <
b11100011101001011100100111000111 "
b11100011101001011100100111000111 =
b1 0
b1 7
b11110100101010011110100011101001 ;
b11110100101010011110100011101001 3
b11110100101010011110100011101001 9
b11011000010011111011001010110000 :
b11011000010011111011001010110000 2
b11011000010011111011001010110000 8
b1 ?
b11110100101010011110100011101001 A
b11011000010011111011001010110000 @
b1100011000 B
b1101001100 6
b1101001011 5
#865000
b1000 <
1!
b0 "
b0 =
b1011 0
b1011 7
b1100100000000001000001111001000 ;
b1100100000000001000001111001000 3
b1100100000000001000001111001000 9
b11110000011101001110100011100000 :
b11110000011101001110100011100000 2
b11110000011101001110100011100000 8
b1011 ?
b1100100000000001000001111001000 A
b11110000011101001110100011100000 @
b1100011001 B
b1101001101 6
b1101001100 5
11
#866000
b11111 <
b101111110011101100101101011111 ;
b101111110011101100101101011111 3
b101111110011101100101101011111 9
b11011111001110110110101010111110 :
b11011111001110110110101010111110 2
b11011111001110110110101010111110 8
b101111110011101100101101011111 A
b11011111001110110110101010111110 @
b1100011010 B
b1101001110 6
b1101001101 5
#867000
b1010 0
b1010 7
b11001111101101011111010010011111 ;
b11001111101101011111010010011111 3
b11001111101101011111010010011111 9
b1010010001110100000011110100100 :
b1010010001110100000011110100100 2
b1010010001110100000011110100100 8
b1010 ?
b11001111101101011111010010011111 A
b1010010001110100000011110100100 @
b1100011011 B
b1101001111 6
b1101001110 5
#868000
b1 <
b1110 0
b1110 7
b100000100101100011110101000001 ;
b100000100101100011110101000001 3
b100000100101100011110101000001 9
b1101100000111101111101111011000 :
b1101100000111101111101111011000 2
b1101100000111101111101111011000 8
b1110 ?
b100000100101100011110101000001 A
b1101100000111101111101111011000 @
b1100011100 B
b1101010000 6
b1101001111 5
#869000
b1101 <
0!
b11110010100110111100000000000000 "
b11110010100110111100000000000000 =
b111 0
b111 7
b10000110110101000011101000001101 ;
b10000110110101000011101000001101 3
b10000110110101000011101000001101 9
b11101111001011111001010011011110 :
b11101111001011111001010011011110 2
b11101111001011111001010011011110 8
b111 ?
b10000110110101000011101000001101 A
b11101111001011111001010011011110 @
b1100011101 B
b1101010001 6
b1101010000 5
#870000
b10000 <
1!
b0 "
b0 =
b1011 0
b1011 7
b10011000000011111111001000110000 ;
b10011000000011111111001000110000 3
b10011000000011111111001000110000 9
b110110101001000111111101101101 :
b110110101001000111111101101101 2
b110110101001000111111101101101 8
b1011 ?
b10011000000011111111001000110000 A
b110110101001000111111101101101 @
b1100011110 B
b1101010010 6
b1101010001 5
01
#871000
b1 <
b1110 0
b1110 7
b1000000111100010101010110000001 ;
b1000000111100010101010110000001 3
b1000000111100010101010110000001 9
b11101101111001010001111011011011 :
b11101101111001010001111011011011 2
b11101101111001010001111011011011 8
b1110 ?
b1000000111100010101010110000001 A
b11101101111001010001111011011011 @
b1100011111 B
b1101010011 6
b1101010010 5
#872000
b1110 <
0!
b10110111111110111101111001101111 "
b10110111111110111101111001101111 =
b11 0
b11 7
b10110111010010111000011001101110 ;
b10110111010010111000011001101110 3
b10110111010010111000011001101110 9
b10100110111110010101101001001101 :
b10100110111110010101101001001101 2
b10100110111110010101101001001101 8
b11 ?
b10110111010010111000011001101110 A
b10100110111110010101101001001101 @
b1100100000 B
b1101010100 6
b1101010011 5
#873000
b0 <
b11010100010011000110111010101000 "
b11010100010011000110111010101000 =
b111 0
b111 7
b1010000010110010101001110100000 ;
b1010000010110010101001110100000 3
b1010000010110010101001110100000 9
b11010100010011000110111010101000 :
b11010100010011000110111010101000 2
b11010100010011000110111010101000 8
b111 ?
b1010000010110010101001110100000 A
b11010100010011000110111010101000 @
b1100100001 B
b1101010101 6
b1101010100 5
#874000
b1110 <
b1011110110001100101110010111101 "
b1011110110001100101110010111101 =
b1 0
b1 7
b10010111001101001000010000101110 ;
b10010111001101001000010000101110 3
b10010111001101001000010000101110 9
b11110101111110101110000011101011 :
b11110101111110101110000011101011 2
b11110101111110101110000011101011 8
b1 ?
b10010111001101001000010000101110 A
b11110101111110101110000011101011 @
b1100100010 B
b1101010110 6
b1101010101 5
#875000
b1101 <
1!
b0 "
b0 =
b1110 0
b1110 7
b10110100101001111000100101101 ;
b10110100101001111000100101101 3
b10110100101001111000100101101 9
b11100000101110101010100011000001 :
b11100000101110101010100011000001 2
b11100000101110101010100011000001 8
b1110 ?
b10110100101001111000100101101 A
b11100000101110101010100011000001 @
b1100100011 B
b1101010111 6
b1101010110 5
11
#876000
b11100 <
0!
b10100100000001011001000001001000 "
b10100100000001011001000001001000 =
b10 0
b10 7
b10111110011101011001110001111100 ;
b10111110011101011001110001111100 3
b10111110011101011001110001111100 9
b11100100100001011111001011001001 :
b11100100100001011111001011001001 2
b11100100100001011111001011001001 8
b10 ?
b10111110011101011001110001111100 A
b11100100100001011111001011001001 @
b1100100100 B
b1101011000 6
b1101010111 5
#877000
b10011 <
b1100101110010111001110011001011 "
b1100101110010111001110011001011 =
b0 0
b0 7
b11001001110000110011001010010011 ;
b11001001110000110011001010010011 3
b11001001110000110011001010010011 9
b10011100000010000110101000111000 :
b10011100000010000110101000111000 2
b10011100000010000110101000111000 8
b0 ?
b11001001110000110011001010010011 A
b10011100000010000110101000111000 @
b1100100101 B
b1101011001 6
b1101011000 5
#878000
b11111 <
b10000000000000000000000000000000 "
b10000000000000000000000000000000 =
b111 0
b111 7
b1011111111010101011010110111111 ;
b1011111111010101011010110111111 3
b1011111111010101011010110111111 9
b10100110100100011001101001001101 :
b10100110100100011001101001001101 2
b10100110100100011001101001001101 8
b111 ?
b1011111111010101011010110111111 A
b10100110100100011001101001001101 @
b1100100110 B
b1101011010 6
b1101011001 5
#879000
b11000111101011110100100000000000 "
b11000111101011110100100000000000 =
b1011 <
b10101111011100000110100101011 ;
b10101111011100000110100101011 3
b10101111011100000110100101011 9
b1110100100110001111010111101001 :
b1110100100110001111010111101001 2
b1110100100110001111010111101001 8
b10101111011100000110100101011 A
b1110100100110001111010111101001 @
b1100100111 B
b1101011011 6
b1101011010 5
#880000
b11 <
b10111011011111001010110001110 "
b10111011011111001010110001110 =
b1000 0
b1000 7
b100001111010100001001101000011 ;
b100001111010100001001101000011 3
b100001111010100001001101000011 9
b10111011011111001010110001110110 :
b10111011011111001010110001110110 2
b10111011011111001010110001110110 8
b1000 ?
b100001111010100001001101000011 A
b10111011011111001010110001110110 @
b1100101000 B
b1101011100 6
b1101011011 5
01
#881000
b11100 <
1!
b0 "
b0 =
b101 0
b101 7
b11101110010000011111111011011100 ;
b11101110010000011111111011011100 3
b11101110010000011111111011011100 9
b1011101110100000011110110111011 :
b1011101110100000011110110111011 2
b1011101110100000011110110111011 8
b101 ?
b11101110010000011111111011011100 A
b1011101110100000011110110111011 @
b1100101001 B
b1101011101 6
b1101011100 5
#882000
b1100 <
0!
b10011101101100110 "
b10011101101100110 =
b1000 0
b1000 7
b1110110011011000111010111101100 ;
b1110110011011000111010111101100 3
b1110110011011000111010111101100 9
b10011101101100110101100100111 :
b10011101101100110101100100111 2
b10011101101100110101100100111 8
b1000 ?
b1110110011011000111010111101100 A
b10011101101100110101100100111 @
b1100101010 B
b1101011110 6
b1101011101 5
#883000
b1001 <
1!
b0 "
b0 =
b1010 0
b1010 7
b11010100110100001010111010101001 ;
b11010100110100001010111010101001 3
b11010100110100001010111010101001 9
b1101101010000000001100111011010 :
b1101101010000000001100111011010 2
b1101101010000000001100111011010 8
b1010 ?
b11010100110100001010111010101001 A
b1101101010000000001100111011010 @
b1100101011 B
b1101011111 6
b1101011110 5
#884000
b1011 <
b1011 0
b1011 7
b11000101110111000011101010001011 ;
b11000101110111000011101010001011 3
b11000101110111000011101010001011 9
b1000100101010100010011110001001 :
b1000100101010100010011110001001 2
b1000100101010100010011110001001 8
b1011 ?
b11000101110111000011101010001011 A
b1000100101010100010011110001001 @
b1100101100 B
b1101100000 6
b1101011111 5
#885000
b11000 <
0!
b101110 "
b101110 =
b1001 0
b1001 7
b101100010001101001011101011000 ;
b101100010001101001011101011000 3
b101100010001101001011101011000 9
b101110100101000101100101011101 :
b101110100101000101100101011101 2
b101110100101000101100101011101 8
b1001 ?
b101100010001101001011101011000 A
b101110100101000101100101011101 @
b1100101101 B
b1101100001 6
b1101100000 5
11
#886000
b10100 <
b10011100100001101010011100111001 "
b10011100100001101010011100111001 =
b100 0
b100 7
b11001010000100110111110010010100 ;
b11001010000100110111110010010100 3
b11001010000100110111110010010100 9
b1010110100101011101101110101101 :
b1010110100101011101101110101101 2
b1010110100101011101101110101101 8
b100 ?
b11001010000100110111110010010100 A
b1010110100101011101101110101101 @
b1100101110 B
b1101100010 6
b1101100001 5
#887000
b11011 <
b10010000000000000000000000000000 "
b10010000000000000000000000000000 =
b111 0
b111 7
b1111101101110111001100111111011 ;
b1111101101110111001100111111011 3
b1111101101110111001100111111011 9
b1011001000001011110100110110010 :
b1011001000001011110100110110010 2
b1011001000001011110100110110010 8
b111 ?
b1111101101110111001100111111011 A
b1011001000001011110100110110010 @
b1100101111 B
b1101100011 6
b1101100010 5
#888000
b1001 <
b11111000011000101110010111110000 "
b11111000011000101110010111110000 =
b100 0
b100 7
b11100100110100010010110011001001 ;
b11100100110100010010110011001001 3
b11100100110100010010110011001001 9
b11100101100111100100100111001 :
b11100101100111100100100111001 2
b11100101100111100100100111001 8
b100 ?
b11100100110100010010110011001001 A
b11100101100111100100100111001 @
b1100110000 B
b1101100100 6
b1101100011 5
#889000
b11011 <
1!
b0 "
b0 =
b1111 0
b1111 7
b101101100001101010001101011011 ;
b101101100001101010001101011011 3
b101101100001101010001101011011 9
b10100100110111001111001001001001 :
b10100100110111001111001001001001 2
b10100100110111001111001001001001 8
b1111 ?
b101101100001101010001101011011 A
b10100100110111001111001001001001 @
b1100110001 B
b1101100101 6
b1101100100 5
#890000
b11001 <
b11101100101011010011110011011001 ;
b11101100101011010011110011011001 3
b11101100101011010011110011011001 9
b10110110110111110010100001101101 :
b10110110110111110010100001101101 2
b10110110110111110010100001101101 8
b11101100101011010011110011011001 A
b10110110110111110010100001101101 @
b1100110010 B
b1101100110 6
b1101100101 5
01
#891000
b1001 <
b1011 0
b1011 7
b10010100101111000101000000101001 ;
b10010100101111000101000000101001 3
b10010100101111000101000000101001 9
b100101010010011111100101001010 :
b100101010010011111100101001010 2
b100101010010011111100101001010 8
b1011 ?
b10010100101111000101000000101001 A
b100101010010011111100101001010 @
b1100110011 B
b1101100111 6
b1101100110 5
#892000
b11010 <
b1010 0
b1010 7
b1001101010100111011100110011010 ;
b1001101010100111011100110011010 3
b1001101010100111011100110011010 9
b100100110111011011100001001 :
b100100110111011011100001001 2
b100100110111011011100001001 8
b1010 ?
b1001101010100111011100110011010 A
b100100110111011011100001001 @
b1100110100 B
b1101101000 6
b1101100111 5
#893000
b10011 <
0!
b10101000110111010111010101010010 "
b10101000110111010111010101010010 =
b1 0
b1 7
b1001110000001000011100010011 ;
b1001110000001000011100010011 3
b1001110000001000011100010011 9
b10110010100111011111110001100101 :
b10110010100111011111110001100101 2
b10110010100111011111110001100101 8
b1 ?
b1001110000001000011100010011 A
b10110010100111011111110001100101 @
b1100110101 B
b1101101001 6
b1101101000 5
#894000
b10111 <
b10100100000000000000000000000000 "
b10100100000000000000000000000000 =
b111 0
b111 7
b1011011100011101110101110110111 ;
b1011011100011101110101110110111 3
b1011011100011101110101110110111 9
b100100001010000101110101001000 :
b100100001010000101110101001000 2
b100100001010000101110101001000 8
b111 ?
b1011011100011101110101110110111 A
b100100001010000101110101001000 @
b1100110110 B
b1101101010 6
b1101101001 5
#895000
b10 <
1!
b0 "
b0 =
b1100 0
b1100 7
b11000001000100110001100010000010 ;
b11000001000100110001100010000010 3
b11000001000100110001100010000010 9
b1010101010011001110100010101 :
b1010101010011001110100010101 2
b1010101010011001110100010101 8
b1100 ?
b11000001000100110001100010000010 A
b1010101010011001110100010101 @
b1100110111 B
b1101101011 6
b1101101010 5
11
#896000
b110 <
0!
b1000001001101000010001010000000 "
b1000001001101000010001010000000 =
b111 0
b111 7
b11010011011010000111011010100110 ;
b11010011011010000111011010100110 3
b11010011011010000111011010100110 9
b11000101000001001101000010001010 :
b11000101000001001101000010001010 2
b11000101000001001101000010001010 8
b111 ?
b11010011011010000111011010100110 A
b11000101000001001101000010001010 @
b1100111000 B
b1101101100 6
b1101101011 5
#897000
b10000 <
1!
b0 "
b0 =
b1010 0
b1010 7
b11001000001111110110010010010000 ;
b11001000001111110110010010010000 3
b11001000001111110110010010010000 9
b1001000110010110010111110010001 :
b1001000110010110010111110010001 2
b1001000110010110010111110010001 8
b1010 ?
b11001000001111110110010010010000 A
b1001000110010110010111110010001 @
b1100111001 B
b1101101101 6
b1101101100 5
#898000
b11100 <
0!
b1011010011110111011001010110100 "
b1011010011110111011001010110100 =
b0 0
b0 7
b10001110011010010111101000011100 ;
b10001110011010010111101000011100 3
b10001110011010010111101000011100 9
b11001100000100100011100010011000 :
b11001100000100100011100010011000 2
b11001100000100100011100010011000 8
b0 ?
b10001110011010010111101000011100 A
b11001100000100100011100010011000 @
b1100111010 B
b1101101110 6
b1101101101 5
#899000
b11111 <
b1000101010111001111000010001010 "
b1000101010111001111000010001010 =
b1 0
b1 7
b1011111100101101111010110111111 ;
b1011111100101101111010110111111 3
b1011111100101101111010110111111 9
b10100100111100111110011001001001 :
b10100100111100111110011001001001 2
b10100100111100111110011001001001 8
b1 ?
b1011111100101101111010110111111 A
b10100100111100111110011001001001 @
b1100111011 B
b1101101111 6
b1101101110 5
#900000
b10011 <
b1000000000001000000000010000 "
b1000000000001000000000010000 =
b10 0
b10 7
b1001110000011011011100010011 ;
b1001110000011011011100010011 3
b1001110000011011011100010011 9
b10111000001101101100000001110000 :
b10111000001101101100000001110000 2
b10111000001101101100000001110000 8
b10 ?
b1001110000011011011100010011 A
b10111000001101101100000001110000 @
b1100111100 B
b1101110000 6
b1101101111 5
01
#901000
b1000 <
1!
b0 "
b0 =
b1111 0
b1111 7
b11010100000111110010000010101000 ;
b11010100000111110010000010101000 3
b11010100000111110010000010101000 9
b11111000101010111111100011110001 :
b11111000101010111111100011110001 2
b11111000101010111111100011110001 8
b1111 ?
b11010100000111110010000010101000 A
b11111000101010111111100011110001 @
b1100111101 B
b1101110001 6
b1101110000 5
#902000
b11111 <
0!
b1 "
b1 =
b101 0
b101 7
b111111110111011010000101111111 ;
b111111110111011010000101111111 3
b111111110111011010000101111111 9
b10001001011000100001100100010 :
b10001001011000100001100100010 2
b10001001011000100001100100010 8
b101 ?
b111111110111011010000101111111 A
b10001001011000100001100100010 @
b1100111110 B
b1101110010 6
b1101110001 5
#903000
b11 <
b11101011110111011010111111010111 "
b11101011110111011010111111010111 =
b11 0
b11 7
b1100001110110011010101111000011 ;
b1100001110110011010101111000011 3
b1100001110110011010101111000011 9
b11001010110111011010111010010101 :
b11001010110111011010111010010101 2
b11001010110111011010111010010101 8
b11 ?
b1100001110110011010101111000011 A
b11001010110111011010111010010101 @
b1100111111 B
b1101110011 6
b1101110010 5
#904000
b1101 <
b110101100101010111010001101010 "
b110101100101010111010001101010 =
b0 0
b0 7
b10110101100111000111100101101 ;
b10110101100111000111100101101 3
b10110101100111000111100101101 9
b11110111000011110010100111101 :
b11110111000011110010100111101 2
b11110111000011110010100111101 8
b0 ?
b10110101100111000111100101101 A
b11110111000011110010100111101 @
b1101000000 B
b1101110100 6
b1101110011 5
#905000
b1110 <
b1 "
b1 =
b101 0
b101 7
b11000111010100000110000010001110 ;
b11000111010100000110000010001110 3
b11000111010100000110000010001110 9
b10000110111011111001000000001101 :
b10000110111011111001000000001101 2
b10000110111011111001000000001101 8
b101 ?
b11000111010100000110000010001110 A
b10000110111011111001000000001101 @
b1101000001 B
b1101110101 6
b1101110100 5
11
#906000
b111 <
b100011110011111101000101000111 ;
b100011110011111101000101000111 3
b100011110011111101000101000111 9
b11100110100110001011110011001101 :
b11100110100110001011110011001101 2
b11100110100110001011110011001101 8
b100011110011111101000101000111 A
b11100110100110001011110011001101 @
b1101000010 B
b1101110110 6
b1101110101 5
#907000
b11100 <
b100000000000000000000000000000 "
b100000000000000000000000000000 =
b111 0
b111 7
b10111110000010111011110001111100 ;
b10111110000010111011110001111100 3
b10111110000010111011110001111100 9
b1111001011101011000010111110010 :
b1111001011101011000010111110010 2
b1111001011101011000010111110010 8
b111 ?
b10111110000010111011110001111100 A
b1111001011101011000010111110010 @
b1101000011 B
b1101110111 6
b1101110110 5
#908000
b10001 <
b1000111010001 "
b1000111010001 =
b1000 0
b1000 7
b111000111001111101001101110001 ;
b111000111001111101001101110001 3
b111000111001111101001101110001 9
b100011101000110110010101000111 :
b100011101000110110010101000111 2
b100011101000110110010101000111 8
b1000 ?
b111000111001111101001101110001 A
b100011101000110110010101000111 @
b1101000100 B
b1101111000 6
b1101110111 5
#909000
b0 <
b100100100000001110101101001001 "
b100100100000001110101101001001 =
b10110000010111001000011001100000 ;
b10110000010111001000011001100000 3
b10110000010111001000011001100000 9
b100100100000001110101101001001 :
b100100100000001110101101001001 2
b100100100000001110101101001001 8
b10110000010111001000011001100000 A
b100100100000001110101101001001 @
b1101000101 B
b1101111001 6
b1101111000 5
#910000
b11110 <
b11111111011111001011111111111110 "
b11111111011111001011111111111110 =
b11 0
b11 7
b11111111011111000011111011111110 ;
b11111111011111000011111011111110 3
b11111111011111000011111011111110 9
b1010100011100001010101110101000 :
b1010100011100001010101110101000 2
b1010100011100001010101110101000 8
b11 ?
b11111111011111000011111011111110 A
b1010100011100001010101110101000 @
b1101000110 B
b1101111010 6
b1101111001 5
01
#911000
b111 <
b11111111110011101010111101111101 "
b11111111110011101010111101111101 =
b1001 0
b1001 7
b1110011101000000110111111100111 ;
b1110011101000000110111111100111 3
b1110011101000000110111111100111 9
b11100111010101111011111011001110 :
b11100111010101111011111011001110 2
b11100111010101111011111011001110 8
b1001 ?
b1110011101000000110111111100111 A
b11100111010101111011111011001110 @
b1101000111 B
b1101111011 6
b1101111010 5
#912000
b11111 <
1!
b0 "
b0 =
b1111 0
b1111 7
b1001111110100100001011110011111 ;
b1001111110100100001011110011111 3
b1001111110100100001011110011111 9
b110001010010010010001101100010 :
b110001010010010010001101100010 2
b110001010010010010001101100010 8
b1111 ?
b1001111110100100001011110011111 A
b110001010010010010001101100010 @
b1101001000 B
b1101111100 6
b1101111011 5
#913000
b1101 <
0!
b11111111111111100000100011010101 "
b11111111111111100000100011010101 =
b1001 0
b1001 7
b10110110111010011011011001101101 ;
b10110110111010011011011001101101 3
b10110110111010011011011001101101 9
b11000001000110101011101010000010 :
b11000001000110101011101010000010 2
b11000001000110101011101010000010 8
b1001 ?
b10110110111010011011011001101101 A
b11000001000110101011101010000010 @
b1101001001 B
b1101111101 6
b1101111100 5
#914000
b1110 <
b1 "
b1 =
b110 0
b110 7
b11010111010010101101110010101110 ;
b11010111010010101101110010101110 3
b11010111010010101101110010101110 9
b10101000111001111101001001010001 :
b10101000111001111101001001010001 2
b10101000111001111101001001010001 8
b110 ?
b11010111010010101101110010101110 A
b10101000111001111101001001010001 @
b1101001010 B
b1101111110 6
b1101111101 5
#915000
b10001 <
b11111111111111111100100111010001 "
b11111111111111111100100111010001 =
b1001 0
b1001 7
b11101000101100011100011011010001 ;
b11101000101100011100011011010001 3
b11101000101100011100011011010001 9
b10010011101000100111000000100111 :
b10010011101000100111000000100111 2
b10010011101000100111000000100111 8
b1001 ?
b11101000101100011100011011010001 A
b10010011101000100111000000100111 @
b1101001011 B
b1101111111 6
b1101111110 5
11
#916000
b10111 <
b1111011110000011000010011110111 "
b1111011110000011000010011110111 =
b10 0
b10 7
b1111011111000111010111111110111 ;
b1111011111000111010111111110111 3
b1111011111000111010111111110111 9
b11111111110101011100010011111111 :
b11111111110101011100010011111111 2
b11111111110101011100010011111111 8
b10 ?
b1111011111000111010111111110111 A
b11111111110101011100010011111111 @
b1101001100 B
b1110000000 6
b1101111111 5
#917000
b101 <
1!
b0 "
b0 =
b1111 0
b1111 7
b11000010111111101101011010000101 ;
b11000010111111101101011010000101 3
b11000010111111101101011010000101 9
b10101011100110110111010001010111 :
b10101011100110110111010001010111 2
b10101011100110110111010001010111 8
b1111 ?
b11000010111111101101011010000101 A
b10101011100110110111010001010111 @
b1101001101 B
b1110000001 6
b1110000000 5
#918000
b1100 <
0!
b11111111111110011010001100001011 "
b11111111111110011010001100001011 =
b1001 0
b1001 7
b10100110011000110110001001001100 ;
b10100110011000110110001001001100 3
b10100110011000110110001001001100 9
b10011010001100001011011000110100 :
b10011010001100001011011000110100 2
b10011010001100001011011000110100 8
b1001 ?
b10100110011000110110001001001100 A
b10011010001100001011011000110100 @
b1101001110 B
b1110000010 6
b1110000001 5
#919000
b1000 <
b11111111111001001010100101101110 "
b11111111111001001010100101101110 =
b100100001001001000011101001000 ;
b100100001001001000011101001000 3
b100100001001001000011101001000 9
b11100100101010010110111011001001 :
b11100100101010010110111011001001 2
b11100100101010010110111011001001 8
b100100001001001000011101001000 A
b11100100101010010110111011001001 @
b1101001111 B
b1110000011 6
b1110000010 5
#920000
b10100 <
1!
b0 "
b0 =
b1110 0
b1110 7
b10101010011111111010110001010100 ;
b10101010011111111010110001010100 3
b10101010011111111010110001010100 9
b1111100010001001010110111111000 :
b1111100010001001010110111111000 2
b1111100010001001010110111111000 8
b1110 ?
b10101010011111111010110001010100 A
b1111100010001001010110111111000 @
b1101010000 B
b1110000100 6
b1110000011 5
01
#921000
b10110 <
0!
b111010000 "
b111010000 =
b1001 0
b1001 7
b10001011000001111000100000010110 ;
b10001011000001111000100000010110 3
b10001011000001111000100000010110 9
b1110100000110010100110111101000 :
b1110100000110010100110111101000 2
b1110100000110010100110111101000 8
b1001 ?
b10001011000001111000100000010110 A
b1110100000110010100110111101000 @
b1101010001 B
b1110000101 6
b1110000100 5
#922000
b1000 <
b10111010010000010011011 "
b10111010010000010011011 =
b11010100000000010100000010101000 ;
b11010100000000010100000010101000 3
b11010100000000010100000010101000 9
b1011101001000001001101110111010 :
b1011101001000001001101110111010 2
b1011101001000001001101110111010 8
b11010100000000010100000010101000 A
b1011101001000001001101110111010 @
b1101010010 B
b1110000110 6
b1110000101 5
#923000
b10001 <
b10011000101010000000000000000000 "
b10011000101010000000000000000000 =
b111 0
b111 7
b101000100011000011010101010001 ;
b101000100011000011010101010001 3
b101000100011000011010101010001 9
b10101010011010100100110001010100 :
b10101010011010100100110001010100 2
b10101010011010100100110001010100 8
b111 ?
b101000100011000011010101010001 A
b10101010011010100100110001010100 @
b1101010011 B
b1110000111 6
b1110000110 5
#924000
b11 <
b1101111000011011111111111011 "
b1101111000011011111111111011 =
b1000 0
b1000 7
b10100001101011101110100001000011 ;
b10100001101011101110100001000011 3
b10100001101011101110100001000011 9
b1101111000011011111111111011110 :
b1101111000011011111111111011110 2
b1101111000011011111111111011110 8
b1000 ?
b10100001101011101110100001000011 A
b1101111000011011111111111011110 @
b1101010100 B
b1110001000 6
b1110000111 5
#925000
b11001 <
1!
b0 "
b0 =
b1110 0
b1110 7
b101100100110000011001101011001 ;
b101100100110000011001101011001 3
b101100100110000011001101011001 9
b11000011101101100011010010000111 :
b11000011101101100011010010000111 2
b11000011101101100011010010000111 8
b1110 ?
b101100100110000011001101011001 A
b11000011101101100011010010000111 @
b1101010101 B
b1110001001 6
b1110001000 5
11
#926000
b10101 <
0!
b101110000101000010100001011100 "
b101110000101000010100001011100 =
b100 0
b100 7
b1011010100001111010110110110101 ;
b1011010100001111010110110110101 3
b1011010100001111010110110110101 9
b1110100100100111000010111101001 :
b1110100100100111000010111101001 2
b1110100100100111000010111101001 8
b100 ?
b1011010100001111010110110110101 A
b1110100100100111000010111101001 @
b1101010110 B
b1110001010 6
b1110001001 5
#927000
b111 <
b1100100011110111001000011000 "
b1100100011110111001000011000 =
b0 0
b0 7
b1110011110011110001001111100111 ;
b1110011110011110001001111100111 3
b1110011110011110001001111100111 9
b10011000110000000101111000110001 :
b10011000110000000101111000110001 2
b10011000110000000101111000110001 8
b0 ?
b1110011110011110001001111100111 A
b10011000110000000101111000110001 @
b1101010111 B
b1110001011 6
b1110001010 5
#928000
b11111 <
b11111111111111111111111111111111 "
b11111111111111111111111111111111 =
b1001 0
b1001 7
b11011111100100111111001010111111 ;
b11011111100100111111001010111111 3
b11011111100100111111001010111111 9
b10000101011010101010000000001010 :
b10000101011010101010000000001010 2
b10000101011010101010000000001010 8
b1001 ?
b11011111100100111111001010111111 A
b10000101011010101010000000001010 @
b1101011000 B
b1110001100 6
b1110001011 5
#929000
b111 <
1!
b0 "
b0 =
b1101 0
b1101 7
b110011111100011111010101100111 ;
b110011111100011111010101100111 3
b110011111100011111010101100111 9
b10011110001100111110001000111100 :
b10011110001100111110001000111100 2
b10011110001100111110001000111100 8
b1101 ?
b110011111100011111010101100111 A
b10011110001100111110001000111100 @
b1101011001 B
b1110001101 6
b1110001100 5
#930000
b1000 <
0!
b11101001110001011010110111010011 "
b11101001110001011010110111010011 =
b100 0
b100 7
b1010100010101011001101110101000 ;
b1010100010101011001101110101000 3
b1010100010101011001101110101000 9
b10111101100100000011011001111011 :
b10111101100100000011011001111011 2
b10111101100100000011011001111011 8
b100 ?
b1010100010101011001101110101000 A
b10111101100100000011011001111011 @
b1101011010 B
b1110001110 6
b1110001101 5
01
#931000
b1111 <
b1 "
b1 =
b101 0
b101 7
b1100111100010100010010111001111 ;
b1100111100010100010010111001111 3
b1100111100010100010010111001111 9
b10001101010110001011100000011010 :
b10001101010110001011100000011010 2
b10001101010110001011100000011010 8
b101 ?
b1100111100010100010010111001111 A
b10001101010110001011100000011010 @
b1101011011 B
b1110001111 6
b1110001110 5
#932000
b11 <
b10111111101110010001001101111111 "
b10111111101110010001001101111111 =
b1 0
b1 7
b1100001100111110010000111000011 ;
b1100001100111110010000111000011 3
b1100001100111110010000111000011 9
b100001010110000011010101000010 :
b100001010110000011010101000010 2
b100001010110000011010101000010 8
b1 ?
b1100001100111110010000111000011 A
b100001010110000011010101000010 @
b1101011100 B
b1110010000 6
b1110001111 5
#933000
b1100 <
b1 "
b1 =
b110 0
b110 7
b10110110010001101011100001101100 ;
b10110110010001101011100001101100 3
b10110110010001101011100001101100 9
b1000001010001111100110110000010 :
b1000001010001111100110110000010 2
b1000001010001111100110110000010 8
b110 ?
b10110110010001101011100001101100 A
b1000001010001111100110110000010 @
b1101011101 B
b1110010001 6
b1110010000 5
#934000
b100 <
b1111110000101100001101101111 "
b1111110000101100001101101111 =
b1000 0
b1000 7
b1100010010110011011111111000100 ;
b1100010010110011011111111000100 3
b1100010010110011011111111000100 9
b11111100001011000011011011111000 :
b11111100001011000011011011111000 2
b11111100001011000011011011111000 8
b1000 ?
b1100010010110011011111111000100 A
b11111100001011000011011011111000 @
b1101011110 B
b1110010010 6
b1110010001 5
#935000
b11100 <
b10100000000000000000000000000000 "
b10100000000000000000000000000000 =
b111 0
b111 7
b11110001101010011000100111100 ;
b11110001101010011000100111100 3
b11110001101010011000100111100 9
b110101011001100010110101101010 :
b110101011001100010110101101010 2
b110101011001100010110101101010 8
b111 ?
b11110001101010011000100111100 A
b110101011001100010110101101010 @
b1101011111 B
b1110010011 6
b1110010010 5
11
#936000
b1111 <
1!
b0 "
b0 =
b1101 0
b1101 7
b100111100000101000011101001111 ;
b100111100000101000011101001111 3
b100111100000101000011101001111 9
b10100010111010010000100101000 :
b10100010111010010000100101000 2
b10100010111010010000100101000 8
b1101 ?
b100111100000101000011101001111 A
b10100010111010010000100101000 @
b1101100000 B
b1110010100 6
b1110010011 5
#937000
b101 <
0!
b100101011010111100100010001 "
b100101011010111100100010001 =
b1000 0
b1000 7
b11100010101111010001110011000101 ;
b11100010101111010001110011000101 3
b11100010101111010001110011000101 9
b10010101101011110010001000101011 :
b10010101101011110010001000101011 2
b10010101101011110010001000101011 8
b1000 ?
b11100010101111010001110011000101 A
b10010101101011110010001000101011 @
b1101100001 B
b1110010101 6
b1110010100 5
#938000
b0 <
b11101101001011111100011011011010 "
b11101101001011111100011011011010 =
b1001 0
b1001 7
b100000011001101000110101000000 ;
b100000011001101000110101000000 3
b100000011001101000110101000000 9
b11101101001011111100011011011010 :
b11101101001011111100011011011010 2
b11101101001011111100011011011010 8
b1001 ?
b100000011001101000110101000000 A
b11101101001011111100011011011010 @
b1101100010 B
b1110010110 6
b1110010101 5
#939000
b10 <
b1110110000011101001100011101100 "
b1110110000011101001100011101100 =
b1 0
b1 7
b11110001000001101011100011100010 ;
b11110001000001101011100011100010 3
b11110001000001101011100011100010 9
b1100111000101010101000111001110 :
b1100111000101010101000111001110 2
b1100111000101010101000111001110 8
b1 ?
b11110001000001101011100011100010 A
b1100111000101010101000111001110 @
b1101100011 B
b1110010111 6
b1110010110 5
#940000
b1011 <
1!
b0 "
b0 =
b110 0
b110 7
b101111001011111100100001011 ;
b101111001011111100100001011 3
b101111001011111100100001011 9
b101001000011001000011101010010 :
b101001000011001000011101010010 2
b101001000011001000011101010010 8
b110 ?
b101111001011111100100001011 A
b101001000011001000011101010010 @
b1101100100 B
b1110011000 6
b1110010111 5
01
#941000
b11100 <
0!
b11111111111111111111111111111110 "
b11111111111111111111111111111110 =
b1001 0
b1001 7
b101110001101001000100101011100 ;
b101110001101001000100101011100 3
b101110001101001000100101011100 9
b11100110000000101101101011001100 :
b11100110000000101101101011001100 2
b11100110000000101101101011001100 8
b1001 ?
b101110001101001000100101011100 A
b11100110000000101101101011001100 @
b1101100101 B
b1110011001 6
b1110011000 5
#942000
b10110 <
1!
b0 "
b0 =
b101 0
b101 7
b10011011010001100011011000110110 ;
b10011011010001100011011000110110 3
b10011011010001100011011000110110 9
b10100000011110011110101001000000 :
b10100000011110011110101001000000 2
b10100000011110011110101001000000 8
b101 ?
b10011011010001100011011000110110 A
b10100000011110011110101001000000 @
b1101100110 B
b1110011010 6
b1110011001 5
#943000
b101 <
b1101 0
b1101 7
b10110010100110000000000001100101 ;
b10110010100110000000000001100101 3
b10110010100110000000000001100101 9
b1000010110000000111101110000101 :
b1000010110000000111101110000101 2
b1000010110000000111101110000101 8
b1101 ?
b10110010100110000000000001100101 A
b1000010110000000111101110000101 @
b1101100111 B
b1110011011 6
b1110011010 5
#944000
b11001 <
0!
b11100100010100000000000111 "
b11100100010100000000000111 =
b100 0
b100 7
b11100110110110000101100111001 ;
b11100110110110000101100111001 3
b11100110110110000101100111001 9
b11111010010100100101100111110 :
b11111010010100100101100111110 2
b11111010010100100101100111110 8
b100 ?
b11100110110110000101100111001 A
b11111010010100100101100111110 @
b1101101000 B
b1110011100 6
b1110011011 5
#945000
b11011 <
1!
b0 "
b0 =
b1101 0
b1101 7
b11111101110010010010000011111011 ;
b11111101110010010010000011111011 3
b11111101110010010010000011111011 9
b1001111010010111010100110011110 :
b1001111010010111010100110011110 2
b1001111010010111010100110011110 8
b1101 ?
b11111101110010010010000011111011 A
b1001111010010111010100110011110 @
b1101101001 B
b1110011101 6
b1110011100 5
11
#946000
b11001 <
b1010 0
b1010 7
b1111100100011101011010111111001 ;
b1111100100011101011010111111001 3
b1111100100011101011010111111001 9
b10100000001001000110100001000000 :
b10100000001001000110100001000000 2
b10100000001001000110100001000000 8
b1010 ?
b1111100100011101011010111111001 A
b10100000001001000110100001000000 @
b1101101010 B
b1110011110 6
b1110011101 5
#947000
b100 <
0!
b11111110111111100011101110101101 "
b11111110111111100011101110101101 =
b1001 0
b1001 7
b1100010010010010000111111000100 ;
b1100010010010010000111111000100 3
b1100010010010010000111111000100 9
b11101111111000111011101011011111 :
b11101111111000111011101011011111 2
b11101111111000111011101011011111 8
b1001 ?
b1100010010010010000111111000100 A
b11101111111000111011101011011111 @
b1101101011 B
b1110011111 6
b1110011110 5
#948000
b1100 <
b10000101011000000010001100001010 "
b10000101011000000010001100001010 =
b0 0
b0 7
b110000100010001000100001100 ;
b110000100010001000100001100 3
b110000100010001000100001100 9
b1111111010011110001000111111110 :
b1111111010011110001000111111110 2
b1111111010011110001000111111110 8
b0 ?
b110000100010001000100001100 A
b1111111010011110001000111111110 @
b1101101100 B
b1110100000 6
b1110011111 5
#949000
b1000 <
1!
b0 "
b0 =
b1111 0
b1111 7
b1110100000101111100010111101000 ;
b1110100000101111100010111101000 3
b1110100000101111100010111101000 9
b11111010101100000000100111110 :
b11111010101100000000100111110 2
b11111010101100000000100111110 8
b1111 ?
b1110100000101111100010111101000 A
b11111010101100000000100111110 @
b1101101101 B
b1110100001 6
b1110100000 5
#950000
b0 <
0!
b11001000001100100000101110010000 "
b11001000001100100000101110010000 =
b1 0
b1 7
b1100000001101011011011111000000 ;
b1100000001101011011011111000000 3
b1100000001101011011011111000000 9
b101000011001111100001101010000 :
b101000011001111100001101010000 2
b101000011001111100001101010000 8
b1 ?
b1100000001101011011011111000000 A
b101000011001111100001101010000 @
b1101101110 B
b1110100010 6
b1110100001 5
01
#951000
b11000 <
b10011000000000000000000000000 "
b10011000000000000000000000000 =
b111 0
b111 7
b11011100011001001010010010111000 ;
b11011100011001001010010010111000 3
b11011100011001001010010010111000 9
b10001001110100001110011000010011 :
b10001001110100001110011000010011 2
b10001001110100001110011000010011 8
b111 ?
b11011100011001001010010010111000 A
b10001001110100001110011000010011 @
b1101101111 B
b1110100011 6
b1110100010 5
#952000
b11101 <
1!
b0 "
b0 =
b1010 0
b1010 7
b10001110110010010001110000011101 ;
b10001110110010010001110000011101 3
b10001110110010010001110000011101 9
b1100111011011000011111111001110 :
b1100111011011000011111111001110 2
b1100111011011000011111111001110 8
b1010 ?
b10001110110010010001110000011101 A
b1100111011011000011111111001110 @
b1101110000 B
b1110100100 6
b1110100011 5
#953000
b1010 <
0!
b11010101110001100001111110101011 "
b11010101110001100001111110101011 =
b11 0
b11 7
b11000101010000100001111010001010 ;
b11000101010000100001111010001010 3
b11000101010000100001111010001010 9
b10100110001100001010100101001 :
b10100110001100001010100101001 2
b10100110001100001010100101001 8
b11 ?
b11000101010000100001111010001010 A
b10100110001100001010100101001 @
b1101110001 B
b1110100101 6
b1110100100 5
#954000
b1111 <
b11111100001000111111000111110111 "
b11111100001000111111000111110111 =
b0 0
b0 7
b10000111111001001011010000001111 ;
b10000111111001001011010000001111 3
b10000111111001001011010000001111 9
b1110100001111110011110111101000 :
b1110100001111110011110111101000 2
b1110100001111110011110111101000 8
b0 ?
b10000111111001001011010000001111 A
b1110100001111110011110111101000 @
b1101110010 B
b1110100110 6
b1110100101 5
#955000
b10110 <
b10000000000000000000000000000000 "
b10000000000000000000000000000000 =
b10 0
b10 7
b11001011000001000100100010010110 ;
b11001011000001000100100010010110 3
b11001011000001000100100010010110 9
b10010000001000111001001000100000 :
b10010000001000111001001000100000 2
b10010000001000111001001000100000 8
b10 ?
b11001011000001000100100010010110 A
b10010000001000111001001000100000 @
b1101110011 B
b1110100111 6
b1110100110 5
11
#956000
b11 <
1!
b0 "
b0 =
b1011 0
b1011 7
b10010001100010100000011000100011 ;
b10010001100010100000011000100011 3
b10010001100010100000011000100011 9
b111000100011111111100101110001 :
b111000100011111111100101110001 2
b111000100011111111100101110001 8
b1011 ?
b10010001100010100000011000100011 A
b111000100011111111100101110001 @
b1101110100 B
b1110101000 6
b1110100111 5
#957000
b1011 <
b1100 0
b1100 7
b110101101100101000110101101011 ;
b110101101100101000110101101011 3
b110101101100101000110101101011 9
b110100111010111101110101101001 :
b110100111010111101110101101001 2
b110100111010111101110101101001 8
b1100 ?
b110101101100101000110101101011 A
b110100111010111101110101101001 @
b1101110101 B
b1110101001 6
b1110101000 5
#958000
b0 <
0!
b11100010110011001101110011000101 "
b11100010110011001101110011000101 =
b1000 0
b1000 7
b11100000000011001101111011000000 ;
b11100000000011001101111011000000 3
b11100000000011001101111011000000 9
b11100010110011001101110011000101 :
b11100010110011001101110011000101 2
b11100010110011001101110011000101 8
b1000 ?
b11100000000011001101111011000000 A
b11100010110011001101110011000101 @
b1101110110 B
b1110101010 6
b1110101001 5
#959000
b10111 <
b110101010000010010110001101010 "
b110101010000010010110001101010 =
b100 0
b100 7
b11011011101101000011110010110111 ;
b11011011101101000011110010110111 3
b11011011101101000011110010110111 9
b11101110111101010001000011011101 :
b11101110111101010001000011011101 2
b11101110111101010001000011011101 8
b100 ?
b11011011101101000011110010110111 A
b11101110111101010001000011011101 @
b1101110111 B
b1110101011 6
b1110101010 5
#960000
b111 <
b1001000111011000000000010010 "
b1001000111011000000000010010 =
b0 0
b0 7
b1000011100101000101111110000111 ;
b1000011100101000101111110000111 3
b1000011100101000101111110000111 9
b11000101100010010010000010001011 :
b11000101100010010010000010001011 2
b11000101100010010010000010001011 8
b0 ?
b1000011100101000101111110000111 A
b11000101100010010010000010001011 @
b1101111000 B
b1110101100 6
b1110101011 5
01
#961000
b1111 <
b10000100001010110000000000000000 "
b10000100001010110000000000000000 =
b111 0
b111 7
b10100111101000000011011001001111 ;
b10100111101000000011011001001111 3
b10100111101000000011011001001111 9
b10101011010101110000100001010110 :
b10101011010101110000100001010110 2
b10101011010101110000100001010110 8
b111 ?
b10100111101000000011011001001111 A
b10101011010101110000100001010110 @
b1101111001 B
b1110101101 6
b1110101100 5
#962000
b10101 <
b1111011111111110110111111110111 "
b1111011111111110110111111110111 =
b11 0
b11 7
b1010101110110010101100010101 ;
b1010101110110010101100010101 3
b1010101110110010101100010101 9
b1111001011111010110010111110010 :
b1111001011111010110010111110010 2
b1111001011111010110010111110010 8
b11 ?
b1010101110110010101100010101 A
b1111001011111010110010111110010 @
b1101111010 B
b1110101110 6
b1110101101 5
#963000
b11011 <
1!
b0 "
b0 =
b1101 0
b1101 7
b11111101110101111000010011111011 ;
b11111101110101111000010011111011 3
b11111101110101111000010011111011 9
b1110010110100000111100111100101 :
b1110010110100000111100111100101 2
b1110010110100000111100111100101 8
b1101 ?
b11111101110101111000010011111011 A
b1110010110100000111100111100101 @
b1101111011 B
b1110101111 6
b1110101110 5
#964000
b10100 <
0!
b1110011001000011101100011100110 "
b1110011001000011101100011100110 =
b0 0
b0 7
b1010000101100111110100010100 ;
b1010000101100111110100010100 3
b1010000101100111110100010100 9
b1101001000010110101101111010010 :
b1101001000010110101101111010010 2
b1101001000010110101101111010010 8
b0 ?
b1010000101100111110100010100 A
b1101001000010110101101111010010 @
b1101111100 B
b1110110000 6
b1110101111 5
#965000
b10110 <
b10001011110110000001000100011000 "
b10001011110110000001000100011000 =
b1 0
b1 7
b1011011010100101111111110110110 ;
b1011011010100101111111110110110 3
b1011011010100101111111110110110 9
b11100111001010110001000011001110 :
b11100111001010110001000011001110 2
b11100111001010110001000011001110 8
b1 ?
b1011011010100101111111110110110 A
b11100111001010110001000011001110 @
b1101111101 B
b1110110001 6
b1110110000 5
11
#966000
b1000 <
b100010110000000000111001000101 "
b100010110000000000111001000101 =
b11100100001011000100110011001000 ;
b11100100001011000100110011001000 3
b11100100001011000100110011001000 9
b110111011000101101100001101 :
b110111011000101101100001101 2
b110111011000101101100001101 8
b11100100001011000100110011001000 A
b110111011000101101100001101 @
b1101111110 B
b1110110010 6
b1110110001 5
#967000
b11011 <
1!
b0 "
b0 =
b1011 0
b1011 7
b101101110010111110011101011011 ;
b101101110010111110011101011011 3
b101101110010111110011101011011 9
b111100011001101001101101111000 :
b111100011001101001101101111000 2
b111100011001101001101101111000 8
b1011 ?
b101101110010111110011101011011 A
b111100011001101001101101111000 @
b1101111111 B
b1110110011 6
b1110110010 5
#968000
b10110 <
0!
b1111011010100101001101011110110 "
b1111011010100101001101011110110 =
b1 0
b1 7
b10101011001000000111000001010110 ;
b10101011001000000111000001010110 3
b10101011001000000111000001010110 9
b100110011100110000101101001100 :
b100110011100110000101101001100 2
b100110011100110000101101001100 8
b1 ?
b10101011001000000111000001010110 A
b100110011100110000101101001100 @
b1110000000 B
b1110110100 6
b1110110011 5
#969000
b1100 <
b110000010110101011000001100000 "
b110000010110101011000001100000 =
b0 0
b0 7
b1000110001001111000101110001100 ;
b1000110001001111000101110001100 3
b1000110001001111000101110001100 9
b11101010001100110010010011010100 :
b11101010001100110010010011010100 2
b11101010001100110010010011010100 8
b0 ?
b1000110001001111000101110001100 A
b11101010001100110010010011010100 @
b1110000001 B
b1110110101 6
b1110110100 5
#970000
b1010 <
b11111111111110101010001000000000 "
b11111111111110101010001000000000 =
b1001 0
b1001 7
b10110101001000001011100001101010 ;
b10110101001000001011100001101010 3
b10110101001000001011100001101010 9
b11101010100010000000000011010101 :
b11101010100010000000000011010101 2
b11101010100010000000000011010101 8
b1001 ?
b10110101001000001011100001101010 A
b11101010100010000000000011010101 @
b1110000010 B
b1110110110 6
b1110110101 5
01
#971000
b1 <
b10000000001000001110000100000 "
b10000000001000001110000100000 =
b111 0
b111 7
b10000110011011110010100100001 ;
b10000110011011110010100100001 3
b10000110011011110010100100001 9
b10001000000000100000111000010000 :
b10001000000000100000111000010000 2
b10001000000000100000111000010000 8
b111 ?
b10000110011011110010100100001 A
b10001000000000100000111000010000 @
b1110000011 B
b1110110111 6
b1110110110 5
#972000
b11100 <
1!
b0 "
b0 =
b1110 0
b1110 7
b1101110010110000001000111011100 ;
b1101110010110000001000111011100 3
b1101110010110000001000111011100 9
b10111001010010010101011001110010 :
b10111001010010010101011001110010 2
b10111001010010010101011001110010 8
b1110 ?
b1101110010110000001000111011100 A
b10111001010010010101011001110010 @
b1110000100 B
b1110111000 6
b1110110111 5
#973000
b1000 <
b100100010100110011110101001000 ;
b100100010100110011110101001000 3
b100100010100110011110101001000 9
b1111101101101100011101111111011 :
b1111101101101100011101111111011 2
b1111101101101100011101111111011 8
b100100010100110011110101001000 A
b1111101101101100011101111111011 @
b1110000101 B
b1110111001 6
b1110111000 5
#974000
b1101 <
0!
b1000010000001011111101010000100 "
b1000010000001011111101010000100 =
b100 0
b100 7
b110111100001010000100001101 ;
b110111100001010000100001101 3
b110111100001010000100001101 9
b1000100111101010101101110001001 :
b1000100111101010101101110001001 2
b1000100111101010101101110001001 8
b100 ?
b110111100001010000100001101 A
b1000100111101010101101110001001 @
b1110000110 B
b1110111010 6
b1110111001 5
#975000
b1011 <
1!
b0 "
b0 =
b110 0
b110 7
b1100101100111001100010111001011 ;
b1100101100111001100010111001011 3
b1100101100111001100010111001011 9
b11011100101110110010010010111001 :
b11011100101110110010010010111001 2
b11011100101110110010010010111001 8
b110 ?
b1100101100111001100010111001011 A
b11011100101110110010010010111001 @
b1110000111 B
b1110111011 6
b1110111010 5
11
#976000
b10 <
0!
b1 "
b1 =
b10000001011011001110111000000010 ;
b10000001011011001110111000000010 3
b10000001011011001110111000000010 9
b110111100010000010000101101111 :
b110111100010000010000101101111 2
b110111100010000010000101101111 8
b10000001011011001110111000000010 A
b110111100010000010000101101111 @
b1110001000 B
b1110111100 6
b1110111011 5
#977000
b10010 <
1!
b0 "
b0 =
b1011 0
b1011 7
b101001011010000011100101010010 ;
b101001011010000011100101010010 3
b101001011010000011100101010010 9
b11000001000010110000011010000010 :
b11000001000010110000011010000010 2
b11000001000010110000011010000010 8
b1011 ?
b101001011010000011100101010010 A
b11000001000010110000011010000010 @
b1110001001 B
b1110111101 6
b1110111100 5
#978000
b11010 <
0!
b101000101000010110000001010 "
b101000101000010110000001010 =
b10 0
b10 7
b11001101010111111111110010011010 ;
b11001101010111111111110010011010 3
b11001101010111111111110010011010 9
b10101001101000010111100101010 :
b10101001101000010111100101010 2
b10101001101000010111100101010 8
b10 ?
b11001101010111111111110010011010 A
b10101001101000010111100101010 @
b1110001010 B
b1110111110 6
b1110111101 5
#979000
b11011 <
b1110 "
b1110 =
b1001 0
b1001 7
b1101110111101000011100011011 ;
b1101110111101000011100011011 3
b1101110111101000011100011011 9
b1110111011010111111001111101110 :
b1110111011010111111001111101110 2
b1110111011010111111001111101110 8
b1001 ?
b1101110111101000011100011011 A
b1110111011010111111001111101110 @
b1110001011 B
b1110111111 6
b1110111110 5
#980000
b1000 <
1!
b0 "
b0 =
b1101 0
b1101 7
b10110100010011000110001001101000 ;
b10110100010011000110001001101000 3
b10110100010011000110001001101000 9
b10101010100111100000111001010101 :
b10101010100111100000111001010101 2
b10101010100111100000111001010101 8
b1101 ?
b10110100010011000110001001101000 A
b10101010100111100000111001010101 @
b1110001100 B
b1111000000 6
b1110111111 5
01
#981000
b111 <
0!
b100010111101011111110111 "
b100010111101011111110111 =
b1001 0
b1001 7
b11110011100110010110010011100111 ;
b11110011100110010110010011100111 3
b11110011100110010110010011100111 9
b1000101111010111111101110001011 :
b1000101111010111111101110001011 2
b1000101111010111111101110001011 8
b1001 ?
b11110011100110010110010011100111 A
b1000101111010111111101110001011 @
b1110001101 B
b1111000001 6
b1111000000 5
#982000
b10100 <
b11100000110100000000000000000000 "
b11100000110100000000000000000000 =
b111 0
b111 7
b1011010001100100111110110110100 ;
b1011010001100100111110110110100 3
b1011010001100100111110110110100 9
b10000110100000101111111000001101 :
b10000110100000101111111000001101 2
b10000110100000101111111000001101 8
b111 ?
b1011010001100100111110110110100 A
b10000110100000101111111000001101 @
b1110001110 B
b1111000010 6
b1111000001 5
#983000
b1000 <
b1010001001000000101011010100010 "
b1010001001000000101011010100010 =
b1 0
b1 7
b110100010000111111010101101000 ;
b110100010000111111010101101000 3
b110100010000111111010101101000 9
b10000101011001000100110000001010 :
b10000101011001000100110000001010 2
b10000101011001000100110000001010 8
b1 ?
b110100010000111111010101101000 A
b10000101011001000100110000001010 @
b1110001111 B
b1111000011 6
b1111000010 5
#984000
b10 <
b100100010010000000001001001000 "
b100100010010000000001001001000 =
b0 0
b0 7
b1100001000101010111111111000010 ;
b1100001000101010111111111000010 3
b1100001000101010111111111000010 9
b11000011001100101000001010000110 :
b11000011001100101000001010000110 2
b11000011001100101000001010000110 8
b0 ?
b1100001000101010111111111000010 A
b11000011001100101000001010000110 @
b1110010000 B
b1111000100 6
b1111000011 5
#985000
b1011 <
b1 "
b1 =
b101 0
b101 7
b100101101111100110001101001011 ;
b100101101111100110001101001011 3
b100101101111100110001101001011 9
b10101110100010110100111001011101 :
b10101110100010110100111001011101 2
b10101110100010110100111001011101 8
b101 ?
b100101101111100110001101001011 A
b10101110100010110100111001011101 @
b1110010001 B
b1111000101 6
b1111000100 5
11
#986000
b11100 <
b1100000000000000000000000000000 "
b1100000000000000000000000000000 =
b111 0
b111 7
b1001110011111111001011110011100 ;
b1001110011111111001011110011100 3
b1001110011111111001011110011100 9
b1110011000000110000111111100110 :
b1110011000000110000111111100110 2
b1110011000000110000111111100110 8
b111 ?
b1001110011111111001011110011100 A
b1110011000000110000111111100110 @
b1110010010 B
b1111000110 6
b1111000101 5
#987000
b110 <
b10000010110111011100011000 "
b10000010110111011100011000 =
b1000 0
b1000 7
b11010011011011001000110010100110 ;
b11010011011011001000110010100110 3
b11010011011011001000110010100110 9
b10000010110111011100011000000101 :
b10000010110111011100011000000101 2
b10000010110111011100011000000101 8
b1000 ?
b11010011011011001000110010100110 A
b10000010110111011100011000000101 @
b1110010011 B
b1111000111 6
b1111000110 5
#988000
b111 <
b11111111000101110101001101000000 "
b11111111000101110101001101000000 =
b1001 0
b1001 7
b10011110011010001010100100111 ;
b10011110011010001010100100111 3
b10011110011010001010100100111 9
b10001011101010011010000000010111 :
b10001011101010011010000000010111 2
b10001011101010011010000000010111 8
b1001 ?
b10011110011010001010100100111 A
b10001011101010011010000000010111 @
b1110010100 B
b1111001000 6
b1111000111 5
#989000
b11000 <
b11111111111111111111111110000001 "
b11111111111111111111111110000001 =
b11001100000101111001100010011000 ;
b11001100000101111001100010011000 3
b11001100000101111001100010011000 9
b10000001011001101111010000000010 :
b10000001011001101111010000000010 2
b10000001011001101111010000000010 8
b11001100000101111001100010011000 A
b10000001011001101111010000000010 @
b1110010101 B
b1111001001 6
b1111001000 5
#990000
b11011 <
b11110000000000000000000000000000 "
b11110000000000000000000000000000 =
b111 0
b111 7
b1111101110001101000000111111011 ;
b1111101110001101000000111111011 3
b1111101110001101000000111111011 9
b11011111000111000110010010111110 :
b11011111000111000110010010111110 2
b11011111000111000110010010111110 8
b111 ?
b1111101110001101000000111111011 A
b11011111000111000110010010111110 @
b1110010110 B
b1111001010 6
b1111001001 5
01
#991000
b11 <
1!
b0 "
b0 =
b1011 0
b1011 7
b10100001100010101001011001000011 ;
b10100001100010101001011001000011 3
b10100001100010101001011001000011 9
b11010001001011111011010010100010 :
b11010001001011111011010010100010 2
b11010001001011111011010010100010 8
b1011 ?
b10100001100010101001011001000011 A
b11010001001011111011010010100010 @
b1110010111 B
b1111001011 6
b1111001010 5
#992000
b1011 <
0!
b11111101111110011111111111111011 "
b11111101111110011111111111111011 =
b11 0
b11 7
b1000101110100011011110110001011 ;
b1000101110100011011110110001011 3
b1000101110100011011110110001011 9
b10111101011010000100111001111010 :
b10111101011010000100111001111010 2
b10111101011010000100111001111010 8
b11 ?
b1000101110100011011110110001011 A
b10111101011010000100111001111010 @
b1110011000 B
b1111001100 6
b1111001011 5
#993000
b11111 <
b11001001000011101011011110010010 "
b11001001000011101011011110010010 =
b100 0
b100 7
b1101111110100100010100111011111 ;
b1101111110100100010100111011111 3
b1101111110100100010100111011111 9
b10100110110111001001111001001101 :
b10100110110111001001111001001101 2
b10100110110111001001111001001101 8
b100 ?
b1101111110100100010100111011111 A
b10100110110111001001111001001101 @
b1110011001 B
b1111001101 6
b1111001100 5
#994000
b1101 <
b11110111111000111110101111101111 "
b11110111111000111110101111101111 =
b11 0
b11 7
b1110110110000100010101111101101 ;
b1110110110000100010101111101101 3
b1110110110000100010101111101101 9
b11110001101000011100001011100011 :
b11110001101000011100001011100011 2
b11110001101000011100001011100011 8
b11 ?
b1110110110000100010101111101101 A
b11110001101000011100001011100011 @
b1110011010 B
b1111001110 6
b1111001101 5
#995000
b1001 <
1!
b0 "
b0 =
b1110 0
b1110 7
b100100110001110001010101001001 ;
b100100110001110001010101001001 3
b100100110001110001010101001001 9
b1011000110000110010100110110001 :
b1011000110000110010100110110001 2
b1011000110000110010100110110001 8
b1110 ?
b100100110001110001010101001001 A
b1011000110000110010100110110001 @
b1110011011 B
b1111001111 6
b1111001110 5
11
#996000
b10 <
0!
b1011101111001111111011010111011 "
b1011101111001111111011010111011 =
b0 0
b0 7
b1000001000011111100011110000010 ;
b1000001000011111100011110000010 3
b1000001000011111100011110000010 9
b11100110110000010111100111001 :
b11100110110000010111100111001 2
b11100110110000010111100111001 8
b0 ?
b1000001000011111100011110000010 A
b11100110110000010111100111001 @
b1110011100 B
b1111010000 6
b1111001111 5
#997000
b11010 <
b11111111111111111111111111110001 "
b11111111111111111111111111110001 =
b1001 0
b1001 7
b1111101010010111111011111111010 ;
b1111101010010111111011111111010 3
b1111101010010111111011111111010 9
b11000100011111011100001010001000 :
b11000100011111011100001010001000 2
b11000100011111011100001010001000 8
b1001 ?
b1111101010010111111011111111010 A
b11000100011111011100001010001000 @
b1110011101 B
b1111010001 6
b1111010000 5
#998000
b1011 <
1!
b0 "
b0 =
b1101 0
b1101 7
b100101111111010100101101001011 ;
b100101111111010100101101001011 3
b100101111111010100101101001011 9
b10101100101101001010111001011001 :
b10101100101101001010111001011001 2
b10101100101101001010111001011001 8
b1101 ?
b100101111111010100101101001011 A
b10101100101101001010111001011001 @
b1110011110 B
b1111010010 6
b1111010001 5
#999000
b1000 <
0!
b1010110011000010010110010101101 "
b1010110011000010010110010101101 =
b1 0
b1 7
b1110100011001011100110111101000 ;
b1110100011001011100110111101000 3
b1110100011001011100110111101000 9
b11001010110001101111101010010101 :
b11001010110001101111101010010101 2
b11001010110001101111101010010101 8
b1 ?
b1110100011001011100110111101000 A
b11001010110001101111101010010101 @
b1110011111 B
b1111010011 6
b1111010010 5
#1000000
b11101 <
1!
b0 "
b0 =
b1011 0
b1011 7
b11111110111101010100100011111101 ;
b11111110111101010100100011111101 3
b11111110111101010100100011111101 9
b1010111010011100000000 :
b1010111010011100000000 2
b1010111010011100000000 8
b1011 ?
b11111110111101010100100011111101 A
b1010111010011100000000 @
b1110100000 B
b1111010100 6
b1111010011 5
01
#1001000
b10 <
b1110 0
b1110 7
b1100001000101111010011111000010 ;
b1100001000101111010011111000010 3
b1100001000101111010011111000010 9
b1101010001000111001011111010100 :
b1101010001000111001011111010100 2
b1101010001000111001011111010100 8
b1110 ?
b1100001000101111010011111000010 A
b1101010001000111001011111010100 @
b1110100001 B
b1111010101 6
b1111010100 5
#1002000
b1100 <
b1101 0
b1101 7
b11000110001001100101001010001100 ;
b11000110001001100101001010001100 3
b11000110001001100101001010001100 9
b1101011011010010110101111010110 :
b1101011011010010110101111010110 2
b1101011011010010110101111010110 8
b1101 ?
b11000110001001100101001010001100 A
b1101011011010010110101111010110 @
b1110100010 B
b1111010110 6
b1111010101 5
#1003000
b10101 <
b1011 0
b1011 7
b11101010101010010100000011010101 ;
b11101010101010010100000011010101 3
b11101010101010010100000011010101 9
b11010110101000111011101010101101 :
b11010110101000111011101010101101 2
b11010110101000111011101010101101 8
b1011 ?
b11101010101010010100000011010101 A
b11010110101000111011101010101101 @
b1110100011 B
b1111010111 6
b1111010110 5
#1004000
b1110 <
0!
b1110011110001111100111011100111 "
b1110011110001111100111011100111 =
b100 0
b100 7
b10010111001001100001011000101110 ;
b10010111001001100001011000101110 3
b10010111001001100001011000101110 9
b11100100111000011101100011001001 :
b11100100111000011101100011001001 2
b11100100111000011101100011001001 8
b100 ?
b10010111001001100001011000101110 A
b11100100111000011101100011001001 @
b1110100100 B
b1111011000 6
b1111010111 5
#1005000
b11111 <
b1 "
b1 =
b1000 0
b1000 7
b1111111110000001001111111111111 ;
b1111111110000001001111111111111 3
b1111111110000001001111111111111 9
b11000100110000110000101010001001 :
b11000100110000110000101010001001 2
b11000100110000110000101010001001 8
b1000 ?
b1111111110000001001111111111111 A
b11000100110000110000101010001001 @
b1110100101 B
b1111011001 6
b1111011000 5
11
#1006000
b100 <
0!
b10000010101011111010110100000000 "
b10000010101011111010110100000000 =
b111 0
b111 7
b10010001000110111101100100100 ;
b10010001000110111101100100100 3
b10010001000110111101100100100 9
b11101000001010101111101011010000 :
b11101000001010101111101011010000 2
b11101000001010101111101011010000 8
b111 ?
b10010001000110111101100100100 A
b11101000001010101111101011010000 @
b1110100110 B
b1111011010 6
b1111011001 5
#1007000
b10110 <
b110010101001100111011001100100 "
b110010101001100111011001100100 =
b0 0
b0 7
b11001011011101101011011010010110 ;
b11001011011101101011011010010110 3
b11001011011101101011011010010110 9
b1100111001011111011111111001110 :
b1100111001011111011111111001110 2
b1100111001011111011111111001110 8
b0 ?
b11001011011101101011011010010110 A
b1100111001011111011111111001110 @
b1110100111 B
b1111011011 6
b1111011010 5
#1008000
b11 <
b1001001111110100110110010010011 "
b1001001111110100110110010010011 =
b10010001111011111100010000100011 ;
b10010001111011111100010000100011 3
b10010001111011111100010000100011 9
b10111000000010101010100001110000 :
b10111000000010101010100001110000 2
b10111000000010101010100001110000 8
b10010001111011111100010000100011 A
b10111000000010101010100001110000 @
b1110101000 B
b1111011100 6
b1111011011 5
#1009000
b11000 <
1!
b0 "
b0 =
b101 0
b101 7
b11101100010011110000001011011000 ;
b11101100010011110000001011011000 3
b11101100010011110000001011011000 9
b1001011000000001101001110010110 :
b1001011000000001101001110010110 2
b1001011000000001101001110010110 8
b101 ?
b11101100010011110000001011011000 A
b1001011000000001101001110010110 @
b1110101001 B
b1111011101 6
b1111011100 5
#1010000
b11001 <
b1101 0
b1101 7
b1101100111001101011010111011001 ;
b1101100111001101011010111011001 3
b1101100111001101011010111011001 9
b1001111110111110010010110011111 :
b1001111110111110010010110011111 2
b1001111110111110010010110011111 8
b1101 ?
b1101100111001101011010111011001 A
b1001111110111110010010110011111 @
b1110101010 B
b1111011110 6
b1111011101 5
01
#1011000
b111 <
0!
b1011101110100011000110100 "
b1011101110100011000110100 =
b1000 0
b1000 7
b10100011101110100010111001000111 ;
b10100011101110100010111001000111 3
b10100011101110100010111001000111 9
b10111011101000110001101001110111 :
b10111011101000110001101001110111 2
b10111011101000110001101001110111 8
b1000 ?
b10100011101110100010111001000111 A
b10111011101000110001101001110111 @
b1110101011 B
b1111011111 6
b1111011110 5
#1012000
b100 <
b11010101001010101111010110 "
b11010101001010101111010110 =
b1001 0
b1001 7
b110010011111011010011101100100 ;
b110010011111011010011101100100 3
b110010011111011010011101100100 9
b110101010010101011110101101010 :
b110101010010101011110101101010 2
b110101010010101011110101101010 8
b1001 ?
b110010011111011010011101100100 A
b110101010010101011110101101010 @
b1110101100 B
b1111100000 6
b1111011111 5
#1013000
b11 <
b10010111100001010110011000101 "
b10010111100001010110011000101 =
b1000 0
b1000 7
b10000001100010111011010000000011 ;
b10000001100010111011010000000011 3
b10000001100010111011010000000011 9
b10010111100001010110011000101111 :
b10010111100001010110011000101111 2
b10010111100001010110011000101111 8
b1000 ?
b10000001100010111011010000000011 A
b10010111100001010110011000101111 @
b1110101101 B
b1111100001 6
b1111100000 5
#1014000
b110 <
1!
b0 "
b0 =
b1110 0
b1110 7
b1110011000000011011001111100110 ;
b1110011000000011011001111100110 3
b1110011000000011011001111100110 9
b10100101110010100110101001001011 :
b10100101110010100110101001001011 2
b10100101110010100110101001001011 8
b1110 ?
b1110011000000011011001111100110 A
b10100101110010100110101001001011 @
b1110101110 B
b1111100010 6
b1111100001 5
#1015000
b1011 <
0!
b11111111111111100000100101110100 "
b11111111111111100000100101110100 =
b1001 0
b1001 7
b11100101100010100111001011001011 ;
b11100101100010100111001011001011 3
b11100101100010100111001011001011 9
b11110000010010111010001011100000 :
b11110000010010111010001011100000 2
b11110000010010111010001011100000 8
b1001 ?
b11100101100010100111001011001011 A
b11110000010010111010001011100000 @
b1110101111 B
b1111100011 6
b1111100010 5
11
#1016000
b11001 <
b11111111111111111111111111000000 "
b11111111111111111111111111000000 =
b10001100110011001100111000011001 ;
b10001100110011001100111000011001 3
b10001100110011001100111000011001 9
b10000000100111110111011000000001 :
b10000000100111110111011000000001 2
b10000000100111110111011000000001 8
b10001100110011001100111000011001 A
b10000000100111110111011000000001 @
b1110110000 B
b1111100100 6
b1111100011 5
#1017000
b100 <
1!
b0 "
b0 =
b1110 0
b1110 7
b11000010000001000101100010000100 ;
b11000010000001000101100010000100 3
b11000010000001000101100010000100 9
b1100101000100001111100111001010 :
b1100101000100001111100111001010 2
b1100101000100001111100111001010 8
b1110 ?
b11000010000001000101100010000100 A
b1100101000100001111100111001010 @
b1110110001 B
b1111100101 6
b1111100100 5
#1018000
b10011 <
0!
b111110000110 "
b111110000110 =
b1000 0
b1000 7
b101001111110011110101101010011 ;
b101001111110011110101101010011 3
b101001111110011110101101010011 9
b1111100001101000001000111111000 :
b1111100001101000001000111111000 2
b1111100001101000001000111111000 8
b1000 ?
b101001111110011110101101010011 A
b1111100001101000001000111111000 @
b1110110010 B
b1111100110 6
b1111100101 5
#1019000
b1010 <
b100101100000000111010 "
b100101100000000111010 =
b1001 0
b1001 7
b101000011010000000100001010 ;
b101000011010000000100001010 3
b101000011010000000100001010 9
b1001011000000001110101110010110 :
b1001011000000001110101110010110 2
b1001011000000001110101110010110 8
b1001 ?
b101000011010000000100001010 A
b1001011000000001110101110010110 @
b1110110011 B
b1111100111 6
b1111100110 5
#1020000
b10110 <
b1 "
b1 =
b110 0
b110 7
b11111011011000000001010011110110 ;
b11111011011000000001010011110110 3
b11111011011000000001010011110110 9
b11011110111000101111101010111101 :
b11011110111000101111101010111101 2
b11011110111000101111101010111101 8
b110 ?
b11111011011000000001010011110110 A
b11011110111000101111101010111101 @
b1110110100 B
b1111101000 6
b1111100111 5
01
#1021000
b101 <
b11000000100111101111011110 "
b11000000100111101111011110 =
b1001 0
b1001 7
b10100010110011110101001001000101 ;
b10100010110011110101001001000101 3
b10100010110011110101001001000101 9
b1100000010011110111101111000000 :
b1100000010011110111101111000000 2
b1100000010011110111101111000000 8
b1001 ?
b10100010110011110101001001000101 A
b1100000010011110111101111000000 @
b1110110101 B
b1111101001 6
b1111101000 5
#1022000
b10 <
b10000111001001101010110100001101 "
b10000111001001101010110100001101 =
b0 0
b0 7
b11000001010111001001000010000010 ;
b11000001010111001001000010000010 3
b11000001010111001001000010000010 9
b11000101110010100001110010001011 :
b11000101110010100001110010001011 2
b11000101110010100001110010001011 8
b0 ?
b11000001010111001001000010000010 A
b11000101110010100001110010001011 @
b1110110110 B
b1111101010 6
b1111101001 5
#1023000
b10100 <
b1000101001111100010011010001010 "
b1000101001111100010011010001010 =
b1 0
b1 7
b11010000110100010000100110100 ;
b11010000110100010000100110100 3
b11010000110100010000100110100 9
b1011111010110000100011110111110 :
b1011111010110000100011110111110 2
b1011111010110000100011110111110 8
b1 ?
b11010000110100010000100110100 A
b1011111010110000100011110111110 @
b1110110111 B
b1111101011 6
b1111101010 5
#1024000
b10001 <
b1111001110001000011100011110011 "
b1111001110001000011100011110011 =
b0 0
b0 7
b1001000101101000000100110010001 ;
b1001000101101000000100110010001 3
b1001000101101000000100110010001 9
b110001000100000010111101100010 :
b110001000100000010111101100010 2
b110001000100000010111101100010 8
b0 ?
b1001000101101000000100110010001 A
b110001000100000010111101100010 @
b1110111000 B
b1111101100 6
b1111101011 5
#1025000
b1010 <
1!
b0 "
b0 =
b101 0
b101 7
b100101000011111100100101001010 ;
b100101000011111100100101001010 3
b100101000011111100100101001010 9
b1000011011011001010010110000110 :
b1000011011011001010010110000110 2
b1000011011011001010010110000110 8
b101 ?
b100101000011111100100101001010 A
b1000011011011001010010110000110 @
b1110111001 B
b1111101101 6
b1111101100 5
11
#1026000
b10011 <
0!
b11011101010101111110100110111010 "
b11011101010101111110100110111010 =
b0 0
b0 7
b10011001100100101001100000110011 ;
b10011001100100101001100000110011 3
b10011001100100101001100000110011 9
b1000011110001010101000110000111 :
b1000011110001010101000110000111 2
b1000011110001010101000110000111 8
b0 ?
b10011001100100101001100000110011 A
b1000011110001010101000110000111 @
b1110111010 B
b1111101110 6
b1111101101 5
#1027000
b10101 <
b11011110100 "
b11011110100 =
b1000 0
b1000 7
b11001010101000001101010010010101 ;
b11001010101000001101010010010101 3
b11001010101000001101010010010101 9
b11011110100110001100101010111101 :
b11011110100110001100101010111101 2
b11011110100110001100101010111101 8
b1000 ?
b11001010101000001101010010010101 A
b11011110100110001100101010111101 @
b1110111011 B
b1111101111 6
b1111101110 5
#1028000
b0 <
b110110101110011011010001101100 "
b110110101110011011010001101100 =
b0 0
b0 7
b10100000011100110000000001000000 ;
b10100000011100110000000001000000 3
b10100000011100110000000001000000 9
b10010110010001101011010000101100 :
b10010110010001101011010000101100 2
b10010110010001101011010000101100 8
b0 ?
b10100000011100110000000001000000 A
b10010110010001101011010000101100 @
b1110111100 B
b1111110000 6
b1111101111 5
#1029000
b100 <
b110111101100111111001111101 "
b110111101100111111001111101 =
b1001 0
b1001 7
b1100010001110011001110111000100 ;
b1100010001110011001110111000100 3
b1100010001110011001110111000100 9
b1101111011001111110011111011110 :
b1101111011001111110011111011110 2
b1101111011001111110011111011110 8
b1001 ?
b1100010001110011001110111000100 A
b1101111011001111110011111011110 @
b1110111101 B
b1111110001 6
b1111110000 5
#1030000
b1000 <
b11011001010000011110100110110001 "
b11011001010000011110100110110001 =
b0 0
b0 7
b100011101001011011100001000 ;
b100011101001011011100001000 3
b100011101001011011100001000 9
b11010100110011010011001010101001 :
b11010100110011010011001010101001 2
b11010100110011010011001010101001 8
b0 ?
b100011101001011011100001000 A
b11010100110011010011001010101001 @
b1110111110 B
b1111110010 6
b1111110001 5
01
#1031000
b11 <
b10100111011011110100100001001 "
b10100111011011110100100001001 =
b1000 0
b1000 7
b1110010101110001100000011 ;
b1110010101110001100000011 3
b1110010101110001100000011 9
b10100111011011110100100001001110 :
b10100111011011110100100001001110 2
b10100111011011110100100001001110 8
b1000 ?
b1110010101110001100000011 A
b10100111011011110100100001001110 @
b1110111111 B
b1111110011 6
b1111110010 5
#1032000
b11000 <
b1110100111110000000001011101001 "
b1110100111110000000001011101001 =
b0 0
b0 7
b11100011010010001000100111000 ;
b11100011010010001000100111000 3
b11100011010010001000100111000 9
b1011000100011101111000110110001 :
b1011000100011101111000110110001 2
b1011000100011101111000110110001 8
b0 ?
b11100011010010001000100111000 A
b1011000100011101111000110110001 @
b1111000000 B
b1111110100 6
b1111110011 5
#1033000
b11110 <
b11111111001111010111011111111110 "
b11111111001111010111011111111110 =
b11 0
b11 7
b1101111000101010111010111011110 ;
b1101111000101010111010111011110 3
b1101111000101010111010111011110 9
b11110111001010000111011011101110 :
b11110111001010000111011011101110 2
b11110111001010000111011011101110 8
b11 ?
b1101111000101010111010111011110 A
b11110111001010000111011011101110 @
b1111000001 B
b1111110101 6
b1111110100 5
#1034000
b111 <
b11111111010100010011100000001000 "
b11111111010100010011100000001000 =
b1001 0
b1001 7
b11110011100111110101111011100111 ;
b11110011100111110101111011100111 3
b11110011100111110101111011100111 9
b10101000100111000000010001010001 :
b10101000100111000000010001010001 2
b10101000100111000000010001010001 8
b1001 ?
b11110011100111110101111011100111 A
b10101000100111000000010001010001 @
b1111000010 B
b1111110110 6
b1111110101 5
#1035000
b1111 <
b101011111010010000000000000000 "
b101011111010010000000000000000 =
b111 0
b111 7
b10110111111000001100110001101111 ;
b10110111111000001100110001101111 3
b10110111111000001100110001101111 9
b1101001011000100101011111010010 :
b1101001011000100101011111010010 2
b1101001011000100101011111010010 8
b111 ?
b10110111111000001100110001101111 A
b1101001011000100101011111010010 @
b1111000011 B
b1111110111 6
b1111110110 5
11
#1036000
b10 <
b10000101111000001001000100 "
b10000101111000001001000100 =
b1001 0
b1001 7
b10000001001110000000110000000010 ;
b10000001001110000000110000000010 3
b10000001001110000000110000000010 9
b1000010111100000100100010000 :
b1000010111100000100100010000 2
b1000010111100000100100010000 8
b1001 ?
b10000001001110000000110000000010 A
b1000010111100000100100010000 @
b1111000100 B
b1111111000 6
b1111110111 5
#1037000
b10011 <
b1001110101011111110000010011 "
b1001110101011111110000010011 =
b0 0
b0 7
b111001100001001011001101110011 ;
b111001100001001011001101110011 3
b111001100001001011001101110011 9
b11010000010100010100100010100000 :
b11010000010100010100100010100000 2
b11010000010100010100100010100000 8
b0 ?
b111001100001001011001101110011 A
b11010000010100010100100010100000 @
b1111000101 B
b1111111001 6
b1111111000 5
#1038000
b10001 <
1!
b0 "
b0 =
b1010 0
b1010 7
b10001000100001101100010000010001 ;
b10001000100001101100010000010001 3
b10001000100001101100010000010001 9
b11100011000101100101100111000 :
b11100011000101100101100111000 2
b11100011000101100101100111000 8
b1010 ?
b10001000100001101100010000010001 A
b11100011000101100101100111000 @
b1111000110 B
b1111111010 6
b1111111001 5
#1039000
b11101 <
b1101 0
b1101 7
b11001110111011011101100010011101 ;
b11001110111011011101100010011101 3
b11001110111011011101100010011101 9
b11110000000001100100101011100000 :
b11110000000001100100101011100000 2
b11110000000001100100101011100000 8
b1101 ?
b11001110111011011101100010011101 A
b11110000000001100100101011100000 @
b1111000111 B
b1111111011 6
b1111111010 5
#1040000
0!
b11 "
b11 =
b1000 0
b1000 7
b1111110110010111000100111111101 ;
b1111110110010111000100111111101 3
b1111110110010111000100111111101 9
b1101010110110011110000111010101 :
b1101010110110011110000111010101 2
b1101010110110011110000111010101 8
b1000 ?
b1111110110010111000100111111101 A
b1101010110110011110000111010101 @
b1111001000 B
b1111111100 6
b1111111011 5
01
#1041000
b1010 <
b11011000110100000110101110110001 "
b11011000110100000110101110110001 =
b100 0
b100 7
b1000101000001010111101110001010 ;
b1000101000001010111101110001010 3
b1000101000001010111101110001010 9
b10011101110101010001000000111011 :
b10011101110101010001000000111011 2
b10011101110101010001000000111011 8
b100 ?
b1000101000001010111101110001010 A
b10011101110101010001000000111011 @
b1111001001 B
b1111111101 6
b1111111100 5
#1042000
b10100 <
b11111111111111111111110000111110 "
b11111111111111111111110000111110 =
b1001 0
b1001 7
b111010010010101101101101110100 ;
b111010010010101101101101110100 3
b111010010010101101101101110100 9
b11000011111011010100101010000111 :
b11000011111011010100101010000111 2
b11000011111011010100101010000111 8
b1001 ?
b111010010010101101101101110100 A
b11000011111011010100101010000111 @
b1111001010 B
b1111111110 6
b1111111101 5
#1043000
b10000 <
b100001110101010011001001000011 "
b100001110101010011001001000011 =
b100 0
b100 7
b11001000001001000000011010010000 ;
b11001000001001000000011010010000 3
b11001000001001000000011010010000 9
b11101001111100010011010011010011 :
b11101001111100010011010011010011 2
b11101001111100010011010011010011 8
b100 ?
b11001000001001000000011010010000 A
b11101001111100010011010011010011 @
b1111001011 B
b1111111111 6
b1111111110 5
#1044000
b10001 <
b100111101101110 "
b100111101101110 =
b1000 0
b1000 7
b10001000100011001101100000010001 ;
b10001000100011001101100000010001 3
b10001000100011001101100000010001 9
b10011110110111010001100000111101 :
b10011110110111010001100000111101 2
b10011110110111010001100000111101 8
b1000 ?
b10001000100011001101100000010001 A
b10011110110111010001100000111101 @
b1111001100 B
b10000000000 6
b1111111111 5
#1045000
b10011 <
b11100100000000000000000000000 "
b11100100000000000000000000000 =
b111 0
b111 7
b11101001111101101011001011010011 ;
b11101001111101101011001011010011 3
b11101001111101101011001011010011 9
b1001000010010100100001110010000 :
b1001000010010100100001110010000 2
b1001000010010100100001110010000 8
b111 ?
b11101001111101101011001011010011 A
b1001000010010100100001110010000 @
b1111001101 B
b10000000001 6
b10000000000 5
11
#1046000
b1010 <
b11101000110100010101111111010001 "
b11101000110100010101111111010001 =
b0 0
b0 7
b101010010110101100100001010 ;
b101010010110101100100001010 3
b101010010110101100100001010 9
b11100011100001100000011011000111 :
b11100011100001100000011011000111 2
b11100011100001100000011011000111 8
b0 ?
b101010010110101100100001010 A
b11100011100001100000011011000111 @
b1111001110 B
b10000000010 6
b10000000001 5
#1047000
b1100 <
b11101110101001111110000000000000 "
b11101110101001111110000000000000 =
b111 0
b111 7
b11010110000000000010000010101100 ;
b11010110000000000010000010101100 3
b11010110000000000010000010101100 9
b10111111011011101110101001111110 :
b10111111011011101110101001111110 2
b10111111011011101110101001111110 8
b111 ?
b11010110000000000010000010101100 A
b10111111011011101110101001111110 @
b1111001111 B
b10000000011 6
b10000000010 5
#1048000
b10010 <
1!
b0 "
b0 =
b1100 0
b1100 7
b11001010101110000111100110010 ;
b11001010101110000111100110010 3
b11001010101110000111100110010 9
b10011100101110110001100000111001 :
b10011100101110110001100000111001 2
b10011100101110110001100000111001 8
b1100 ?
b11001010101110000111100110010 A
b10011100101110110001100000111001 @
b1111010000 B
b10000000100 6
b10000000011 5
#1049000
b10111 <
b1010 0
b1010 7
b1111011100110111111110111110111 ;
b1111011100110111111110111110111 3
b1111011100110111111110111110111 9
b1010111111111110001001110101111 :
b1010111111111110001001110101111 2
b1010111111111110001001110101111 8
b1010 ?
b1111011100110111111110111110111 A
b1010111111111110001001110101111 @
b1111010001 B
b10000000101 6
b10000000100 5
#1050000
b10000 <
0!
b10000110000111101001010100001101 "
b10000110000111101001010100001101 =
b1 0
b1 7
b11011000011110111010111010110000 ;
b11011000011110111010111010110000 3
b11011000011110111010111010110000 9
b1011110100110100100001110111101 :
b1011110100110100100001110111101 2
b1011110100110100100001110111101 8
b1 ?
b11011000011110111010111010110000 A
b1011110100110100100001110111101 @
b1111010010 B
b10000000110 6
b10000000101 5
01
#1051000
b11110 <
1!
b0 "
b0 =
b1010 0
b1010 7
b10001111001011011010010000011110 ;
b10001111001011011010010000011110 3
b10001111001011011010010000011110 9
b11001100111101010000000010011001 :
b11001100111101010000000010011001 2
b11001100111101010000000010011001 8
b1010 ?
b10001111001011011010010000011110 A
b11001100111101010000000010011001 @
b1111010011 B
b10000000111 6
b10000000110 5
#1052000
b1110 <
0!
b1 "
b1 =
b110 0
b110 7
b11110111001010110000001011101110 ;
b11110111001010110000001011101110 3
b11110111001010110000001011101110 9
b11110100110001000000010011101001 :
b11110100110001000000010011101001 2
b11110100110001000000010011101001 8
b110 ?
b11110111001010110000001011101110 A
b11110100110001000000010011101001 @
b1111010100 B
b10000001000 6
b10000000111 5
#1053000
b10001 <
1!
b0 "
b0 =
b1101 0
b1101 7
b1111000111000011011111111110001 ;
b1111000111000011011111111110001 3
b1111000111000011011111111110001 9
b11000100110011010111001010001001 :
b11000100110011010111001010001001 2
b11000100110011010111001010001001 8
b1101 ?
b1111000111000011011111111110001 A
b11000100110011010111001010001001 @
b1111010101 B
b10000001001 6
b10000001000 5
#1054000
b1000 <
0!
b1 "
b1 =
b101 0
b101 7
b110100011101110001001101101000 ;
b110100011101110001001101101000 3
b110100011101110001001101101000 9
b11011111000111100000010010111110 :
b11011111000111100000010010111110 2
b11011111000111100000010010111110 8
b101 ?
b110100011101110001001101101000 A
b11011111000111100000010010111110 @
b1111010110 B
b10000001010 6
b10000001001 5
#1055000
b1100 <
b1000110001010101101101110001100 ;
b1000110001010101101101110001100 3
b1000110001010101101101110001100 9
b10101010101101100100100101010 :
b10101010101101100100100101010 2
b10101010101101100100100101010 8
b1000110001010101101101110001100 A
b10101010101101100100100101010 @
b1111010111 B
b10000001011 6
b10000001010 5
11
#1056000
b10101 <
b10111100001000000000000000000000 "
b10111100001000000000000000000000 =
b111 0
b111 7
b11001010101000110100010010010101 ;
b11001010101000110100010010010101 3
b11001010101000110100010010010101 9
b1110000100010001011110111100001 :
b1110000100010001011110111100001 2
b1110000100010001011110111100001 8
b111 ?
b11001010101000110100010010010101 A
b1110000100010001011110111100001 @
b1111011000 B
b10000001100 6
b10000001011 5
#1057000
b10111 <
b101111100000000000000000000000 "
b101111100000000000000000000000 =
b10101011111000010001101001010111 ;
b10101011111000010001101001010111 3
b10101011111000010001101001010111 9
b10101111101011110001101001011111 :
b10101111101011110001101001011111 2
b10101111101011110001101001011111 8
b10101011111000010001101001010111 A
b10101111101011110001101001011111 @
b1111011001 B
b10000001101 6
b10000001100 5
#1058000
b0 <
1!
b0 "
b0 =
b1010 0
b1010 7
b10110000010101000111100001100000 ;
b10110000010101000111100001100000 3
b10110000010101000111100001100000 9
b10111001101100000000111001110011 :
b10111001101100000000111001110011 2
b10111001101100000000111001110011 8
b1010 ?
b10110000010101000111100001100000 A
b10111001101100000000111001110011 @
b1111011010 B
b10000001110 6
b10000001101 5
#1059000
b10011 <
0!
b1001101010000100000000010011 "
b1001101010000100000000010011 =
b10 0
b10 7
b11001001101011001100010010010011 ;
b11001001101011001100010010010011 3
b11001001101011001100010010010011 9
b111111101110010101101101111111 :
b111111101110010101101101111111 2
b111111101110010101101101111111 8
b10 ?
b11001001101011001100010010010011 A
b111111101110010101101101111111 @
b1111011011 B
b10000001111 6
b10000001110 5
#1060000
b11100 <
b11001000001110001010000110001 "
b11001000001110001010000110001 =
b0 0
b0 7
b11110001010000010101100111100 ;
b11110001010000010101100111100 3
b11110001010000010101100111100 9
b11111010110111101110100011110101 :
b11111010110111101110100011110101 2
b11111010110111101110100011110101 8
b0 ?
b11110001010000010101100111100 A
b11111010110111101110100011110101 @
b1111011100 B
b10000010000 6
b10000001111 5
01
#1061000
b11000 <
b111010 "
b111010 =
b1001 0
b1001 7
b11011100001000111111010010111000 ;
b11011100001000111111010010111000 3
b11011100001000111111010010111000 9
b111010000100010111101101110100 :
b111010000100010111101101110100 2
b111010000100010111101101110100 8
b1001 ?
b11011100001000111111010010111000 A
b111010000100010111101101110100 @
b1111011101 B
b10000010001 6
b10000010000 5
#1062000
b10000 <
b11100110101001000000000000000000 "
b11100110101001000000000000000000 =
b111 0
b111 7
b11011000001110101001010010110000 ;
b11011000001110101001010010110000 3
b11011000001110101001010010110000 9
b11010010011111011110011010100100 :
b11010010011111011110011010100100 2
b11010010011111011110011010100100 8
b111 ?
b11011000001110101001010010110000 A
b11010010011111011110011010100100 @
b1111011110 B
b10000010010 6
b10000010001 5
#1063000
b11 <
b1110101110001111010111111101011 "
b1110101110001111010111111101011 =
b11 0
b11 7
b10001110000110010100100100011 ;
b10001110000110010100100100011 3
b10001110000110010100100100011 9
b1110101010001111000011111101010 :
b1110101010001111000011111101010 2
b1110101010001111000011111101010 8
b11 ?
b10001110000110010100100100011 A
b1110101010001111000011111101010 @
b1111011111 B
b10000010011 6
b10000010010 5
#1064000
b10001 <
b11011001110010100000000000000000 "
b11011001110010100000000000000000 =
b111 0
b111 7
b10011000111000111100101000110001 ;
b10011000111000111100101000110001 3
b10011000111000111100101000110001 9
b11110010101001001110110011100101 :
b11110010101001001110110011100101 2
b11110010101001001110110011100101 8
b111 ?
b10011000111000111100101000110001 A
b11110010101001001110110011100101 @
b1111100000 B
b10000010100 6
b10000010011 5
#1065000
b1111 <
b11110111010000001101010111101110 "
b11110111010000001101010111101110 =
b1 0
b1 7
b1110111101010001111001111101111 ;
b1110111101010001111001111101111 3
b1110111101010001111001111101111 9
b1101110111010011100100111011101 :
b1101110111010011100100111011101 2
b1101110111010011100100111011101 8
b1 ?
b1110111101010001111001111101111 A
b1101110111010011100100111011101 @
b1111100001 B
b10000010101 6
b10000010100 5
11
#1066000
b10011 <
b1110000011010000000000000000000 "
b1110000011010000000000000000000 =
b111 0
b111 7
b10011001101100111101101000110011 ;
b10011001101100111101101000110011 3
b10011001101100111101101000110011 9
b10000110111001111100111000001101 :
b10000110111001111100111000001101 2
b10000110111001111100111000001101 8
b111 ?
b10011001101100111101101000110011 A
b10000110111001111100111000001101 @
b1111100010 B
b10000010110 6
b10000010101 5
#1067000
b11011 <
1!
b0 "
b0 =
b1010 0
b1010 7
b11101101111001000100100111011 ;
b11101101111001000100100111011 3
b11101101111001000100100111011 9
b1110010101001011110010111100101 :
b1110010101001011110010111100101 2
b1110010101001011110010111100101 8
b1010 ?
b11101101111001000100100111011 A
b1110010101001011110010111100101 @
b1111100011 B
b10000010111 6
b10000010110 5
#1068000
b10010 <
0!
b11111111111111111111001100010001 "
b11111111111111111111001100010001 =
b1001 0
b1001 7
b1001011101011111010100010010 ;
b1001011101011111010100010010 3
b1001011101011111010100010010 9
b11001100010001011110101010011000 :
b11001100010001011110101010011000 2
b11001100010001011110101010011000 8
b1001 ?
b1001011101011111010100010010 A
b11001100010001011110101010011000 @
b1111100100 B
b10000011000 6
b10000010111 5
#1069000
b1101 <
b1010000100000000111000010100001 "
b1010000100000000111000010100001 =
b10 0
b10 7
b1010110101001110111011110101101 ;
b1010110101001110111011110101101 3
b1010110101001110111011110101101 9
b11110001100010001111100011100011 :
b11110001100010001111100011100011 2
b11110001100010001111100011100011 8
b10 ?
b1010110101001110111011110101101 A
b11110001100010001111100011100011 @
b1111100101 B
b10000011001 6
b10000011000 5
#1070000
b11 <
b1011111111001001100101110111 "
b1011111111001001100101110111 =
b1000 0
b1000 7
b110001110000100111111101100011 ;
b110001110000100111111101100011 3
b110001110000100111111101100011 9
b1011111111001001100101110111111 :
b1011111111001001100101110111111 2
b1011111111001001100101110111111 8
b1000 ?
b110001110000100111111101100011 A
b1011111111001001100101110111111 @
b1111100110 B
b10000011010 6
b10000011001 5
01
#1071000
b1101 <
1!
b0 "
b0 =
b1100 0
b1100 7
b110110010100010101100001101 ;
b110110010100010101100001101 3
b110110010100010101100001101 9
b11100001001001101100010011000010 :
b11100001001001101100010011000010 2
b11100001001001101100010011000010 8
b1100 ?
b110110010100010101100001101 A
b11100001001001101100010011000010 @
b1111100111 B
b10000011011 6
b10000011010 5
#1072000
b11000 <
b10010001101000101011001111000 ;
b10010001101000101011001111000 3
b10010001101000101011001111000 9
b10010001101000101011001111000 :
b10010001101000101011001111000 2
b10010001101000101011001111000 8
b1 0
b1 7
b101101001100101011100100110111100100000011001100110110001100001011001110011101000100000010100110101010101000010001000000110010101110001011101010110000101101100001000000110111101110000011001010111001001100001011011100110010001110011 L
1H
b10010001101000101011001111000 J
b10010001101000101011001111000 I
b1 K
b1111101000 B
b10000011101 6
b10000011011 5
#1073000
b100 0
b100 7
b10000011110 6
b101101001100101011100100110111100100000011001100110110001100001011001110011101000100000010110000100111101010010001000000110010101110001011101010110000101101100001000000110111101110000011001010111001001100001011011100110010001110011 L
b100 K
b10000011100 5
#1074000
b0 <
b0 ;
b0 3
b0 9
b10 0
b10 7
b10000011111 6
b10110100110010101110010011011110010000001100110011011000110000101100111001110100010000001000001010011100100010000100000011101110110100101110100011010000010000001111010011001010111001001101111 L
b0 J
b10 K
b10000011101 5
#1075000
b101 <
b101 ;
b101 3
b101 9
b0 :
b0 2
b0 8
b111 0
b111 7
b10000100000 6
b1011010011001010111001001101111001000000110011001101100011000010110011100111010001000000101001101001100010011000010000001111010011001010111001001101111001000000111011001100001011011000111010101100101 L
b101 J
b0 I
b111 K
b10000011110 5
11
#1076000
b1 <
0!
b10 "
b10 =
b1 ;
b1 3
b1 9
b1 :
b1 2
b1 8
b0 0
b0 7
b10000100001 6
b10110100110010101110010011011110010000001100110011011000110000101100111001110100010000001000001010001000100010000100000011011100110111101101110001011010111101001100101011100100110111100100000011100100110010101110011011101010110110001110100 L
0H
b1 J
b1 I
b0 K
b10000011111 5
#1077000
b0 <
b1 "
b1 =
b0 ;
b0 3
b0 9
b11 0
b11 7
b10000100010 6
b101101001100101011100100110111100100000011001100110110001100001011001110011101000100000010011110101001000100000011011100110111101101110001011010111101001100101011100100110111100100000011100100110010101110011011101010110110001110100 L
b0 J
b11 K
b10000100000 5
#1078000
b1 <
b1 ;
b1 3
b1 9
b0 :
b0 2
b0 8
b101 0
b101 7
b10000100011 6
b10110100110010101110010011011110010000001100110011011000110000101100111001110100010000001010011010011000101010000100000011011100110111101101110001011010111101001100101011100100110111100100000011100100110010101110011011101010110110001110100 L
b1 J
b0 I
b101 K
b10000100001 5
#1079000
r99.90557129367328 >
b10000100010 5
#1080000
01
#1085000
11
#1090000
01
#1095000
11
#1100000
01
#1105000
11
#1110000
01
#1115000
11
#1120000
01
#1125000
11
#1130000
01
#1135000
11
#1140000
01
#1145000
11
#1150000
01
#1155000
11
#1160000
01
#1165000
11
#1170000
01
#1175000
11
#1179000
